[{"fields": {"model": "permission", "name": "permission", "app_label": "auth"}, "model": "contenttypes.contenttype", "pk": 1}, {"fields": {"model": "group", "name": "group", "app_label": "auth"}, "model": "contenttypes.contenttype", "pk": 2}, {"fields": {"model": "user", "name": "user", "app_label": "auth"}, "model": "contenttypes.contenttype", "pk": 3}, {"fields": {"model": "contenttype", "name": "content type", "app_label": "contenttypes"}, "model": "contenttypes.contenttype", "pk": 4}, {"fields": {"model": "session", "name": "session", "app_label": "sessions"}, "model": "contenttypes.contenttype", "pk": 5}, {"fields": {"model": "taskmeta", "name": "task state", "app_label": "djcelery"}, "model": "contenttypes.contenttype", "pk": 6}, {"fields": {"model": "tasksetmeta", "name": "saved group result", "app_label": "djcelery"}, "model": "contenttypes.contenttype", "pk": 7}, {"fields": {"model": "intervalschedule", "name": "interval", "app_label": "djcelery"}, "model": "contenttypes.contenttype", "pk": 8}, {"fields": {"model": "crontabschedule", "name": "crontab", "app_label": "djcelery"}, "model": "contenttypes.contenttype", "pk": 9}, {"fields": {"model": "periodictasks", "name": "periodic tasks", "app_label": "djcelery"}, "model": "contenttypes.contenttype", "pk": 10}, {"fields": {"model": "periodictask", "name": "periodic task", "app_label": "djcelery"}, "model": "contenttypes.contenttype", "pk": 11}, {"fields": {"model": "workerstate", "name": "worker", "app_label": "djcelery"}, "model": "contenttypes.contenttype", "pk": 12}, {"fields": {"model": "taskstate", "name": "task", "app_label": "djcelery"}, "model": "contenttypes.contenttype", "pk": 13}, {"fields": {"model": "user", "name": "user", "app_label": "id_counter"}, "model": "contenttypes.contenttype", "pk": 14}, {"fields": {"model": "graph", "name": "graph", "app_label": "graph"}, "model": "contenttypes.contenttype", "pk": 15}, {"fields": {"model": "node", "name": "node", "app_label": "graph"}, "model": "contenttypes.contenttype", "pk": 16}, {"fields": {"model": "playermodel", "name": "player model", "app_label": "graph"}, "model": "contenttypes.contenttype", "pk": 17}, {"fields": {"model": "player", "name": "player", "app_label": "graph"}, "model": "contenttypes.contenttype", "pk": 18}, {"fields": {"model": "edge", "name": "edge", "app_label": "graph"}, "model": "contenttypes.contenttype", "pk": 19}, {"fields": {"model": "path", "name": "path", "app_label": "graph"}, "model": "contenttypes.contenttype", "pk": 20}, {"fields": {"model": "pathflowassignment", "name": "path flow assignment", "app_label": "graph"}, "model": "contenttypes.contenttype", "pk": 21}, {"fields": {"model": "gameturn", "name": "game turn", "app_label": "graph"}, "model": "contenttypes.contenttype", "pk": 22}, {"fields": {"model": "flowdistribution", "name": "flow distribution", "app_label": "graph"}, "model": "contenttypes.contenttype", "pk": 23}, {"fields": {"model": "learningrate", "name": "learning rate", "app_label": "graph"}, "model": "contenttypes.contenttype", "pk": 24}, {"fields": {"model": "edgecost", "name": "edge cost", "app_label": "graph"}, "model": "contenttypes.contenttype", "pk": 25}, {"fields": {"model": "graphcost", "name": "graph cost", "app_label": "graph"}, "model": "contenttypes.contenttype", "pk": 26}, {"fields": {"model": "game", "name": "game", "app_label": "graph"}, "model": "contenttypes.contenttype", "pk": 27}, {"fields": {"model": "request", "name": "request", "app_label": "silk"}, "model": "contenttypes.contenttype", "pk": 28}, {"fields": {"model": "response", "name": "response", "app_label": "silk"}, "model": "contenttypes.contenttype", "pk": 29}, {"fields": {"model": "sqlquery", "name": "sql query", "app_label": "silk"}, "model": "contenttypes.contenttype", "pk": 30}, {"fields": {"model": "profile", "name": "profile", "app_label": "silk"}, "model": "contenttypes.contenttype", "pk": 31}, {"fields": {"expire_date": "2016-06-09T23:41:49.424Z", "session_data": "ZjRlMWI5OTgxZDA3OTlmNzczNjgxOTg0YjMyMmFhM2NiNmJiNzE5MDp7fQ=="}, "model": "sessions.session", "pk": "0aijacxxssiozorlzosxw9iycwtfzcqc"}, {"fields": {"expire_date": "2016-06-09T21:23:04.861Z", "session_data": "ZjRlMWI5OTgxZDA3OTlmNzczNjgxOTg0YjMyMmFhM2NiNmJiNzE5MDp7fQ=="}, "model": "sessions.session", "pk": "1q6kw1ylhbqyrv5c94uwmpob000y4ah6"}, {"fields": {"expire_date": "2016-06-10T00:05:30.901Z", "session_data": "YWQzZmIyYzE0YWZiZjAwNGM1MDUxYmIwZjgyNmJkNDM2MmI2ZGU2Mzp7Il9hdXRoX3VzZXJfaGFzaCI6IjA4Y2U5NWE0NmFhYzk4Y2Y1YjEwNGQ3YjM1YzQ3ODU5MDg3OGQ0MDYiLCJfYXV0aF91c2VyX2JhY2tlbmQiOiJkamFuZ28uY29udHJpYi5hdXRoLmJhY2tlbmRzLk1vZGVsQmFja2VuZCIsIl9hdXRoX3VzZXJfaWQiOjV9"}, "model": "sessions.session", "pk": "5kuwgacr5vov25kgm25ydx53vbk0nv42"}, {"fields": {"expire_date": "2016-06-09T21:23:42.400Z", "session_data": "NDk0OWM0OTM1NDZmYzc2NjgyMjUyNTkxMmQyMTA5NzU5YzBlNTExOTp7Il9hdXRoX3VzZXJfaGFzaCI6ImVjYTI2YmQyN2RlZTY0MmVlY2QwOWM0YzM5NTQwNDMyNDliMDlmNWIiLCJfYXV0aF91c2VyX2JhY2tlbmQiOiJkamFuZ28uY29udHJpYi5hdXRoLmJhY2tlbmRzLk1vZGVsQmFja2VuZCIsIl9hdXRoX3VzZXJfaWQiOjF9"}, "model": "sessions.session", "pk": "6un6qdkjo2x2pa1byznphreldxjpc5ko"}, {"fields": {"expire_date": "2016-06-09T19:17:49.724Z", "session_data": "ZjRlMWI5OTgxZDA3OTlmNzczNjgxOTg0YjMyMmFhM2NiNmJiNzE5MDp7fQ=="}, "model": "sessions.session", "pk": "ekq42kbym1cdbl1nvhniou7ww1kbrmzf"}, {"fields": {"expire_date": "2016-06-09T19:17:54.760Z", "session_data": "ZjRlMWI5OTgxZDA3OTlmNzczNjgxOTg0YjMyMmFhM2NiNmJiNzE5MDp7fQ=="}, "model": "sessions.session", "pk": "g6wm3xhnwwcpi6hacmi4s7er5yukj2pv"}, {"fields": {"expire_date": "2016-06-09T23:57:39.252Z", "session_data": "NDk0OWM0OTM1NDZmYzc2NjgyMjUyNTkxMmQyMTA5NzU5YzBlNTExOTp7Il9hdXRoX3VzZXJfaGFzaCI6ImVjYTI2YmQyN2RlZTY0MmVlY2QwOWM0YzM5NTQwNDMyNDliMDlmNWIiLCJfYXV0aF91c2VyX2JhY2tlbmQiOiJkamFuZ28uY29udHJpYi5hdXRoLmJhY2tlbmRzLk1vZGVsQmFja2VuZCIsIl9hdXRoX3VzZXJfaWQiOjF9"}, "model": "sessions.session", "pk": "he3tnoq5yiqe1n2pkpe2dg40yo6gvm3e"}, {"fields": {"expire_date": "2016-06-09T18:43:22.022Z", "session_data": "NDk0OWM0OTM1NDZmYzc2NjgyMjUyNTkxMmQyMTA5NzU5YzBlNTExOTp7Il9hdXRoX3VzZXJfaGFzaCI6ImVjYTI2YmQyN2RlZTY0MmVlY2QwOWM0YzM5NTQwNDMyNDliMDlmNWIiLCJfYXV0aF91c2VyX2JhY2tlbmQiOiJkamFuZ28uY29udHJpYi5hdXRoLmJhY2tlbmRzLk1vZGVsQmFja2VuZCIsIl9hdXRoX3VzZXJfaWQiOjF9"}, "model": "sessions.session", "pk": "j0kzien9288wr7ovk8j9rjzu7qftocg7"}, {"fields": {"expire_date": "2016-06-09T23:41:49.436Z", "session_data": "ZjRlMWI5OTgxZDA3OTlmNzczNjgxOTg0YjMyMmFhM2NiNmJiNzE5MDp7fQ=="}, "model": "sessions.session", "pk": "ll65j29g7o7kcnprsjoldbhxpbm7gehf"}, {"fields": {"expire_date": "2016-06-09T21:23:04.036Z", "session_data": "ZjRlMWI5OTgxZDA3OTlmNzczNjgxOTg0YjMyMmFhM2NiNmJiNzE5MDp7fQ=="}, "model": "sessions.session", "pk": "nlwvxnvyrcfsz6docou9mogf64ozphuq"}, {"fields": {"expire_date": "2016-06-09T21:23:04.020Z", "session_data": "ZjRlMWI5OTgxZDA3OTlmNzczNjgxOTg0YjMyMmFhM2NiNmJiNzE5MDp7fQ=="}, "model": "sessions.session", "pk": "vb47stjdxvpwx2auuay7om305nzk38j8"}, {"fields": {"expire_date": "2016-06-09T23:42:26.611Z", "session_data": "YWQzZmIyYzE0YWZiZjAwNGM1MDUxYmIwZjgyNmJkNDM2MmI2ZGU2Mzp7Il9hdXRoX3VzZXJfaGFzaCI6IjA4Y2U5NWE0NmFhYzk4Y2Y1YjEwNGQ3YjM1YzQ3ODU5MDg3OGQ0MDYiLCJfYXV0aF91c2VyX2JhY2tlbmQiOiJkamFuZ28uY29udHJpYi5hdXRoLmJhY2tlbmRzLk1vZGVsQmFja2VuZCIsIl9hdXRoX3VzZXJfaWQiOjV9"}, "model": "sessions.session", "pk": "vu4qtn9ukp1se68mi9gp4l86lax8mcaa"}, {"fields": {"graph_ui": "{\"graph\": \"G1\", \"nodes\": [{\"index\": 0, \"reflexive\": false, \"weight\": 3, \"px\": 79, \"py\": 362, \"y\": 362, \"x\": 79, \"id\": 1}, {\"index\": 1, \"reflexive\": false, \"weight\": 4, \"px\": 102, \"py\": 248, \"y\": 248, \"x\": 102, \"id\": 2}, {\"index\": 2, \"reflexive\": false, \"weight\": 4, \"px\": 212, \"py\": 361, \"y\": 361, \"x\": 212, \"id\": 3}, {\"index\": 3, \"reflexive\": false, \"weight\": 4, \"px\": 153, \"py\": 304, \"y\": 304, \"x\": 153, \"id\": 4}, {\"index\": 4, \"reflexive\": false, \"weight\": 3, \"px\": 225, \"py\": 246, \"y\": 246, \"x\": 225, \"id\": 5}], \"game\": \"game_1\", \"links\": [{\"id\": \"9bd0597b19ba9d536215502225a06bf7\", \"source\": {\"index\": 0, \"reflexive\": false, \"weight\": 3, \"px\": 79, \"py\": 362, \"y\": 362, \"x\": 79, \"id\": 1}, \"right\": true, \"target\": {\"index\": 1, \"reflexive\": false, \"weight\": 4, \"px\": 102, \"py\": 248, \"y\": 248, \"x\": 102, \"id\": 2}, \"left\": false}, {\"id\": \"6a286d89d27563413f4e0dfc5d7eb714\", \"source\": {\"index\": 1, \"reflexive\": false, \"weight\": 4, \"px\": 102, \"py\": 248, \"y\": 248, \"x\": 102, \"id\": 2}, \"right\": true, \"target\": {\"index\": 4, \"reflexive\": false, \"weight\": 3, \"px\": 225, \"py\": 246, \"y\": 246, \"x\": 225, \"id\": 5}, \"left\": false}, {\"id\": \"175ca831d92b39d2db28eb31e9b0a26b\", \"source\": {\"index\": 1, \"reflexive\": false, \"weight\": 4, \"px\": 102, \"py\": 248, \"y\": 248, \"x\": 102, \"id\": 2}, \"right\": false, \"target\": {\"index\": 3, \"reflexive\": false, \"weight\": 4, \"px\": 153, \"py\": 304, \"y\": 304, \"x\": 153, \"id\": 4}, \"left\": true}, {\"id\": \"2d730e2573a07fda1918ba3f32c92a55\", \"source\": {\"index\": 2, \"reflexive\": false, \"weight\": 4, \"px\": 212, \"py\": 361, \"y\": 361, \"x\": 212, \"id\": 3}, \"right\": false, \"target\": {\"index\": 3, \"reflexive\": false, \"weight\": 4, \"px\": 153, \"py\": 304, \"y\": 304, \"x\": 153, \"id\": 4}, \"left\": true}, {\"id\": \"13ad62e4ea5367c5c0744dbf95619c94\", \"source\": {\"index\": 2, \"reflexive\": false, \"weight\": 4, \"px\": 212, \"py\": 361, \"y\": 361, \"x\": 212, \"id\": 3}, \"right\": true, \"target\": {\"index\": 4, \"reflexive\": false, \"weight\": 3, \"px\": 225, \"py\": 246, \"y\": 246, \"x\": 225, \"id\": 5}, \"left\": false}, {\"id\": \"90dbafdb4f7a61f4e247158e8fd76ec4\", \"source\": {\"index\": 3, \"reflexive\": false, \"weight\": 4, \"px\": 153, \"py\": 304, \"y\": 304, \"x\": 153, \"id\": 4}, \"right\": true, \"target\": {\"index\": 4, \"reflexive\": false, \"weight\": 3, \"px\": 225, \"py\": 246, \"y\": 246, \"x\": 225, \"id\": 5}, \"left\": false}, {\"id\": \"a84a1dca6589c826ec01f3c198e87d9c\", \"source\": {\"index\": 0, \"reflexive\": false, \"weight\": 3, \"px\": 79, \"py\": 362, \"y\": 362, \"x\": 79, \"id\": 1}, \"right\": true, \"target\": {\"index\": 3, \"reflexive\": false, \"weight\": 4, \"px\": 153, \"py\": 304, \"y\": 304, \"x\": 153, \"id\": 4}, \"left\": false}, {\"id\": \"e3de3a730766ae7e1ba2564e7bebfa1e\", \"source\": {\"index\": 0, \"reflexive\": false, \"weight\": 3, \"px\": 79, \"py\": 362, \"y\": 362, \"x\": 79, \"id\": 1}, \"right\": true, \"target\": {\"index\": 2, \"reflexive\": false, \"weight\": 4, \"px\": 212, \"py\": 361, \"y\": 361, \"x\": 212, \"id\": 3}, \"left\": false}, {\"id\": \"ddc3b6fc049764ea432beec22f07866c\", \"source\": {\"index\": 1, \"reflexive\": false, \"weight\": 4, \"px\": 102, \"py\": 248, \"y\": 248, \"x\": 102, \"id\": 2}, \"right\": false, \"target\": {\"index\": 2, \"reflexive\": false, \"weight\": 4, \"px\": 212, \"py\": 361, \"y\": 361, \"x\": 212, \"id\": 3}, \"left\": true}]}"}, "model": "graph.graph", "pk": "G1"}, {"fields": {"graph_ui": ""}, "model": "graph.graph", "pk": "useless_2"}, {"fields": {"graph_ui": ""}, "model": "graph.graph", "pk": "useless_3"}, {"fields": {"graph_ui": ""}, "model": "graph.graph", "pk": "useless_4"}, {"fields": {"graph_ui": ""}, "model": "graph.graph", "pk": "useless_5"}, {"fields": {"graph": "G1", "ui_id": 3}, "model": "graph.node", "pk": "010e73e4-c023-4401-8b10-8eb68be1c75e"}, {"fields": {"graph": "G1", "ui_id": 5}, "model": "graph.node", "pk": "5a92b8f1-a3b4-41e5-b47a-6b8a5258bfbc"}, {"fields": {"graph": "G1", "ui_id": 4}, "model": "graph.node", "pk": "add5eef3-d568-4ec8-8ce2-4165b6fb129f"}, {"fields": {"graph": "G1", "ui_id": 1}, "model": "graph.node", "pk": "b837963e-a63b-4854-b67e-ebaa4953ed38"}, {"fields": {"graph": "G1", "ui_id": 2}, "model": "graph.node", "pk": "d1de5f7d-bdbb-40f3-a25d-1179a65e1663"}, {"fields": {"destination_node": "5a92b8f1-a3b4-41e5-b47a-6b8a5258bfbc", "graph": "G1", "in_use": true, "flow": 1.0, "normalization_const": 0.7077884466581221, "start_node": "b837963e-a63b-4854-b67e-ebaa4953ed38", "historic_player": "ai_playeruser_1ai_playeruser_4ai_playeruser_2"}, "model": "graph.playermodel", "pk": "G1_PM1"}, {"fields": {"graph": "G1", "cost_function": "x", "to_node": "5a92b8f1-a3b4-41e5-b47a-6b8a5258bfbc", "from_node": "010e73e4-c023-4401-8b10-8eb68be1c75e"}, "model": "graph.edge", "pk": "13ad62e4ea5367c5c0744dbf95619c94"}, {"fields": {"graph": "G1", "cost_function": "x", "to_node": "d1de5f7d-bdbb-40f3-a25d-1179a65e1663", "from_node": "add5eef3-d568-4ec8-8ce2-4165b6fb129f"}, "model": "graph.edge", "pk": "175ca831d92b39d2db28eb31e9b0a26b"}, {"fields": {"graph": "G1", "cost_function": "x", "to_node": "010e73e4-c023-4401-8b10-8eb68be1c75e", "from_node": "add5eef3-d568-4ec8-8ce2-4165b6fb129f"}, "model": "graph.edge", "pk": "2d730e2573a07fda1918ba3f32c92a55"}, {"fields": {"graph": "G1", "cost_function": "x", "to_node": "5a92b8f1-a3b4-41e5-b47a-6b8a5258bfbc", "from_node": "d1de5f7d-bdbb-40f3-a25d-1179a65e1663"}, "model": "graph.edge", "pk": "6a286d89d27563413f4e0dfc5d7eb714"}, {"fields": {"graph": "G1", "cost_function": "x", "to_node": "5a92b8f1-a3b4-41e5-b47a-6b8a5258bfbc", "from_node": "add5eef3-d568-4ec8-8ce2-4165b6fb129f"}, "model": "graph.edge", "pk": "90dbafdb4f7a61f4e247158e8fd76ec4"}, {"fields": {"graph": "G1", "cost_function": "x", "to_node": "d1de5f7d-bdbb-40f3-a25d-1179a65e1663", "from_node": "b837963e-a63b-4854-b67e-ebaa4953ed38"}, "model": "graph.edge", "pk": "9bd0597b19ba9d536215502225a06bf7"}, {"fields": {"graph": "G1", "cost_function": "x", "to_node": "add5eef3-d568-4ec8-8ce2-4165b6fb129f", "from_node": "b837963e-a63b-4854-b67e-ebaa4953ed38"}, "model": "graph.edge", "pk": "a84a1dca6589c826ec01f3c198e87d9c"}, {"fields": {"graph": "G1", "cost_function": "x", "to_node": "d1de5f7d-bdbb-40f3-a25d-1179a65e1663", "from_node": "010e73e4-c023-4401-8b10-8eb68be1c75e"}, "model": "graph.edge", "pk": "ddc3b6fc049764ea432beec22f07866c"}, {"fields": {"graph": "G1", "cost_function": "x", "to_node": "010e73e4-c023-4401-8b10-8eb68be1c75e", "from_node": "b837963e-a63b-4854-b67e-ebaa4953ed38"}, "model": "graph.edge", "pk": "e3de3a730766ae7e1ba2564e7bebfa1e"}, {"fields": {"graph": "G1", "edges": ["6a286d89d27563413f4e0dfc5d7eb714", "9bd0597b19ba9d536215502225a06bf7"], "player_model": "G1_PM1"}, "model": "graph.path", "pk": 1}, {"fields": {"graph": "G1", "edges": ["6a286d89d27563413f4e0dfc5d7eb714", "ddc3b6fc049764ea432beec22f07866c", "e3de3a730766ae7e1ba2564e7bebfa1e"], "player_model": "G1_PM1"}, "model": "graph.path", "pk": 2}, {"fields": {"graph": "G1", "edges": ["13ad62e4ea5367c5c0744dbf95619c94", "e3de3a730766ae7e1ba2564e7bebfa1e"], "player_model": "G1_PM1"}, "model": "graph.path", "pk": 3}, {"fields": {"graph": "G1", "edges": ["175ca831d92b39d2db28eb31e9b0a26b", "6a286d89d27563413f4e0dfc5d7eb714", "a84a1dca6589c826ec01f3c198e87d9c"], "player_model": "G1_PM1"}, "model": "graph.path", "pk": 4}, {"fields": {"graph": "G1", "edges": ["2d730e2573a07fda1918ba3f32c92a55", "6a286d89d27563413f4e0dfc5d7eb714", "a84a1dca6589c826ec01f3c198e87d9c", "ddc3b6fc049764ea432beec22f07866c"], "player_model": "G1_PM1"}, "model": "graph.path", "pk": 5}, {"fields": {"graph": "G1", "edges": ["13ad62e4ea5367c5c0744dbf95619c94", "2d730e2573a07fda1918ba3f32c92a55", "a84a1dca6589c826ec01f3c198e87d9c"], "player_model": "G1_PM1"}, "model": "graph.path", "pk": 6}, {"fields": {"graph": "G1", "edges": ["90dbafdb4f7a61f4e247158e8fd76ec4", "a84a1dca6589c826ec01f3c198e87d9c"], "player_model": "G1_PM1"}, "model": "graph.path", "pk": 7}, {"fields": {"path": 1, "flow": 0.14285714285714288}, "model": "graph.pathflowassignment", "pk": 1}, {"fields": {"path": 2, "flow": 0.14285714285714288}, "model": "graph.pathflowassignment", "pk": 2}, {"fields": {"path": 3, "flow": 0.14285714285714288}, "model": "graph.pathflowassignment", "pk": 3}, {"fields": {"path": 4, "flow": 0.14285714285714288}, "model": "graph.pathflowassignment", "pk": 4}, {"fields": {"path": 5, "flow": 0.14285714285714288}, "model": "graph.pathflowassignment", "pk": 5}, {"fields": {"path": 6, "flow": 0.14285714285714288}, "model": "graph.pathflowassignment", "pk": 6}, {"fields": {"path": 7, "flow": 0.14285714285714288}, "model": "graph.pathflowassignment", "pk": 7}, {"fields": {"path": 1, "flow": 0.07142857142857144}, "model": "graph.pathflowassignment", "pk": 8}, {"fields": {"path": 2, "flow": 0.07142857142857144}, "model": "graph.pathflowassignment", "pk": 9}, {"fields": {"path": 3, "flow": 0.07142857142857144}, "model": "graph.pathflowassignment", "pk": 10}, {"fields": {"path": 4, "flow": 0.07142857142857144}, "model": "graph.pathflowassignment", "pk": 11}, {"fields": {"path": 5, "flow": 0.07142857142857144}, "model": "graph.pathflowassignment", "pk": 12}, {"fields": {"path": 6, "flow": 0.07142857142857144}, "model": "graph.pathflowassignment", "pk": 13}, {"fields": {"path": 7, "flow": 0.07142857142857144}, "model": "graph.pathflowassignment", "pk": 14}, {"fields": {"path": 1, "flow": 0.07142857142857142}, "model": "graph.pathflowassignment", "pk": 15}, {"fields": {"path": 2, "flow": 0.07142857142857142}, "model": "graph.pathflowassignment", "pk": 16}, {"fields": {"path": 3, "flow": 0.07142857142857142}, "model": "graph.pathflowassignment", "pk": 17}, {"fields": {"path": 4, "flow": 0.07142857142857142}, "model": "graph.pathflowassignment", "pk": 18}, {"fields": {"path": 5, "flow": 0.07142857142857142}, "model": "graph.pathflowassignment", "pk": 19}, {"fields": {"path": 6, "flow": 0.07142857142857142}, "model": "graph.pathflowassignment", "pk": 20}, {"fields": {"path": 7, "flow": 0.07142857142857142}, "model": "graph.pathflowassignment", "pk": 21}, {"fields": {"path": 1, "flow": 0.07142857142857142}, "model": "graph.pathflowassignment", "pk": 22}, {"fields": {"path": 2, "flow": 0.07142857142857142}, "model": "graph.pathflowassignment", "pk": 23}, {"fields": {"path": 3, "flow": 0.07142857142857142}, "model": "graph.pathflowassignment", "pk": 24}, {"fields": {"path": 4, "flow": 0.07142857142857142}, "model": "graph.pathflowassignment", "pk": 25}, {"fields": {"path": 5, "flow": 0.07142857142857142}, "model": "graph.pathflowassignment", "pk": 26}, {"fields": {"path": 6, "flow": 0.07142857142857142}, "model": "graph.pathflowassignment", "pk": 27}, {"fields": {"path": 7, "flow": 0.07142857142857142}, "model": "graph.pathflowassignment", "pk": 28}, {"fields": {"path": 1, "flow": 0.09278089187421183}, "model": "graph.pathflowassignment", "pk": 29}, {"fields": {"path": 2, "flow": 0.06044109675942733}, "model": "graph.pathflowassignment", "pk": 30}, {"fields": {"path": 3, "flow": 0.10702878906123874}, "model": "graph.pathflowassignment", "pk": 31}, {"fields": {"path": 4, "flow": 0.052395051017409884}, "model": "graph.pathflowassignment", "pk": 32}, {"fields": {"path": 5, "flow": 0.03413218265407307}, "model": "graph.pathflowassignment", "pk": 33}, {"fields": {"path": 6, "flow": 0.06044109675942733}, "model": "graph.pathflowassignment", "pk": 34}, {"fields": {"path": 7, "flow": 0.09278089187421183}, "model": "graph.pathflowassignment", "pk": 35}, {"fields": {"path": 1, "flow": 0.07142857142857142}, "model": "graph.pathflowassignment", "pk": 36}, {"fields": {"path": 2, "flow": 0.07142857142857142}, "model": "graph.pathflowassignment", "pk": 37}, {"fields": {"path": 3, "flow": 0.07142857142857142}, "model": "graph.pathflowassignment", "pk": 38}, {"fields": {"path": 4, "flow": 0.07142857142857142}, "model": "graph.pathflowassignment", "pk": 39}, {"fields": {"path": 5, "flow": 0.07142857142857142}, "model": "graph.pathflowassignment", "pk": 40}, {"fields": {"path": 6, "flow": 0.07142857142857142}, "model": "graph.pathflowassignment", "pk": 41}, {"fields": {"path": 7, "flow": 0.07142857142857142}, "model": "graph.pathflowassignment", "pk": 42}, {"fields": {"path": 1, "flow": 0.10397022032932954}, "model": "graph.pathflowassignment", "pk": 43}, {"fields": {"path": 2, "flow": 0.051641401406001264}, "model": "graph.pathflowassignment", "pk": 44}, {"fields": {"path": 3, "flow": 0.12593493694132285}, "model": "graph.pathflowassignment", "pk": 45}, {"fields": {"path": 4, "flow": 0.04166553281686865}, "model": "graph.pathflowassignment", "pk": 46}, {"fields": {"path": 5, "flow": 0.02117628677114687}, "model": "graph.pathflowassignment", "pk": 47}, {"fields": {"path": 6, "flow": 0.051641401406001264}, "model": "graph.pathflowassignment", "pk": 48}, {"fields": {"path": 7, "flow": 0.10397022032932954}, "model": "graph.pathflowassignment", "pk": 49}, {"fields": {"path": 1, "flow": 0.07142857142857142}, "model": "graph.pathflowassignment", "pk": 50}, {"fields": {"path": 2, "flow": 0.07142857142857142}, "model": "graph.pathflowassignment", "pk": 51}, {"fields": {"path": 3, "flow": 0.07142857142857142}, "model": "graph.pathflowassignment", "pk": 52}, {"fields": {"path": 4, "flow": 0.07142857142857142}, "model": "graph.pathflowassignment", "pk": 53}, {"fields": {"path": 5, "flow": 0.07142857142857142}, "model": "graph.pathflowassignment", "pk": 54}, {"fields": {"path": 6, "flow": 0.07142857142857142}, "model": "graph.pathflowassignment", "pk": 55}, {"fields": {"path": 7, "flow": 0.07142857142857142}, "model": "graph.pathflowassignment", "pk": 56}, {"fields": {"path": 1, "flow": 0.07142857142857144}, "model": "graph.pathflowassignment", "pk": 57}, {"fields": {"path": 2, "flow": 0.07142857142857144}, "model": "graph.pathflowassignment", "pk": 58}, {"fields": {"path": 3, "flow": 0.07142857142857144}, "model": "graph.pathflowassignment", "pk": 59}, {"fields": {"path": 4, "flow": 0.07142857142857144}, "model": "graph.pathflowassignment", "pk": 60}, {"fields": {"path": 5, "flow": 0.07142857142857144}, "model": "graph.pathflowassignment", "pk": 61}, {"fields": {"path": 6, "flow": 0.07142857142857144}, "model": "graph.pathflowassignment", "pk": 62}, {"fields": {"path": 7, "flow": 0.07142857142857144}, "model": "graph.pathflowassignment", "pk": 63}, {"fields": {"path": 1, "flow": 0.04761904761904762}, "model": "graph.pathflowassignment", "pk": 64}, {"fields": {"path": 2, "flow": 0.04761904761904762}, "model": "graph.pathflowassignment", "pk": 65}, {"fields": {"path": 3, "flow": 0.04761904761904762}, "model": "graph.pathflowassignment", "pk": 66}, {"fields": {"path": 4, "flow": 0.04761904761904762}, "model": "graph.pathflowassignment", "pk": 67}, {"fields": {"path": 5, "flow": 0.04761904761904762}, "model": "graph.pathflowassignment", "pk": 68}, {"fields": {"path": 6, "flow": 0.04761904761904762}, "model": "graph.pathflowassignment", "pk": 69}, {"fields": {"path": 7, "flow": 0.04761904761904762}, "model": "graph.pathflowassignment", "pk": 70}, {"fields": {"path": 1, "flow": 0.04761904761904762}, "model": "graph.pathflowassignment", "pk": 71}, {"fields": {"path": 2, "flow": 0.04761904761904762}, "model": "graph.pathflowassignment", "pk": 72}, {"fields": {"path": 3, "flow": 0.04761904761904762}, "model": "graph.pathflowassignment", "pk": 73}, {"fields": {"path": 4, "flow": 0.04761904761904762}, "model": "graph.pathflowassignment", "pk": 74}, {"fields": {"path": 5, "flow": 0.04761904761904762}, "model": "graph.pathflowassignment", "pk": 75}, {"fields": {"path": 6, "flow": 0.04761904761904762}, "model": "graph.pathflowassignment", "pk": 76}, {"fields": {"path": 7, "flow": 0.04761904761904762}, "model": "graph.pathflowassignment", "pk": 77}, {"fields": {"path": 1, "flow": 0.03571428571428572}, "model": "graph.pathflowassignment", "pk": 78}, {"fields": {"path": 2, "flow": 0.03571428571428572}, "model": "graph.pathflowassignment", "pk": 79}, {"fields": {"path": 3, "flow": 0.03571428571428572}, "model": "graph.pathflowassignment", "pk": 80}, {"fields": {"path": 4, "flow": 0.03571428571428572}, "model": "graph.pathflowassignment", "pk": 81}, {"fields": {"path": 5, "flow": 0.03571428571428572}, "model": "graph.pathflowassignment", "pk": 82}, {"fields": {"path": 6, "flow": 0.03571428571428572}, "model": "graph.pathflowassignment", "pk": 83}, {"fields": {"path": 7, "flow": 0.03571428571428572}, "model": "graph.pathflowassignment", "pk": 84}, {"fields": {"path": 1, "flow": 0.03571428571428571}, "model": "graph.pathflowassignment", "pk": 85}, {"fields": {"path": 2, "flow": 0.03571428571428571}, "model": "graph.pathflowassignment", "pk": 86}, {"fields": {"path": 3, "flow": 0.03571428571428571}, "model": "graph.pathflowassignment", "pk": 87}, {"fields": {"path": 4, "flow": 0.03571428571428571}, "model": "graph.pathflowassignment", "pk": 88}, {"fields": {"path": 5, "flow": 0.03571428571428571}, "model": "graph.pathflowassignment", "pk": 89}, {"fields": {"path": 6, "flow": 0.03571428571428571}, "model": "graph.pathflowassignment", "pk": 90}, {"fields": {"path": 7, "flow": 0.03571428571428571}, "model": "graph.pathflowassignment", "pk": 91}, {"fields": {"path": 1, "flow": 0.03571428571428571}, "model": "graph.pathflowassignment", "pk": 92}, {"fields": {"path": 2, "flow": 0.03571428571428571}, "model": "graph.pathflowassignment", "pk": 93}, {"fields": {"path": 3, "flow": 0.03571428571428571}, "model": "graph.pathflowassignment", "pk": 94}, {"fields": {"path": 4, "flow": 0.03571428571428571}, "model": "graph.pathflowassignment", "pk": 95}, {"fields": {"path": 5, "flow": 0.03571428571428571}, "model": "graph.pathflowassignment", "pk": 96}, {"fields": {"path": 6, "flow": 0.03571428571428571}, "model": "graph.pathflowassignment", "pk": 97}, {"fields": {"path": 7, "flow": 0.03571428571428571}, "model": "graph.pathflowassignment", "pk": 98}, {"fields": {"path": 1, "flow": 0.03571428571428571}, "model": "graph.pathflowassignment", "pk": 99}, {"fields": {"path": 2, "flow": 0.03571428571428571}, "model": "graph.pathflowassignment", "pk": 100}, {"fields": {"path": 3, "flow": 0.03571428571428571}, "model": "graph.pathflowassignment", "pk": 101}, {"fields": {"path": 4, "flow": 0.03571428571428571}, "model": "graph.pathflowassignment", "pk": 102}, {"fields": {"path": 5, "flow": 0.03571428571428571}, "model": "graph.pathflowassignment", "pk": 103}, {"fields": {"path": 6, "flow": 0.03571428571428571}, "model": "graph.pathflowassignment", "pk": 104}, {"fields": {"path": 7, "flow": 0.03571428571428571}, "model": "graph.pathflowassignment", "pk": 105}, {"fields": {"iteration": 0, "graph_cost": null, "game_object": null}, "model": "graph.gameturn", "pk": 1}, {"fields": {"iteration": 0, "graph_cost": 1, "game_object": null}, "model": "graph.gameturn", "pk": 2}, {"fields": {"iteration": 1, "graph_cost": 2, "game_object": "game_2"}, "model": "graph.gameturn", "pk": 3}, {"fields": {"iteration": 2, "graph_cost": 3, "game_object": "game_2"}, "model": "graph.gameturn", "pk": 4}, {"fields": {"iteration": 3, "graph_cost": null, "game_object": "game_2"}, "model": "graph.gameturn", "pk": 5}, {"fields": {"iteration": 0, "graph_cost": null, "game_object": null}, "model": "graph.gameturn", "pk": 6}, {"fields": {"iteration": 0, "graph_cost": 4, "game_object": null}, "model": "graph.gameturn", "pk": 7}, {"fields": {"iteration": 1, "graph_cost": null, "game_object": "game_4"}, "model": "graph.gameturn", "pk": 8}, {"fields": {"iteration": 0, "graph_cost": null, "game_object": null}, "model": "graph.gameturn", "pk": 9}, {"fields": {"player": 3, "path_assignments": [15, 16, 17, 18, 19, 20, 21], "turn": 2}, "model": "graph.flowdistribution", "pk": 1}, {"fields": {"player": 2, "path_assignments": [22, 23, 24, 25, 26, 27, 28], "turn": 2}, "model": "graph.flowdistribution", "pk": 2}, {"fields": {"player": 3, "path_assignments": [29, 30, 31, 32, 33, 34, 35], "turn": 3}, "model": "graph.flowdistribution", "pk": 3}, {"fields": {"player": 2, "path_assignments": [36, 37, 38, 39, 40, 41, 42], "turn": 3}, "model": "graph.flowdistribution", "pk": 4}, {"fields": {"player": 3, "path_assignments": [43, 44, 45, 46, 47, 48, 49], "turn": 4}, "model": "graph.flowdistribution", "pk": 5}, {"fields": {"player": 2, "path_assignments": [50, 51, 52, 53, 54, 55, 56], "turn": 4}, "model": "graph.flowdistribution", "pk": 6}, {"fields": {"player": 3, "path_assignments": [85, 86, 87, 88, 89, 90, 91], "turn": 7}, "model": "graph.flowdistribution", "pk": 7}, {"fields": {"player": 4, "path_assignments": [99, 100, 101, 102, 103, 104, 105], "turn": 7}, "model": "graph.flowdistribution", "pk": 8}, {"fields": {"player": 5, "path_assignments": [92, 93, 94, 95, 96, 97, 98], "turn": 7}, "model": "graph.flowdistribution", "pk": 9}, {"fields": {"edge": "13ad62e4ea5367c5c0744dbf95619c94", "cost": 0.2857142857142857}, "model": "graph.edgecost", "pk": 1}, {"fields": {"edge": "175ca831d92b39d2db28eb31e9b0a26b", "cost": 0.14285714285714285}, "model": "graph.edgecost", "pk": 2}, {"fields": {"edge": "2d730e2573a07fda1918ba3f32c92a55", "cost": 0.2857142857142857}, "model": "graph.edgecost", "pk": 3}, {"fields": {"edge": "6a286d89d27563413f4e0dfc5d7eb714", "cost": 0.5714285714285713}, "model": "graph.edgecost", "pk": 4}, {"fields": {"edge": "90dbafdb4f7a61f4e247158e8fd76ec4", "cost": 0.14285714285714285}, "model": "graph.edgecost", "pk": 5}, {"fields": {"edge": "9bd0597b19ba9d536215502225a06bf7", "cost": 0.14285714285714285}, "model": "graph.edgecost", "pk": 6}, {"fields": {"edge": "a84a1dca6589c826ec01f3c198e87d9c", "cost": 0.5714285714285713}, "model": "graph.edgecost", "pk": 7}, {"fields": {"edge": "ddc3b6fc049764ea432beec22f07866c", "cost": 0.2857142857142857}, "model": "graph.edgecost", "pk": 8}, {"fields": {"edge": "e3de3a730766ae7e1ba2564e7bebfa1e", "cost": 0.2857142857142857}, "model": "graph.edgecost", "pk": 9}, {"fields": {"edge": "13ad62e4ea5367c5c0744dbf95619c94", "cost": 0.3103270286778089}, "model": "graph.edgecost", "pk": 10}, {"fields": {"edge": "175ca831d92b39d2db28eb31e9b0a26b", "cost": 0.1238236224459813}, "model": "graph.edgecost", "pk": 11}, {"fields": {"edge": "2d730e2573a07fda1918ba3f32c92a55", "cost": 0.23743042227064326}, "model": "graph.edgecost", "pk": 12}, {"fields": {"edge": "6a286d89d27563413f4e0dfc5d7eb714", "cost": 0.5254635080194078}, "model": "graph.edgecost", "pk": 13}, {"fields": {"edge": "90dbafdb4f7a61f4e247158e8fd76ec4", "cost": 0.16420946330278324}, "model": "graph.edgecost", "pk": 14}, {"fields": {"edge": "9bd0597b19ba9d536215502225a06bf7", "cost": 0.16420946330278324}, "model": "graph.edgecost", "pk": 15}, {"fields": {"edge": "a84a1dca6589c826ec01f3c198e87d9c", "cost": 0.5254635080194078}, "model": "graph.edgecost", "pk": 16}, {"fields": {"edge": "ddc3b6fc049764ea432beec22f07866c", "cost": 0.23743042227064326}, "model": "graph.edgecost", "pk": 17}, {"fields": {"edge": "e3de3a730766ae7e1ba2564e7bebfa1e", "cost": 0.3103270286778089}, "model": "graph.edgecost", "pk": 18}, {"fields": {"edge": "13ad62e4ea5367c5c0744dbf95619c94", "cost": 0.32043348120446696}, "model": "graph.edgecost", "pk": 19}, {"fields": {"edge": "175ca831d92b39d2db28eb31e9b0a26b", "cost": 0.11309410424544007}, "model": "graph.edgecost", "pk": 20}, {"fields": {"edge": "2d730e2573a07fda1918ba3f32c92a55", "cost": 0.215674831034291}, "model": "graph.edgecost", "pk": 21}, {"fields": {"edge": "6a286d89d27563413f4e0dfc5d7eb714", "cost": 0.5041677270376319}, "model": "graph.edgecost", "pk": 22}, {"fields": {"edge": "90dbafdb4f7a61f4e247158e8fd76ec4", "cost": 0.17539879175790096}, "model": "graph.edgecost", "pk": 23}, {"fields": {"edge": "9bd0597b19ba9d536215502225a06bf7", "cost": 0.17539879175790096}, "model": "graph.edgecost", "pk": 24}, {"fields": {"edge": "a84a1dca6589c826ec01f3c198e87d9c", "cost": 0.5041677270376319}, "model": "graph.edgecost", "pk": 25}, {"fields": {"edge": "ddc3b6fc049764ea432beec22f07866c", "cost": 0.215674831034291}, "model": "graph.edgecost", "pk": 26}, {"fields": {"edge": "e3de3a730766ae7e1ba2564e7bebfa1e", "cost": 0.32043348120446696}, "model": "graph.edgecost", "pk": 27}, {"fields": {"edge": "13ad62e4ea5367c5c0744dbf95619c94", "cost": 0.21428571428571425}, "model": "graph.edgecost", "pk": 28}, {"fields": {"edge": "175ca831d92b39d2db28eb31e9b0a26b", "cost": 0.10714285714285714}, "model": "graph.edgecost", "pk": 29}, {"fields": {"edge": "2d730e2573a07fda1918ba3f32c92a55", "cost": 0.21428571428571425}, "model": "graph.edgecost", "pk": 30}, {"fields": {"edge": "6a286d89d27563413f4e0dfc5d7eb714", "cost": 0.42857142857142844}, "model": "graph.edgecost", "pk": 31}, {"fields": {"edge": "90dbafdb4f7a61f4e247158e8fd76ec4", "cost": 0.10714285714285714}, "model": "graph.edgecost", "pk": 32}, {"fields": {"edge": "9bd0597b19ba9d536215502225a06bf7", "cost": 0.10714285714285714}, "model": "graph.edgecost", "pk": 33}, {"fields": {"edge": "a84a1dca6589c826ec01f3c198e87d9c", "cost": 0.42857142857142844}, "model": "graph.edgecost", "pk": 34}, {"fields": {"edge": "ddc3b6fc049764ea432beec22f07866c", "cost": 0.21428571428571425}, "model": "graph.edgecost", "pk": 35}, {"fields": {"edge": "e3de3a730766ae7e1ba2564e7bebfa1e", "cost": 0.21428571428571425}, "model": "graph.edgecost", "pk": 36}, {"fields": {"graph": "G1", "edge_costs": [1, 2, 3, 4, 5, 6, 7, 8, 9]}, "model": "graph.graphcost", "pk": 1}, {"fields": {"graph": "G1", "edge_costs": [10, 11, 12, 13, 14, 15, 16, 17, 18]}, "model": "graph.graphcost", "pk": 2}, {"fields": {"graph": "G1", "edge_costs": [19, 20, 21, 22, 23, 24, 25, 26, 27]}, "model": "graph.graphcost", "pk": 3}, {"fields": {"graph": "G1", "edge_costs": [28, 29, 30, 31, 32, 33, 34, 35, 36]}, "model": "graph.graphcost", "pk": 4}, {"fields": {"current_turn": 1, "single_slider_mode": false, "started": false, "graph": "useless_2", "game_loop_time": null, "currently_in_use": false, "edge_highlight": true, "stopped": true, "turns": [], "duration": 30}, "model": "graph.game", "pk": "game_1"}, {"fields": {"current_turn": 5, "single_slider_mode": false, "started": true, "graph": "useless_3", "game_loop_time": "2016-05-27T00:02:55.745Z", "currently_in_use": false, "edge_highlight": true, "stopped": true, "turns": [2, 3, 4], "duration": 30}, "model": "graph.game", "pk": "game_2"}, {"fields": {"current_turn": 6, "single_slider_mode": false, "started": false, "graph": "useless_4", "game_loop_time": null, "currently_in_use": false, "edge_highlight": true, "stopped": true, "turns": [], "duration": 30}, "model": "graph.game", "pk": "game_3"}, {"fields": {"current_turn": 8, "single_slider_mode": false, "started": true, "graph": "useless_5", "game_loop_time": "2016-05-27T00:05:43.950Z", "currently_in_use": false, "edge_highlight": true, "stopped": true, "turns": [7], "duration": 30}, "model": "graph.game", "pk": "game_4"}, {"fields": {"current_turn": 9, "single_slider_mode": false, "started": false, "graph": "G1", "game_loop_time": null, "currently_in_use": true, "edge_highlight": true, "stopped": false, "turns": [], "duration": 30}, "model": "graph.game", "pk": "game_5"}, {"fields": {"codename": "add_permission", "name": "Can add permission", "content_type": 1}, "model": "auth.permission", "pk": 1}, {"fields": {"codename": "change_permission", "name": "Can change permission", "content_type": 1}, "model": "auth.permission", "pk": 2}, {"fields": {"codename": "delete_permission", "name": "Can delete permission", "content_type": 1}, "model": "auth.permission", "pk": 3}, {"fields": {"codename": "add_group", "name": "Can add group", "content_type": 2}, "model": "auth.permission", "pk": 4}, {"fields": {"codename": "change_group", "name": "Can change group", "content_type": 2}, "model": "auth.permission", "pk": 5}, {"fields": {"codename": "delete_group", "name": "Can delete group", "content_type": 2}, "model": "auth.permission", "pk": 6}, {"fields": {"codename": "add_user", "name": "Can add user", "content_type": 3}, "model": "auth.permission", "pk": 7}, {"fields": {"codename": "change_user", "name": "Can change user", "content_type": 3}, "model": "auth.permission", "pk": 8}, {"fields": {"codename": "delete_user", "name": "Can delete user", "content_type": 3}, "model": "auth.permission", "pk": 9}, {"fields": {"codename": "add_contenttype", "name": "Can add content type", "content_type": 4}, "model": "auth.permission", "pk": 10}, {"fields": {"codename": "change_contenttype", "name": "Can change content type", "content_type": 4}, "model": "auth.permission", "pk": 11}, {"fields": {"codename": "delete_contenttype", "name": "Can delete content type", "content_type": 4}, "model": "auth.permission", "pk": 12}, {"fields": {"codename": "add_session", "name": "Can add session", "content_type": 5}, "model": "auth.permission", "pk": 13}, {"fields": {"codename": "change_session", "name": "Can change session", "content_type": 5}, "model": "auth.permission", "pk": 14}, {"fields": {"codename": "delete_session", "name": "Can delete session", "content_type": 5}, "model": "auth.permission", "pk": 15}, {"fields": {"codename": "add_taskmeta", "name": "Can add task state", "content_type": 6}, "model": "auth.permission", "pk": 16}, {"fields": {"codename": "change_taskmeta", "name": "Can change task state", "content_type": 6}, "model": "auth.permission", "pk": 17}, {"fields": {"codename": "delete_taskmeta", "name": "Can delete task state", "content_type": 6}, "model": "auth.permission", "pk": 18}, {"fields": {"codename": "add_tasksetmeta", "name": "Can add saved group result", "content_type": 7}, "model": "auth.permission", "pk": 19}, {"fields": {"codename": "change_tasksetmeta", "name": "Can change saved group result", "content_type": 7}, "model": "auth.permission", "pk": 20}, {"fields": {"codename": "delete_tasksetmeta", "name": "Can delete saved group result", "content_type": 7}, "model": "auth.permission", "pk": 21}, {"fields": {"codename": "add_intervalschedule", "name": "Can add interval", "content_type": 8}, "model": "auth.permission", "pk": 22}, {"fields": {"codename": "change_intervalschedule", "name": "Can change interval", "content_type": 8}, "model": "auth.permission", "pk": 23}, {"fields": {"codename": "delete_intervalschedule", "name": "Can delete interval", "content_type": 8}, "model": "auth.permission", "pk": 24}, {"fields": {"codename": "add_crontabschedule", "name": "Can add crontab", "content_type": 9}, "model": "auth.permission", "pk": 25}, {"fields": {"codename": "change_crontabschedule", "name": "Can change crontab", "content_type": 9}, "model": "auth.permission", "pk": 26}, {"fields": {"codename": "delete_crontabschedule", "name": "Can delete crontab", "content_type": 9}, "model": "auth.permission", "pk": 27}, {"fields": {"codename": "add_periodictasks", "name": "Can add periodic tasks", "content_type": 10}, "model": "auth.permission", "pk": 28}, {"fields": {"codename": "change_periodictasks", "name": "Can change periodic tasks", "content_type": 10}, "model": "auth.permission", "pk": 29}, {"fields": {"codename": "delete_periodictasks", "name": "Can delete periodic tasks", "content_type": 10}, "model": "auth.permission", "pk": 30}, {"fields": {"codename": "add_periodictask", "name": "Can add periodic task", "content_type": 11}, "model": "auth.permission", "pk": 31}, {"fields": {"codename": "change_periodictask", "name": "Can change periodic task", "content_type": 11}, "model": "auth.permission", "pk": 32}, {"fields": {"codename": "delete_periodictask", "name": "Can delete periodic task", "content_type": 11}, "model": "auth.permission", "pk": 33}, {"fields": {"codename": "add_workerstate", "name": "Can add worker", "content_type": 12}, "model": "auth.permission", "pk": 34}, {"fields": {"codename": "change_workerstate", "name": "Can change worker", "content_type": 12}, "model": "auth.permission", "pk": 35}, {"fields": {"codename": "delete_workerstate", "name": "Can delete worker", "content_type": 12}, "model": "auth.permission", "pk": 36}, {"fields": {"codename": "add_taskstate", "name": "Can add task", "content_type": 13}, "model": "auth.permission", "pk": 37}, {"fields": {"codename": "change_taskstate", "name": "Can change task", "content_type": 13}, "model": "auth.permission", "pk": 38}, {"fields": {"codename": "delete_taskstate", "name": "Can delete task", "content_type": 13}, "model": "auth.permission", "pk": 39}, {"fields": {"codename": "add_user", "name": "Can add user", "content_type": 14}, "model": "auth.permission", "pk": 40}, {"fields": {"codename": "change_user", "name": "Can change user", "content_type": 14}, "model": "auth.permission", "pk": 41}, {"fields": {"codename": "delete_user", "name": "Can delete user", "content_type": 14}, "model": "auth.permission", "pk": 42}, {"fields": {"codename": "add_graph", "name": "Can add graph", "content_type": 15}, "model": "auth.permission", "pk": 43}, {"fields": {"codename": "change_graph", "name": "Can change graph", "content_type": 15}, "model": "auth.permission", "pk": 44}, {"fields": {"codename": "delete_graph", "name": "Can delete graph", "content_type": 15}, "model": "auth.permission", "pk": 45}, {"fields": {"codename": "add_node", "name": "Can add node", "content_type": 16}, "model": "auth.permission", "pk": 46}, {"fields": {"codename": "change_node", "name": "Can change node", "content_type": 16}, "model": "auth.permission", "pk": 47}, {"fields": {"codename": "delete_node", "name": "Can delete node", "content_type": 16}, "model": "auth.permission", "pk": 48}, {"fields": {"codename": "add_playermodel", "name": "Can add player model", "content_type": 17}, "model": "auth.permission", "pk": 49}, {"fields": {"codename": "change_playermodel", "name": "Can change player model", "content_type": 17}, "model": "auth.permission", "pk": 50}, {"fields": {"codename": "delete_playermodel", "name": "Can delete player model", "content_type": 17}, "model": "auth.permission", "pk": 51}, {"fields": {"codename": "add_player", "name": "Can add player", "content_type": 18}, "model": "auth.permission", "pk": 52}, {"fields": {"codename": "change_player", "name": "Can change player", "content_type": 18}, "model": "auth.permission", "pk": 53}, {"fields": {"codename": "delete_player", "name": "Can delete player", "content_type": 18}, "model": "auth.permission", "pk": 54}, {"fields": {"codename": "add_edge", "name": "Can add edge", "content_type": 19}, "model": "auth.permission", "pk": 55}, {"fields": {"codename": "change_edge", "name": "Can change edge", "content_type": 19}, "model": "auth.permission", "pk": 56}, {"fields": {"codename": "delete_edge", "name": "Can delete edge", "content_type": 19}, "model": "auth.permission", "pk": 57}, {"fields": {"codename": "add_path", "name": "Can add path", "content_type": 20}, "model": "auth.permission", "pk": 58}, {"fields": {"codename": "change_path", "name": "Can change path", "content_type": 20}, "model": "auth.permission", "pk": 59}, {"fields": {"codename": "delete_path", "name": "Can delete path", "content_type": 20}, "model": "auth.permission", "pk": 60}, {"fields": {"codename": "add_pathflowassignment", "name": "Can add path flow assignment", "content_type": 21}, "model": "auth.permission", "pk": 61}, {"fields": {"codename": "change_pathflowassignment", "name": "Can change path flow assignment", "content_type": 21}, "model": "auth.permission", "pk": 62}, {"fields": {"codename": "delete_pathflowassignment", "name": "Can delete path flow assignment", "content_type": 21}, "model": "auth.permission", "pk": 63}, {"fields": {"codename": "add_gameturn", "name": "Can add game turn", "content_type": 22}, "model": "auth.permission", "pk": 64}, {"fields": {"codename": "change_gameturn", "name": "Can change game turn", "content_type": 22}, "model": "auth.permission", "pk": 65}, {"fields": {"codename": "delete_gameturn", "name": "Can delete game turn", "content_type": 22}, "model": "auth.permission", "pk": 66}, {"fields": {"codename": "add_flowdistribution", "name": "Can add flow distribution", "content_type": 23}, "model": "auth.permission", "pk": 67}, {"fields": {"codename": "change_flowdistribution", "name": "Can change flow distribution", "content_type": 23}, "model": "auth.permission", "pk": 68}, {"fields": {"codename": "delete_flowdistribution", "name": "Can delete flow distribution", "content_type": 23}, "model": "auth.permission", "pk": 69}, {"fields": {"codename": "add_learningrate", "name": "Can add learning rate", "content_type": 24}, "model": "auth.permission", "pk": 70}, {"fields": {"codename": "change_learningrate", "name": "Can change learning rate", "content_type": 24}, "model": "auth.permission", "pk": 71}, {"fields": {"codename": "delete_learningrate", "name": "Can delete learning rate", "content_type": 24}, "model": "auth.permission", "pk": 72}, {"fields": {"codename": "add_edgecost", "name": "Can add edge cost", "content_type": 25}, "model": "auth.permission", "pk": 73}, {"fields": {"codename": "change_edgecost", "name": "Can change edge cost", "content_type": 25}, "model": "auth.permission", "pk": 74}, {"fields": {"codename": "delete_edgecost", "name": "Can delete edge cost", "content_type": 25}, "model": "auth.permission", "pk": 75}, {"fields": {"codename": "add_graphcost", "name": "Can add graph cost", "content_type": 26}, "model": "auth.permission", "pk": 76}, {"fields": {"codename": "change_graphcost", "name": "Can change graph cost", "content_type": 26}, "model": "auth.permission", "pk": 77}, {"fields": {"codename": "delete_graphcost", "name": "Can delete graph cost", "content_type": 26}, "model": "auth.permission", "pk": 78}, {"fields": {"codename": "add_game", "name": "Can add game", "content_type": 27}, "model": "auth.permission", "pk": 79}, {"fields": {"codename": "change_game", "name": "Can change game", "content_type": 27}, "model": "auth.permission", "pk": 80}, {"fields": {"codename": "delete_game", "name": "Can delete game", "content_type": 27}, "model": "auth.permission", "pk": 81}, {"fields": {"codename": "add_request", "name": "Can add request", "content_type": 28}, "model": "auth.permission", "pk": 82}, {"fields": {"codename": "change_request", "name": "Can change request", "content_type": 28}, "model": "auth.permission", "pk": 83}, {"fields": {"codename": "delete_request", "name": "Can delete request", "content_type": 28}, "model": "auth.permission", "pk": 84}, {"fields": {"codename": "add_response", "name": "Can add response", "content_type": 29}, "model": "auth.permission", "pk": 85}, {"fields": {"codename": "change_response", "name": "Can change response", "content_type": 29}, "model": "auth.permission", "pk": 86}, {"fields": {"codename": "delete_response", "name": "Can delete response", "content_type": 29}, "model": "auth.permission", "pk": 87}, {"fields": {"codename": "add_sqlquery", "name": "Can add sql query", "content_type": 30}, "model": "auth.permission", "pk": 88}, {"fields": {"codename": "change_sqlquery", "name": "Can change sql query", "content_type": 30}, "model": "auth.permission", "pk": 89}, {"fields": {"codename": "delete_sqlquery", "name": "Can delete sql query", "content_type": 30}, "model": "auth.permission", "pk": 90}, {"fields": {"codename": "add_profile", "name": "Can add profile", "content_type": 31}, "model": "auth.permission", "pk": 91}, {"fields": {"codename": "change_profile", "name": "Can change profile", "content_type": 31}, "model": "auth.permission", "pk": 92}, {"fields": {"codename": "delete_profile", "name": "Can delete profile", "content_type": 31}, "model": "auth.permission", "pk": 93}, {"fields": {"username": "admin", "first_name": "", "last_name": "", "is_active": true, "is_superuser": false, "is_staff": false, "last_login": "2016-05-26T23:57:39.249Z", "groups": [], "user_permissions": [], "password": "pbkdf2_sha256$15000$Nk7Nl5DR55io$F6IdWixYAt1Aoh5t5LvxCfey5PG2SzHPkEkVDK0tLKQ=", "email": "", "date_joined": "2016-05-26T18:43:19.210Z"}, "model": "auth.user", "pk": 1}, {"fields": {"username": "user_1", "first_name": "", "last_name": "", "is_active": true, "is_superuser": false, "is_staff": false, "last_login": "2016-05-27T00:01:48.937Z", "groups": [], "user_permissions": [], "password": "pbkdf2_sha256$15000$gtWMHbmN0n7C$wymqyg1JfKnpI5WGTIbfgjFtMfESTqfrSPjWJiv4zuw=", "email": "", "date_joined": "2016-05-26T19:18:03.461Z"}, "model": "auth.user", "pk": 2}, {"fields": {"username": "ai_player", "first_name": "", "last_name": "", "is_active": true, "is_superuser": false, "is_staff": false, "last_login": "2016-05-26T21:23:56.185Z", "groups": [], "user_permissions": [], "password": "ai_lab", "email": "", "date_joined": "2016-05-26T21:23:56.185Z"}, "model": "auth.user", "pk": 3}, {"fields": {"username": "user_4", "first_name": "", "last_name": "", "is_active": true, "is_superuser": false, "is_staff": false, "last_login": "2016-05-26T23:41:42.627Z", "groups": [], "user_permissions": [], "password": "pbkdf2_sha256$15000$3xFerLI63hRx$MLF3FmNjX+KPFSfVB8bPkm+KG2B6f2h88iscw0HFLAA=", "email": "", "date_joined": "2016-05-26T23:41:42.627Z"}, "model": "auth.user", "pk": 4}, {"fields": {"username": "user_2", "first_name": "", "last_name": "", "is_active": true, "is_superuser": false, "is_staff": false, "last_login": "2016-05-27T00:05:30.897Z", "groups": [], "user_permissions": [], "password": "pbkdf2_sha256$15000$vkewoBFnPH5l$Fdcl0FZ/fXmax6iE51OfcbsDZYIOVd8zU+D+R4kNSlo=", "email": "", "date_joined": "2016-05-26T23:42:18.552Z"}, "model": "auth.user", "pk": 5}, {"fields": {"superuser": true, "rank": 0, "tested": false, "game": "game_4", "user": 1, "is_a_bot": false, "player_model": null}, "model": "graph.player", "pk": 1}, {"fields": {"superuser": false, "rank": 0, "tested": true, "game": "game_2", "user": 2, "is_a_bot": false, "player_model": "G1_PM1"}, "model": "graph.player", "pk": 2}, {"fields": {"superuser": false, "rank": 0, "tested": true, "game": "game_4", "user": 3, "is_a_bot": true, "player_model": "G1_PM1"}, "model": "graph.player", "pk": 3}, {"fields": {"superuser": false, "rank": 0, "tested": true, "game": "game_4", "user": 4, "is_a_bot": true, "player_model": "G1_PM1"}, "model": "graph.player", "pk": 4}, {"fields": {"superuser": false, "rank": 4, "tested": true, "game": "game_4", "user": 5, "is_a_bot": false, "player_model": "G1_PM1"}, "model": "graph.player", "pk": 5}]