[{"fields": {"model": "permission", "name": "permission", "app_label": "auth"}, "model": "contenttypes.contenttype", "pk": 1}, {"fields": {"model": "group", "name": "group", "app_label": "auth"}, "model": "contenttypes.contenttype", "pk": 2}, {"fields": {"model": "user", "name": "user", "app_label": "auth"}, "model": "contenttypes.contenttype", "pk": 3}, {"fields": {"model": "contenttype", "name": "content type", "app_label": "contenttypes"}, "model": "contenttypes.contenttype", "pk": 4}, {"fields": {"model": "session", "name": "session", "app_label": "sessions"}, "model": "contenttypes.contenttype", "pk": 5}, {"fields": {"model": "taskmeta", "name": "task state", "app_label": "djcelery"}, "model": "contenttypes.contenttype", "pk": 6}, {"fields": {"model": "tasksetmeta", "name": "saved group result", "app_label": "djcelery"}, "model": "contenttypes.contenttype", "pk": 7}, {"fields": {"model": "intervalschedule", "name": "interval", "app_label": "djcelery"}, "model": "contenttypes.contenttype", "pk": 8}, {"fields": {"model": "crontabschedule", "name": "crontab", "app_label": "djcelery"}, "model": "contenttypes.contenttype", "pk": 9}, {"fields": {"model": "periodictasks", "name": "periodic tasks", "app_label": "djcelery"}, "model": "contenttypes.contenttype", "pk": 10}, {"fields": {"model": "periodictask", "name": "periodic task", "app_label": "djcelery"}, "model": "contenttypes.contenttype", "pk": 11}, {"fields": {"model": "workerstate", "name": "worker", "app_label": "djcelery"}, "model": "contenttypes.contenttype", "pk": 12}, {"fields": {"model": "taskstate", "name": "task", "app_label": "djcelery"}, "model": "contenttypes.contenttype", "pk": 13}, {"fields": {"model": "user", "name": "user", "app_label": "id_counter"}, "model": "contenttypes.contenttype", "pk": 14}, {"fields": {"model": "graph", "name": "graph", "app_label": "graph"}, "model": "contenttypes.contenttype", "pk": 15}, {"fields": {"model": "node", "name": "node", "app_label": "graph"}, "model": "contenttypes.contenttype", "pk": 16}, {"fields": {"model": "playermodel", "name": "player model", "app_label": "graph"}, "model": "contenttypes.contenttype", "pk": 17}, {"fields": {"model": "player", "name": "player", "app_label": "graph"}, "model": "contenttypes.contenttype", "pk": 18}, {"fields": {"model": "edge", "name": "edge", "app_label": "graph"}, "model": "contenttypes.contenttype", "pk": 19}, {"fields": {"model": "path", "name": "path", "app_label": "graph"}, "model": "contenttypes.contenttype", "pk": 20}, {"fields": {"model": "pathflowassignment", "name": "path flow assignment", "app_label": "graph"}, "model": "contenttypes.contenttype", "pk": 21}, {"fields": {"model": "gameturn", "name": "game turn", "app_label": "graph"}, "model": "contenttypes.contenttype", "pk": 22}, {"fields": {"model": "flowdistribution", "name": "flow distribution", "app_label": "graph"}, "model": "contenttypes.contenttype", "pk": 23}, {"fields": {"model": "learningrate", "name": "learning rate", "app_label": "graph"}, "model": "contenttypes.contenttype", "pk": 24}, {"fields": {"model": "edgecost", "name": "edge cost", "app_label": "graph"}, "model": "contenttypes.contenttype", "pk": 25}, {"fields": {"model": "graphcost", "name": "graph cost", "app_label": "graph"}, "model": "contenttypes.contenttype", "pk": 26}, {"fields": {"model": "game", "name": "game", "app_label": "graph"}, "model": "contenttypes.contenttype", "pk": 27}, {"fields": {"model": "request", "name": "request", "app_label": "silk"}, "model": "contenttypes.contenttype", "pk": 28}, {"fields": {"model": "response", "name": "response", "app_label": "silk"}, "model": "contenttypes.contenttype", "pk": 29}, {"fields": {"model": "sqlquery", "name": "sql query", "app_label": "silk"}, "model": "contenttypes.contenttype", "pk": 30}, {"fields": {"model": "profile", "name": "profile", "app_label": "silk"}, "model": "contenttypes.contenttype", "pk": 31}, {"fields": {"expire_date": "2016-06-09T21:23:04.861Z", "session_data": "ZjRlMWI5OTgxZDA3OTlmNzczNjgxOTg0YjMyMmFhM2NiNmJiNzE5MDp7fQ=="}, "model": "sessions.session", "pk": "1q6kw1ylhbqyrv5c94uwmpob000y4ah6"}, {"fields": {"expire_date": "2016-06-10T18:54:07.282Z", "session_data": "NzZjMGY1YTAxMjM5ZjBmNDBjYWIwZTM2OGJhODJkZmJhMDI5NjZhNjp7Il9hdXRoX3VzZXJfaGFzaCI6ImUzYzc5Njc2OTA3NDhiNDkzNTRlZmRhZTQ0OTIxYjZkYzNjOTUyNDIiLCJfYXV0aF91c2VyX2JhY2tlbmQiOiJkamFuZ28uY29udHJpYi5hdXRoLmJhY2tlbmRzLk1vZGVsQmFja2VuZCIsIl9hdXRoX3VzZXJfaWQiOjR9"}, "model": "sessions.session", "pk": "1r83v8hu4ooik8bga0rpao45ab767l70"}, {"fields": {"expire_date": "2016-06-09T21:23:42.400Z", "session_data": "NDk0OWM0OTM1NDZmYzc2NjgyMjUyNTkxMmQyMTA5NzU5YzBlNTExOTp7Il9hdXRoX3VzZXJfaGFzaCI6ImVjYTI2YmQyN2RlZTY0MmVlY2QwOWM0YzM5NTQwNDMyNDliMDlmNWIiLCJfYXV0aF91c2VyX2JhY2tlbmQiOiJkamFuZ28uY29udHJpYi5hdXRoLmJhY2tlbmRzLk1vZGVsQmFja2VuZCIsIl9hdXRoX3VzZXJfaWQiOjF9"}, "model": "sessions.session", "pk": "6un6qdkjo2x2pa1byznphreldxjpc5ko"}, {"fields": {"expire_date": "2016-06-09T19:17:49.724Z", "session_data": "ZjRlMWI5OTgxZDA3OTlmNzczNjgxOTg0YjMyMmFhM2NiNmJiNzE5MDp7fQ=="}, "model": "sessions.session", "pk": "ekq42kbym1cdbl1nvhniou7ww1kbrmzf"}, {"fields": {"expire_date": "2016-06-09T19:17:54.760Z", "session_data": "ZjRlMWI5OTgxZDA3OTlmNzczNjgxOTg0YjMyMmFhM2NiNmJiNzE5MDp7fQ=="}, "model": "sessions.session", "pk": "g6wm3xhnwwcpi6hacmi4s7er5yukj2pv"}, {"fields": {"expire_date": "2016-06-10T18:52:32.306Z", "session_data": "OGJiNzdiY2YwYTBmNjhhM2U1ZDBmMjA1OTJhNGFhZmZkMmY3NTU3Njp7Il9hdXRoX3VzZXJfaGFzaCI6ImU5ODRjYmEzNjYyZWRiMmE2MzQxODNkODY3NDJkY2Y1NjdhNzNjNGMiLCJfYXV0aF91c2VyX2JhY2tlbmQiOiJkamFuZ28uY29udHJpYi5hdXRoLmJhY2tlbmRzLk1vZGVsQmFja2VuZCIsIl9hdXRoX3VzZXJfaWQiOjJ9"}, "model": "sessions.session", "pk": "iiu9uyrg4ksw484zyzvpp49ng2egrji9"}, {"fields": {"expire_date": "2016-06-09T18:43:22.022Z", "session_data": "NDk0OWM0OTM1NDZmYzc2NjgyMjUyNTkxMmQyMTA5NzU5YzBlNTExOTp7Il9hdXRoX3VzZXJfaGFzaCI6ImVjYTI2YmQyN2RlZTY0MmVlY2QwOWM0YzM5NTQwNDMyNDliMDlmNWIiLCJfYXV0aF91c2VyX2JhY2tlbmQiOiJkamFuZ28uY29udHJpYi5hdXRoLmJhY2tlbmRzLk1vZGVsQmFja2VuZCIsIl9hdXRoX3VzZXJfaWQiOjF9"}, "model": "sessions.session", "pk": "j0kzien9288wr7ovk8j9rjzu7qftocg7"}, {"fields": {"expire_date": "2016-06-09T21:23:04.036Z", "session_data": "ZjRlMWI5OTgxZDA3OTlmNzczNjgxOTg0YjMyMmFhM2NiNmJiNzE5MDp7fQ=="}, "model": "sessions.session", "pk": "nlwvxnvyrcfsz6docou9mogf64ozphuq"}, {"fields": {"expire_date": "2016-06-10T18:51:46.286Z", "session_data": "NDk0OWM0OTM1NDZmYzc2NjgyMjUyNTkxMmQyMTA5NzU5YzBlNTExOTp7Il9hdXRoX3VzZXJfaGFzaCI6ImVjYTI2YmQyN2RlZTY0MmVlY2QwOWM0YzM5NTQwNDMyNDliMDlmNWIiLCJfYXV0aF91c2VyX2JhY2tlbmQiOiJkamFuZ28uY29udHJpYi5hdXRoLmJhY2tlbmRzLk1vZGVsQmFja2VuZCIsIl9hdXRoX3VzZXJfaWQiOjF9"}, "model": "sessions.session", "pk": "opql982szyr5n4hxdszmc8ro9vexzfs4"}, {"fields": {"expire_date": "2016-06-09T21:23:04.020Z", "session_data": "ZjRlMWI5OTgxZDA3OTlmNzczNjgxOTg0YjMyMmFhM2NiNmJiNzE5MDp7fQ=="}, "model": "sessions.session", "pk": "vb47stjdxvpwx2auuay7om305nzk38j8"}, {"fields": {"graph_ui": "{\"graph\": \"G1\", \"nodes\": [{\"index\": 0, \"reflexive\": false, \"weight\": 3, \"px\": 79, \"py\": 362, \"y\": 362, \"x\": 79, \"id\": 1}, {\"index\": 1, \"reflexive\": false, \"weight\": 4, \"px\": 102, \"py\": 248, \"y\": 248, \"x\": 102, \"id\": 2}, {\"index\": 2, \"reflexive\": false, \"weight\": 4, \"px\": 212, \"py\": 361, \"y\": 361, \"x\": 212, \"id\": 3}, {\"index\": 3, \"reflexive\": false, \"weight\": 4, \"px\": 153, \"py\": 304, \"y\": 304, \"x\": 153, \"id\": 4}, {\"index\": 4, \"reflexive\": false, \"weight\": 3, \"px\": 225, \"py\": 246, \"y\": 246, \"x\": 225, \"id\": 5}], \"game\": \"game_1\", \"links\": [{\"id\": \"9bd0597b19ba9d536215502225a06bf7\", \"source\": {\"index\": 0, \"reflexive\": false, \"weight\": 3, \"px\": 79, \"py\": 362, \"y\": 362, \"x\": 79, \"id\": 1}, \"right\": true, \"target\": {\"index\": 1, \"reflexive\": false, \"weight\": 4, \"px\": 102, \"py\": 248, \"y\": 248, \"x\": 102, \"id\": 2}, \"left\": false}, {\"id\": \"6a286d89d27563413f4e0dfc5d7eb714\", \"source\": {\"index\": 1, \"reflexive\": false, \"weight\": 4, \"px\": 102, \"py\": 248, \"y\": 248, \"x\": 102, \"id\": 2}, \"right\": true, \"target\": {\"index\": 4, \"reflexive\": false, \"weight\": 3, \"px\": 225, \"py\": 246, \"y\": 246, \"x\": 225, \"id\": 5}, \"left\": false}, {\"id\": \"175ca831d92b39d2db28eb31e9b0a26b\", \"source\": {\"index\": 1, \"reflexive\": false, \"weight\": 4, \"px\": 102, \"py\": 248, \"y\": 248, \"x\": 102, \"id\": 2}, \"right\": false, \"target\": {\"index\": 3, \"reflexive\": false, \"weight\": 4, \"px\": 153, \"py\": 304, \"y\": 304, \"x\": 153, \"id\": 4}, \"left\": true}, {\"id\": \"2d730e2573a07fda1918ba3f32c92a55\", \"source\": {\"index\": 2, \"reflexive\": false, \"weight\": 4, \"px\": 212, \"py\": 361, \"y\": 361, \"x\": 212, \"id\": 3}, \"right\": false, \"target\": {\"index\": 3, \"reflexive\": false, \"weight\": 4, \"px\": 153, \"py\": 304, \"y\": 304, \"x\": 153, \"id\": 4}, \"left\": true}, {\"id\": \"13ad62e4ea5367c5c0744dbf95619c94\", \"source\": {\"index\": 2, \"reflexive\": false, \"weight\": 4, \"px\": 212, \"py\": 361, \"y\": 361, \"x\": 212, \"id\": 3}, \"right\": true, \"target\": {\"index\": 4, \"reflexive\": false, \"weight\": 3, \"px\": 225, \"py\": 246, \"y\": 246, \"x\": 225, \"id\": 5}, \"left\": false}, {\"id\": \"90dbafdb4f7a61f4e247158e8fd76ec4\", \"source\": {\"index\": 3, \"reflexive\": false, \"weight\": 4, \"px\": 153, \"py\": 304, \"y\": 304, \"x\": 153, \"id\": 4}, \"right\": true, \"target\": {\"index\": 4, \"reflexive\": false, \"weight\": 3, \"px\": 225, \"py\": 246, \"y\": 246, \"x\": 225, \"id\": 5}, \"left\": false}, {\"id\": \"a84a1dca6589c826ec01f3c198e87d9c\", \"source\": {\"index\": 0, \"reflexive\": false, \"weight\": 3, \"px\": 79, \"py\": 362, \"y\": 362, \"x\": 79, \"id\": 1}, \"right\": true, \"target\": {\"index\": 3, \"reflexive\": false, \"weight\": 4, \"px\": 153, \"py\": 304, \"y\": 304, \"x\": 153, \"id\": 4}, \"left\": false}, {\"id\": \"e3de3a730766ae7e1ba2564e7bebfa1e\", \"source\": {\"index\": 0, \"reflexive\": false, \"weight\": 3, \"px\": 79, \"py\": 362, \"y\": 362, \"x\": 79, \"id\": 1}, \"right\": true, \"target\": {\"index\": 2, \"reflexive\": false, \"weight\": 4, \"px\": 212, \"py\": 361, \"y\": 361, \"x\": 212, \"id\": 3}, \"left\": false}, {\"id\": \"ddc3b6fc049764ea432beec22f07866c\", \"source\": {\"index\": 1, \"reflexive\": false, \"weight\": 4, \"px\": 102, \"py\": 248, \"y\": 248, \"x\": 102, \"id\": 2}, \"right\": false, \"target\": {\"index\": 2, \"reflexive\": false, \"weight\": 4, \"px\": 212, \"py\": 361, \"y\": 361, \"x\": 212, \"id\": 3}, \"left\": true}]}"}, "model": "graph.graph", "pk": "G1"}, {"fields": {"graph_ui": ""}, "model": "graph.graph", "pk": "useless_2"}, {"fields": {"graph_ui": ""}, "model": "graph.graph", "pk": "useless_3"}, {"fields": {"graph": "G1", "ui_id": 3}, "model": "graph.node", "pk": "010e73e4-c023-4401-8b10-8eb68be1c75e"}, {"fields": {"graph": "G1", "ui_id": 5}, "model": "graph.node", "pk": "5a92b8f1-a3b4-41e5-b47a-6b8a5258bfbc"}, {"fields": {"graph": "G1", "ui_id": 4}, "model": "graph.node", "pk": "add5eef3-d568-4ec8-8ce2-4165b6fb129f"}, {"fields": {"graph": "G1", "ui_id": 1}, "model": "graph.node", "pk": "b837963e-a63b-4854-b67e-ebaa4953ed38"}, {"fields": {"graph": "G1", "ui_id": 2}, "model": "graph.node", "pk": "d1de5f7d-bdbb-40f3-a25d-1179a65e1663"}, {"fields": {"destination_node": "5a92b8f1-a3b4-41e5-b47a-6b8a5258bfbc", "graph": "G1", "in_use": true, "flow": 1.0, "normalization_const": 0.7077884466581221, "start_node": "b837963e-a63b-4854-b67e-ebaa4953ed38", "historic_player": "ai_playeruser_1ai_playerai_playeruser_2"}, "model": "graph.playermodel", "pk": "G1_PM2"}, {"fields": {"graph": "G1", "cost_function": "x", "to_node": "5a92b8f1-a3b4-41e5-b47a-6b8a5258bfbc", "from_node": "010e73e4-c023-4401-8b10-8eb68be1c75e"}, "model": "graph.edge", "pk": "13ad62e4ea5367c5c0744dbf95619c94"}, {"fields": {"graph": "G1", "cost_function": "x", "to_node": "d1de5f7d-bdbb-40f3-a25d-1179a65e1663", "from_node": "add5eef3-d568-4ec8-8ce2-4165b6fb129f"}, "model": "graph.edge", "pk": "175ca831d92b39d2db28eb31e9b0a26b"}, {"fields": {"graph": "G1", "cost_function": "x", "to_node": "010e73e4-c023-4401-8b10-8eb68be1c75e", "from_node": "add5eef3-d568-4ec8-8ce2-4165b6fb129f"}, "model": "graph.edge", "pk": "2d730e2573a07fda1918ba3f32c92a55"}, {"fields": {"graph": "G1", "cost_function": "x", "to_node": "5a92b8f1-a3b4-41e5-b47a-6b8a5258bfbc", "from_node": "d1de5f7d-bdbb-40f3-a25d-1179a65e1663"}, "model": "graph.edge", "pk": "6a286d89d27563413f4e0dfc5d7eb714"}, {"fields": {"graph": "G1", "cost_function": "x", "to_node": "5a92b8f1-a3b4-41e5-b47a-6b8a5258bfbc", "from_node": "add5eef3-d568-4ec8-8ce2-4165b6fb129f"}, "model": "graph.edge", "pk": "90dbafdb4f7a61f4e247158e8fd76ec4"}, {"fields": {"graph": "G1", "cost_function": "x", "to_node": "d1de5f7d-bdbb-40f3-a25d-1179a65e1663", "from_node": "b837963e-a63b-4854-b67e-ebaa4953ed38"}, "model": "graph.edge", "pk": "9bd0597b19ba9d536215502225a06bf7"}, {"fields": {"graph": "G1", "cost_function": "x", "to_node": "add5eef3-d568-4ec8-8ce2-4165b6fb129f", "from_node": "b837963e-a63b-4854-b67e-ebaa4953ed38"}, "model": "graph.edge", "pk": "a84a1dca6589c826ec01f3c198e87d9c"}, {"fields": {"graph": "G1", "cost_function": "x", "to_node": "d1de5f7d-bdbb-40f3-a25d-1179a65e1663", "from_node": "010e73e4-c023-4401-8b10-8eb68be1c75e"}, "model": "graph.edge", "pk": "ddc3b6fc049764ea432beec22f07866c"}, {"fields": {"graph": "G1", "cost_function": "x", "to_node": "010e73e4-c023-4401-8b10-8eb68be1c75e", "from_node": "b837963e-a63b-4854-b67e-ebaa4953ed38"}, "model": "graph.edge", "pk": "e3de3a730766ae7e1ba2564e7bebfa1e"}, {"fields": {"graph": "G1", "edges": ["6a286d89d27563413f4e0dfc5d7eb714", "9bd0597b19ba9d536215502225a06bf7"], "player_model": "G1_PM2"}, "model": "graph.path", "pk": 8}, {"fields": {"graph": "G1", "edges": ["6a286d89d27563413f4e0dfc5d7eb714", "ddc3b6fc049764ea432beec22f07866c", "e3de3a730766ae7e1ba2564e7bebfa1e"], "player_model": "G1_PM2"}, "model": "graph.path", "pk": 9}, {"fields": {"graph": "G1", "edges": ["13ad62e4ea5367c5c0744dbf95619c94", "e3de3a730766ae7e1ba2564e7bebfa1e"], "player_model": "G1_PM2"}, "model": "graph.path", "pk": 10}, {"fields": {"graph": "G1", "edges": ["175ca831d92b39d2db28eb31e9b0a26b", "6a286d89d27563413f4e0dfc5d7eb714", "a84a1dca6589c826ec01f3c198e87d9c"], "player_model": "G1_PM2"}, "model": "graph.path", "pk": 11}, {"fields": {"graph": "G1", "edges": ["2d730e2573a07fda1918ba3f32c92a55", "6a286d89d27563413f4e0dfc5d7eb714", "a84a1dca6589c826ec01f3c198e87d9c", "ddc3b6fc049764ea432beec22f07866c"], "player_model": "G1_PM2"}, "model": "graph.path", "pk": 12}, {"fields": {"graph": "G1", "edges": ["13ad62e4ea5367c5c0744dbf95619c94", "2d730e2573a07fda1918ba3f32c92a55", "a84a1dca6589c826ec01f3c198e87d9c"], "player_model": "G1_PM2"}, "model": "graph.path", "pk": 13}, {"fields": {"graph": "G1", "edges": ["90dbafdb4f7a61f4e247158e8fd76ec4", "a84a1dca6589c826ec01f3c198e87d9c"], "player_model": "G1_PM2"}, "model": "graph.path", "pk": 14}, {"fields": {"path": 8, "flow": 0.14285714285714288}, "model": "graph.pathflowassignment", "pk": 1}, {"fields": {"path": 9, "flow": 0.14285714285714288}, "model": "graph.pathflowassignment", "pk": 2}, {"fields": {"path": 10, "flow": 0.14285714285714288}, "model": "graph.pathflowassignment", "pk": 3}, {"fields": {"path": 11, "flow": 0.14285714285714288}, "model": "graph.pathflowassignment", "pk": 4}, {"fields": {"path": 12, "flow": 0.14285714285714288}, "model": "graph.pathflowassignment", "pk": 5}, {"fields": {"path": 13, "flow": 0.14285714285714288}, "model": "graph.pathflowassignment", "pk": 6}, {"fields": {"path": 14, "flow": 0.14285714285714288}, "model": "graph.pathflowassignment", "pk": 7}, {"fields": {"path": 8, "flow": 0.07142857142857144}, "model": "graph.pathflowassignment", "pk": 8}, {"fields": {"path": 9, "flow": 0.07142857142857144}, "model": "graph.pathflowassignment", "pk": 9}, {"fields": {"path": 10, "flow": 0.07142857142857144}, "model": "graph.pathflowassignment", "pk": 10}, {"fields": {"path": 11, "flow": 0.07142857142857144}, "model": "graph.pathflowassignment", "pk": 11}, {"fields": {"path": 12, "flow": 0.07142857142857144}, "model": "graph.pathflowassignment", "pk": 12}, {"fields": {"path": 13, "flow": 0.07142857142857144}, "model": "graph.pathflowassignment", "pk": 13}, {"fields": {"path": 14, "flow": 0.07142857142857144}, "model": "graph.pathflowassignment", "pk": 14}, {"fields": {"path": 8, "flow": 0.07142857142857142}, "model": "graph.pathflowassignment", "pk": 15}, {"fields": {"path": 9, "flow": 0.07142857142857142}, "model": "graph.pathflowassignment", "pk": 16}, {"fields": {"path": 10, "flow": 0.07142857142857142}, "model": "graph.pathflowassignment", "pk": 17}, {"fields": {"path": 11, "flow": 0.07142857142857142}, "model": "graph.pathflowassignment", "pk": 18}, {"fields": {"path": 12, "flow": 0.07142857142857142}, "model": "graph.pathflowassignment", "pk": 19}, {"fields": {"path": 13, "flow": 0.07142857142857142}, "model": "graph.pathflowassignment", "pk": 20}, {"fields": {"path": 14, "flow": 0.07142857142857142}, "model": "graph.pathflowassignment", "pk": 21}, {"fields": {"path": 8, "flow": 0.07142857142857142}, "model": "graph.pathflowassignment", "pk": 22}, {"fields": {"path": 9, "flow": 0.07142857142857142}, "model": "graph.pathflowassignment", "pk": 23}, {"fields": {"path": 10, "flow": 0.07142857142857142}, "model": "graph.pathflowassignment", "pk": 24}, {"fields": {"path": 11, "flow": 0.07142857142857142}, "model": "graph.pathflowassignment", "pk": 25}, {"fields": {"path": 12, "flow": 0.07142857142857142}, "model": "graph.pathflowassignment", "pk": 26}, {"fields": {"path": 13, "flow": 0.07142857142857142}, "model": "graph.pathflowassignment", "pk": 27}, {"fields": {"path": 14, "flow": 0.07142857142857142}, "model": "graph.pathflowassignment", "pk": 28}, {"fields": {"path": 8, "flow": 0.09278089187421183}, "model": "graph.pathflowassignment", "pk": 29}, {"fields": {"path": 9, "flow": 0.06044109675942733}, "model": "graph.pathflowassignment", "pk": 30}, {"fields": {"path": 10, "flow": 0.10702878906123874}, "model": "graph.pathflowassignment", "pk": 31}, {"fields": {"path": 11, "flow": 0.052395051017409884}, "model": "graph.pathflowassignment", "pk": 32}, {"fields": {"path": 12, "flow": 0.03413218265407307}, "model": "graph.pathflowassignment", "pk": 33}, {"fields": {"path": 13, "flow": 0.06044109675942733}, "model": "graph.pathflowassignment", "pk": 34}, {"fields": {"path": 14, "flow": 0.09278089187421183}, "model": "graph.pathflowassignment", "pk": 35}, {"fields": {"path": 8, "flow": 0.07142857142857142}, "model": "graph.pathflowassignment", "pk": 36}, {"fields": {"path": 9, "flow": 0.07142857142857142}, "model": "graph.pathflowassignment", "pk": 37}, {"fields": {"path": 10, "flow": 0.07142857142857142}, "model": "graph.pathflowassignment", "pk": 38}, {"fields": {"path": 11, "flow": 0.07142857142857142}, "model": "graph.pathflowassignment", "pk": 39}, {"fields": {"path": 12, "flow": 0.07142857142857142}, "model": "graph.pathflowassignment", "pk": 40}, {"fields": {"path": 13, "flow": 0.07142857142857142}, "model": "graph.pathflowassignment", "pk": 41}, {"fields": {"path": 14, "flow": 0.07142857142857142}, "model": "graph.pathflowassignment", "pk": 42}, {"fields": {"path": 8, "flow": 0.07142857142857144}, "model": "graph.pathflowassignment", "pk": 43}, {"fields": {"path": 9, "flow": 0.07142857142857144}, "model": "graph.pathflowassignment", "pk": 44}, {"fields": {"path": 10, "flow": 0.07142857142857144}, "model": "graph.pathflowassignment", "pk": 45}, {"fields": {"path": 11, "flow": 0.07142857142857144}, "model": "graph.pathflowassignment", "pk": 46}, {"fields": {"path": 12, "flow": 0.07142857142857144}, "model": "graph.pathflowassignment", "pk": 47}, {"fields": {"path": 13, "flow": 0.07142857142857144}, "model": "graph.pathflowassignment", "pk": 48}, {"fields": {"path": 14, "flow": 0.07142857142857144}, "model": "graph.pathflowassignment", "pk": 49}, {"fields": {"path": 8, "flow": 0.04761904761904762}, "model": "graph.pathflowassignment", "pk": 50}, {"fields": {"path": 9, "flow": 0.04761904761904762}, "model": "graph.pathflowassignment", "pk": 51}, {"fields": {"path": 10, "flow": 0.04761904761904762}, "model": "graph.pathflowassignment", "pk": 52}, {"fields": {"path": 11, "flow": 0.04761904761904762}, "model": "graph.pathflowassignment", "pk": 53}, {"fields": {"path": 12, "flow": 0.04761904761904762}, "model": "graph.pathflowassignment", "pk": 54}, {"fields": {"path": 13, "flow": 0.04761904761904762}, "model": "graph.pathflowassignment", "pk": 55}, {"fields": {"path": 14, "flow": 0.04761904761904762}, "model": "graph.pathflowassignment", "pk": 56}, {"fields": {"path": 8, "flow": 0.04761904761904762}, "model": "graph.pathflowassignment", "pk": 57}, {"fields": {"path": 9, "flow": 0.04761904761904762}, "model": "graph.pathflowassignment", "pk": 58}, {"fields": {"path": 10, "flow": 0.04761904761904762}, "model": "graph.pathflowassignment", "pk": 59}, {"fields": {"path": 11, "flow": 0.04761904761904762}, "model": "graph.pathflowassignment", "pk": 60}, {"fields": {"path": 12, "flow": 0.04761904761904762}, "model": "graph.pathflowassignment", "pk": 61}, {"fields": {"path": 13, "flow": 0.04761904761904762}, "model": "graph.pathflowassignment", "pk": 62}, {"fields": {"path": 14, "flow": 0.04761904761904762}, "model": "graph.pathflowassignment", "pk": 63}, {"fields": {"path": 8, "flow": 0.04761904761904762}, "model": "graph.pathflowassignment", "pk": 64}, {"fields": {"path": 9, "flow": 0.04761904761904762}, "model": "graph.pathflowassignment", "pk": 65}, {"fields": {"path": 10, "flow": 0.04761904761904762}, "model": "graph.pathflowassignment", "pk": 66}, {"fields": {"path": 11, "flow": 0.04761904761904762}, "model": "graph.pathflowassignment", "pk": 67}, {"fields": {"path": 12, "flow": 0.04761904761904762}, "model": "graph.pathflowassignment", "pk": 68}, {"fields": {"path": 13, "flow": 0.04761904761904762}, "model": "graph.pathflowassignment", "pk": 69}, {"fields": {"path": 14, "flow": 0.04761904761904762}, "model": "graph.pathflowassignment", "pk": 70}, {"fields": {"path": 8, "flow": 0.047619047619047616}, "model": "graph.pathflowassignment", "pk": 71}, {"fields": {"path": 9, "flow": 0.047619047619047616}, "model": "graph.pathflowassignment", "pk": 72}, {"fields": {"path": 10, "flow": 0.047619047619047616}, "model": "graph.pathflowassignment", "pk": 73}, {"fields": {"path": 11, "flow": 0.047619047619047616}, "model": "graph.pathflowassignment", "pk": 74}, {"fields": {"path": 12, "flow": 0.047619047619047616}, "model": "graph.pathflowassignment", "pk": 75}, {"fields": {"path": 13, "flow": 0.047619047619047616}, "model": "graph.pathflowassignment", "pk": 76}, {"fields": {"path": 14, "flow": 0.047619047619047616}, "model": "graph.pathflowassignment", "pk": 77}, {"fields": {"path": 8, "flow": 0.047619047619047616}, "model": "graph.pathflowassignment", "pk": 78}, {"fields": {"path": 9, "flow": 0.047619047619047616}, "model": "graph.pathflowassignment", "pk": 79}, {"fields": {"path": 10, "flow": 0.047619047619047616}, "model": "graph.pathflowassignment", "pk": 80}, {"fields": {"path": 11, "flow": 0.047619047619047616}, "model": "graph.pathflowassignment", "pk": 81}, {"fields": {"path": 12, "flow": 0.047619047619047616}, "model": "graph.pathflowassignment", "pk": 82}, {"fields": {"path": 13, "flow": 0.047619047619047616}, "model": "graph.pathflowassignment", "pk": 83}, {"fields": {"path": 14, "flow": 0.047619047619047616}, "model": "graph.pathflowassignment", "pk": 84}, {"fields": {"path": 8, "flow": 0.05747619109122215}, "model": "graph.pathflowassignment", "pk": 85}, {"fields": {"path": 9, "flow": 0.043192052497509494}, "model": "graph.pathflowassignment", "pk": 86}, {"fields": {"path": 10, "flow": 0.06321925290366806}, "model": "graph.pathflowassignment", "pk": 87}, {"fields": {"path": 11, "flow": 0.03926833280917998}, "model": "graph.pathflowassignment", "pk": 88}, {"fields": {"path": 12, "flow": 0.029509260443022014}, "model": "graph.pathflowassignment", "pk": 89}, {"fields": {"path": 13, "flow": 0.043192052497509494}, "model": "graph.pathflowassignment", "pk": 90}, {"fields": {"path": 14, "flow": 0.05747619109122215}, "model": "graph.pathflowassignment", "pk": 91}, {"fields": {"path": 8, "flow": 0.047619047619047616}, "model": "graph.pathflowassignment", "pk": 92}, {"fields": {"path": 9, "flow": 0.047619047619047616}, "model": "graph.pathflowassignment", "pk": 93}, {"fields": {"path": 10, "flow": 0.047619047619047616}, "model": "graph.pathflowassignment", "pk": 94}, {"fields": {"path": 11, "flow": 0.047619047619047616}, "model": "graph.pathflowassignment", "pk": 95}, {"fields": {"path": 12, "flow": 0.047619047619047616}, "model": "graph.pathflowassignment", "pk": 96}, {"fields": {"path": 13, "flow": 0.047619047619047616}, "model": "graph.pathflowassignment", "pk": 97}, {"fields": {"path": 14, "flow": 0.047619047619047616}, "model": "graph.pathflowassignment", "pk": 98}, {"fields": {"path": 8, "flow": 0.06324814073532288}, "model": "graph.pathflowassignment", "pk": 99}, {"fields": {"path": 9, "flow": 0.03942208723563057}, "model": "graph.pathflowassignment", "pk": 100}, {"fields": {"path": 10, "flow": 0.07267121557902385}, "model": "graph.pathflowassignment", "pk": 101}, {"fields": {"path": 11, "flow": 0.033936290044075536}, "model": "graph.pathflowassignment", "pk": 102}, {"fields": {"path": 12, "flow": 0.02138537176832708}, "model": "graph.pathflowassignment", "pk": 103}, {"fields": {"path": 13, "flow": 0.03942208723563057}, "model": "graph.pathflowassignment", "pk": 104}, {"fields": {"path": 14, "flow": 0.06324814073532288}, "model": "graph.pathflowassignment", "pk": 105}, {"fields": {"path": 8, "flow": 0.047619047619047616}, "model": "graph.pathflowassignment", "pk": 106}, {"fields": {"path": 9, "flow": 0.047619047619047616}, "model": "graph.pathflowassignment", "pk": 107}, {"fields": {"path": 10, "flow": 0.047619047619047616}, "model": "graph.pathflowassignment", "pk": 108}, {"fields": {"path": 11, "flow": 0.047619047619047616}, "model": "graph.pathflowassignment", "pk": 109}, {"fields": {"path": 12, "flow": 0.047619047619047616}, "model": "graph.pathflowassignment", "pk": 110}, {"fields": {"path": 13, "flow": 0.047619047619047616}, "model": "graph.pathflowassignment", "pk": 111}, {"fields": {"path": 14, "flow": 0.047619047619047616}, "model": "graph.pathflowassignment", "pk": 112}, {"fields": {"path": 8, "flow": 0.06735480126782181}, "model": "graph.pathflowassignment", "pk": 113}, {"fields": {"path": 9, "flow": 0.03628658543499081}, "model": "graph.pathflowassignment", "pk": 114}, {"fields": {"path": 10, "flow": 0.07941168255174483}, "model": "graph.pathflowassignment", "pk": 115}, {"fields": {"path": 11, "flow": 0.030057988516532366}, "model": "graph.pathflowassignment", "pk": 116}, {"fields": {"path": 12, "flow": 0.01658088885943089}, "model": "graph.pathflowassignment", "pk": 117}, {"fields": {"path": 13, "flow": 0.03628658543499081}, "model": "graph.pathflowassignment", "pk": 118}, {"fields": {"path": 14, "flow": 0.06735480126782183}, "model": "graph.pathflowassignment", "pk": 119}, {"fields": {"path": 8, "flow": 0.047619047619047616}, "model": "graph.pathflowassignment", "pk": 120}, {"fields": {"path": 9, "flow": 0.047619047619047616}, "model": "graph.pathflowassignment", "pk": 121}, {"fields": {"path": 10, "flow": 0.047619047619047616}, "model": "graph.pathflowassignment", "pk": 122}, {"fields": {"path": 11, "flow": 0.047619047619047616}, "model": "graph.pathflowassignment", "pk": 123}, {"fields": {"path": 12, "flow": 0.047619047619047616}, "model": "graph.pathflowassignment", "pk": 124}, {"fields": {"path": 13, "flow": 0.047619047619047616}, "model": "graph.pathflowassignment", "pk": 125}, {"fields": {"path": 14, "flow": 0.047619047619047616}, "model": "graph.pathflowassignment", "pk": 126}, {"fields": {"path": 8, "flow": 0.07053346341404586}, "model": "graph.pathflowassignment", "pk": 127}, {"fields": {"path": 9, "flow": 0.03363365325614739}, "model": "graph.pathflowassignment", "pk": 128}, {"fields": {"path": 10, "flow": 0.08457911328696834}, "model": "graph.pathflowassignment", "pk": 129}, {"fields": {"path": 11, "flow": 0.027045258745463832}, "model": "graph.pathflowassignment", "pk": 130}, {"fields": {"path": 12, "flow": 0.01337472796051469}, "model": "graph.pathflowassignment", "pk": 131}, {"fields": {"path": 13, "flow": 0.03363365325614739}, "model": "graph.pathflowassignment", "pk": 132}, {"fields": {"path": 14, "flow": 0.07053346341404589}, "model": "graph.pathflowassignment", "pk": 133}, {"fields": {"path": 8, "flow": 0.047619047619047616}, "model": "graph.pathflowassignment", "pk": 134}, {"fields": {"path": 9, "flow": 0.047619047619047616}, "model": "graph.pathflowassignment", "pk": 135}, {"fields": {"path": 10, "flow": 0.047619047619047616}, "model": "graph.pathflowassignment", "pk": 136}, {"fields": {"path": 11, "flow": 0.047619047619047616}, "model": "graph.pathflowassignment", "pk": 137}, {"fields": {"path": 12, "flow": 0.047619047619047616}, "model": "graph.pathflowassignment", "pk": 138}, {"fields": {"path": 13, "flow": 0.047619047619047616}, "model": "graph.pathflowassignment", "pk": 139}, {"fields": {"path": 14, "flow": 0.047619047619047616}, "model": "graph.pathflowassignment", "pk": 140}, {"fields": {"path": 8, "flow": 0.07311545558991622}, "model": "graph.pathflowassignment", "pk": 141}, {"fields": {"path": 9, "flow": 0.03135100719776615}, "model": "graph.pathflowassignment", "pk": 142}, {"fields": {"path": 10, "flow": 0.08871312799501818}, "model": "graph.pathflowassignment", "pk": 143}, {"fields": {"path": 11, "flow": 0.024607908822839013}, "model": "graph.pathflowassignment", "pk": 144}, {"fields": {"path": 12, "flow": 0.011079370940111377}, "model": "graph.pathflowassignment", "pk": 145}, {"fields": {"path": 13, "flow": 0.03135100719776615}, "model": "graph.pathflowassignment", "pk": 146}, {"fields": {"path": 14, "flow": 0.07311545558991625}, "model": "graph.pathflowassignment", "pk": 147}, {"fields": {"path": 8, "flow": 0.047619047619047616}, "model": "graph.pathflowassignment", "pk": 148}, {"fields": {"path": 9, "flow": 0.047619047619047616}, "model": "graph.pathflowassignment", "pk": 149}, {"fields": {"path": 10, "flow": 0.047619047619047616}, "model": "graph.pathflowassignment", "pk": 150}, {"fields": {"path": 11, "flow": 0.047619047619047616}, "model": "graph.pathflowassignment", "pk": 151}, {"fields": {"path": 12, "flow": 0.047619047619047616}, "model": "graph.pathflowassignment", "pk": 152}, {"fields": {"path": 13, "flow": 0.047619047619047616}, "model": "graph.pathflowassignment", "pk": 153}, {"fields": {"path": 14, "flow": 0.047619047619047616}, "model": "graph.pathflowassignment", "pk": 154}, {"fields": {"path": 8, "flow": 0.07528008351362336}, "model": "graph.pathflowassignment", "pk": 155}, {"fields": {"path": 9, "flow": 0.029359383091897655}, "model": "graph.pathflowassignment", "pk": 156}, {"fields": {"path": 10, "flow": 0.0921169473582353}, "model": "graph.pathflowassignment", "pk": 157}, {"fields": {"path": 11, "flow": 0.022580071736386237}, "model": "graph.pathflowassignment", "pk": 158}, {"fields": {"path": 12, "flow": 0.009357381027669776}, "model": "graph.pathflowassignment", "pk": 159}, {"fields": {"path": 13, "flow": 0.029359383091897655}, "model": "graph.pathflowassignment", "pk": 160}, {"fields": {"path": 14, "flow": 0.07528008351362338}, "model": "graph.pathflowassignment", "pk": 161}, {"fields": {"path": 8, "flow": 0.047619047619047616}, "model": "graph.pathflowassignment", "pk": 162}, {"fields": {"path": 9, "flow": 0.047619047619047616}, "model": "graph.pathflowassignment", "pk": 163}, {"fields": {"path": 10, "flow": 0.047619047619047616}, "model": "graph.pathflowassignment", "pk": 164}, {"fields": {"path": 11, "flow": 0.047619047619047616}, "model": "graph.pathflowassignment", "pk": 165}, {"fields": {"path": 12, "flow": 0.047619047619047616}, "model": "graph.pathflowassignment", "pk": 166}, {"fields": {"path": 13, "flow": 0.047619047619047616}, "model": "graph.pathflowassignment", "pk": 167}, {"fields": {"path": 14, "flow": 0.047619047619047616}, "model": "graph.pathflowassignment", "pk": 168}, {"fields": {"path": 8, "flow": 0.07713590891650123}, "model": "graph.pathflowassignment", "pk": 169}, {"fields": {"path": 9, "flow": 0.027601675507498216}, "model": "graph.pathflowassignment", "pk": 170}, {"fields": {"path": 10, "flow": 0.09497916038580516}, "model": "graph.pathflowassignment", "pk": 171}, {"fields": {"path": 11, "flow": 0.020857744617695767}, "model": "graph.pathflowassignment", "pk": 172}, {"fields": {"path": 12, "flow": 0.008021259481833532}, "model": "graph.pathflowassignment", "pk": 173}, {"fields": {"path": 13, "flow": 0.027601675507498216}, "model": "graph.pathflowassignment", "pk": 174}, {"fields": {"path": 14, "flow": 0.07713590891650125}, "model": "graph.pathflowassignment", "pk": 175}, {"fields": {"path": 8, "flow": 0.047619047619047616}, "model": "graph.pathflowassignment", "pk": 176}, {"fields": {"path": 9, "flow": 0.047619047619047616}, "model": "graph.pathflowassignment", "pk": 177}, {"fields": {"path": 10, "flow": 0.047619047619047616}, "model": "graph.pathflowassignment", "pk": 178}, {"fields": {"path": 11, "flow": 0.047619047619047616}, "model": "graph.pathflowassignment", "pk": 179}, {"fields": {"path": 12, "flow": 0.047619047619047616}, "model": "graph.pathflowassignment", "pk": 180}, {"fields": {"path": 13, "flow": 0.047619047619047616}, "model": "graph.pathflowassignment", "pk": 181}, {"fields": {"path": 14, "flow": 0.047619047619047616}, "model": "graph.pathflowassignment", "pk": 182}, {"fields": {"path": 8, "flow": 0.07875385915148271}, "model": "graph.pathflowassignment", "pk": 183}, {"fields": {"path": 9, "flow": 0.0260356147228399}, "model": "graph.pathflowassignment", "pk": 184}, {"fields": {"path": 10, "flow": 0.09742533243360361}, "model": "graph.pathflowassignment", "pk": 185}, {"fields": {"path": 11, "flow": 0.01937138395905866}, "model": "graph.pathflowassignment", "pk": 186}, {"fields": {"path": 12, "flow": 0.0069576691920258255}, "model": "graph.pathflowassignment", "pk": 187}, {"fields": {"path": 13, "flow": 0.0260356147228399}, "model": "graph.pathflowassignment", "pk": 188}, {"fields": {"path": 14, "flow": 0.07875385915148271}, "model": "graph.pathflowassignment", "pk": 189}, {"fields": {"path": 8, "flow": 0.047619047619047616}, "model": "graph.pathflowassignment", "pk": 190}, {"fields": {"path": 9, "flow": 0.047619047619047616}, "model": "graph.pathflowassignment", "pk": 191}, {"fields": {"path": 10, "flow": 0.047619047619047616}, "model": "graph.pathflowassignment", "pk": 192}, {"fields": {"path": 11, "flow": 0.047619047619047616}, "model": "graph.pathflowassignment", "pk": 193}, {"fields": {"path": 12, "flow": 0.047619047619047616}, "model": "graph.pathflowassignment", "pk": 194}, {"fields": {"path": 13, "flow": 0.047619047619047616}, "model": "graph.pathflowassignment", "pk": 195}, {"fields": {"path": 14, "flow": 0.047619047619047616}, "model": "graph.pathflowassignment", "pk": 196}, {"fields": {"iteration": 0, "graph_cost": 1, "game_object": null}, "model": "graph.gameturn", "pk": 1}, {"fields": {"iteration": 1, "graph_cost": 2, "game_object": "game_1"}, "model": "graph.gameturn", "pk": 2}, {"fields": {"iteration": 2, "graph_cost": null, "game_object": "game_1"}, "model": "graph.gameturn", "pk": 3}, {"fields": {"iteration": 0, "graph_cost": null, "game_object": null}, "model": "graph.gameturn", "pk": 4}, {"fields": {"iteration": 0, "graph_cost": 3, "game_object": null}, "model": "graph.gameturn", "pk": 5}, {"fields": {"iteration": 1, "graph_cost": 4, "game_object": "game_3"}, "model": "graph.gameturn", "pk": 6}, {"fields": {"iteration": 2, "graph_cost": 5, "game_object": "game_3"}, "model": "graph.gameturn", "pk": 7}, {"fields": {"iteration": 3, "graph_cost": 6, "game_object": "game_3"}, "model": "graph.gameturn", "pk": 8}, {"fields": {"iteration": 4, "graph_cost": 7, "game_object": "game_3"}, "model": "graph.gameturn", "pk": 9}, {"fields": {"iteration": 5, "graph_cost": 8, "game_object": "game_3"}, "model": "graph.gameturn", "pk": 10}, {"fields": {"iteration": 6, "graph_cost": 9, "game_object": "game_3"}, "model": "graph.gameturn", "pk": 11}, {"fields": {"iteration": 7, "graph_cost": 10, "game_object": "game_3"}, "model": "graph.gameturn", "pk": 12}, {"fields": {"iteration": 8, "graph_cost": 11, "game_object": "game_3"}, "model": "graph.gameturn", "pk": 13}, {"fields": {"iteration": 9, "graph_cost": null, "game_object": "game_3"}, "model": "graph.gameturn", "pk": 14}, {"fields": {"player": 3, "path_assignments": [15, 16, 17, 18, 19, 20, 21], "turn": 1}, "model": "graph.flowdistribution", "pk": 1}, {"fields": {"player": 2, "path_assignments": [22, 23, 24, 25, 26, 27, 28], "turn": 1}, "model": "graph.flowdistribution", "pk": 2}, {"fields": {"player": 3, "path_assignments": [29, 30, 31, 32, 33, 34, 35], "turn": 2}, "model": "graph.flowdistribution", "pk": 3}, {"fields": {"player": 2, "path_assignments": [36, 37, 38, 39, 40, 41, 42], "turn": 2}, "model": "graph.flowdistribution", "pk": 4}, {"fields": {"player": 3, "path_assignments": [43, 44, 45, 46, 47, 48, 49], "turn": 4}, "model": "graph.flowdistribution", "pk": 5}, {"fields": {"player": 4, "path_assignments": [50, 51, 52, 53, 54, 55, 56], "turn": 4}, "model": "graph.flowdistribution", "pk": 6}, {"fields": {"player": 3, "path_assignments": [71, 72, 73, 74, 75, 76, 77], "turn": 5}, "model": "graph.flowdistribution", "pk": 7}, {"fields": {"player": 4, "path_assignments": [78, 79, 80, 81, 82, 83, 84], "turn": 5}, "model": "graph.flowdistribution", "pk": 8}, {"fields": {"player": 3, "path_assignments": [85, 86, 87, 88, 89, 90, 91], "turn": 6}, "model": "graph.flowdistribution", "pk": 9}, {"fields": {"player": 4, "path_assignments": [92, 93, 94, 95, 96, 97, 98], "turn": 6}, "model": "graph.flowdistribution", "pk": 10}, {"fields": {"player": 3, "path_assignments": [99, 100, 101, 102, 103, 104, 105], "turn": 7}, "model": "graph.flowdistribution", "pk": 11}, {"fields": {"player": 4, "path_assignments": [106, 107, 108, 109, 110, 111, 112], "turn": 7}, "model": "graph.flowdistribution", "pk": 12}, {"fields": {"player": 3, "path_assignments": [113, 114, 115, 116, 117, 118, 119], "turn": 8}, "model": "graph.flowdistribution", "pk": 13}, {"fields": {"player": 4, "path_assignments": [120, 121, 122, 123, 124, 125, 126], "turn": 8}, "model": "graph.flowdistribution", "pk": 14}, {"fields": {"player": 3, "path_assignments": [127, 128, 129, 130, 131, 132, 133], "turn": 9}, "model": "graph.flowdistribution", "pk": 15}, {"fields": {"player": 4, "path_assignments": [134, 135, 136, 137, 138, 139, 140], "turn": 9}, "model": "graph.flowdistribution", "pk": 16}, {"fields": {"player": 3, "path_assignments": [141, 142, 143, 144, 145, 146, 147], "turn": 10}, "model": "graph.flowdistribution", "pk": 17}, {"fields": {"player": 4, "path_assignments": [148, 149, 150, 151, 152, 153, 154], "turn": 10}, "model": "graph.flowdistribution", "pk": 18}, {"fields": {"player": 3, "path_assignments": [155, 156, 157, 158, 159, 160, 161], "turn": 11}, "model": "graph.flowdistribution", "pk": 19}, {"fields": {"player": 4, "path_assignments": [162, 163, 164, 165, 166, 167, 168], "turn": 11}, "model": "graph.flowdistribution", "pk": 20}, {"fields": {"player": 3, "path_assignments": [169, 170, 171, 172, 173, 174, 175], "turn": 12}, "model": "graph.flowdistribution", "pk": 21}, {"fields": {"player": 4, "path_assignments": [176, 177, 178, 179, 180, 181, 182], "turn": 12}, "model": "graph.flowdistribution", "pk": 22}, {"fields": {"player": 3, "path_assignments": [183, 184, 185, 186, 187, 188, 189], "turn": 13}, "model": "graph.flowdistribution", "pk": 23}, {"fields": {"player": 4, "path_assignments": [190, 191, 192, 193, 194, 195, 196], "turn": 13}, "model": "graph.flowdistribution", "pk": 24}, {"fields": {"player": 3, "learning_rate": 0.9994243755145752, "turn": 1}, "model": "graph.learningrate", "pk": 1}, {"fields": {"player": 2, "learning_rate": 0.001, "turn": 1}, "model": "graph.learningrate", "pk": 2}, {"fields": {"edge": "13ad62e4ea5367c5c0744dbf95619c94", "cost": 0.2857142857142857}, "model": "graph.edgecost", "pk": 1}, {"fields": {"edge": "175ca831d92b39d2db28eb31e9b0a26b", "cost": 0.14285714285714285}, "model": "graph.edgecost", "pk": 2}, {"fields": {"edge": "2d730e2573a07fda1918ba3f32c92a55", "cost": 0.2857142857142857}, "model": "graph.edgecost", "pk": 3}, {"fields": {"edge": "6a286d89d27563413f4e0dfc5d7eb714", "cost": 0.5714285714285713}, "model": "graph.edgecost", "pk": 4}, {"fields": {"edge": "90dbafdb4f7a61f4e247158e8fd76ec4", "cost": 0.14285714285714285}, "model": "graph.edgecost", "pk": 5}, {"fields": {"edge": "9bd0597b19ba9d536215502225a06bf7", "cost": 0.14285714285714285}, "model": "graph.edgecost", "pk": 6}, {"fields": {"edge": "a84a1dca6589c826ec01f3c198e87d9c", "cost": 0.5714285714285713}, "model": "graph.edgecost", "pk": 7}, {"fields": {"edge": "ddc3b6fc049764ea432beec22f07866c", "cost": 0.2857142857142857}, "model": "graph.edgecost", "pk": 8}, {"fields": {"edge": "e3de3a730766ae7e1ba2564e7bebfa1e", "cost": 0.2857142857142857}, "model": "graph.edgecost", "pk": 9}, {"fields": {"edge": "13ad62e4ea5367c5c0744dbf95619c94", "cost": 0.3103270286778089}, "model": "graph.edgecost", "pk": 10}, {"fields": {"edge": "175ca831d92b39d2db28eb31e9b0a26b", "cost": 0.1238236224459813}, "model": "graph.edgecost", "pk": 11}, {"fields": {"edge": "2d730e2573a07fda1918ba3f32c92a55", "cost": 0.23743042227064326}, "model": "graph.edgecost", "pk": 12}, {"fields": {"edge": "6a286d89d27563413f4e0dfc5d7eb714", "cost": 0.5254635080194078}, "model": "graph.edgecost", "pk": 13}, {"fields": {"edge": "90dbafdb4f7a61f4e247158e8fd76ec4", "cost": 0.16420946330278324}, "model": "graph.edgecost", "pk": 14}, {"fields": {"edge": "9bd0597b19ba9d536215502225a06bf7", "cost": 0.16420946330278324}, "model": "graph.edgecost", "pk": 15}, {"fields": {"edge": "a84a1dca6589c826ec01f3c198e87d9c", "cost": 0.5254635080194078}, "model": "graph.edgecost", "pk": 16}, {"fields": {"edge": "ddc3b6fc049764ea432beec22f07866c", "cost": 0.23743042227064326}, "model": "graph.edgecost", "pk": 17}, {"fields": {"edge": "e3de3a730766ae7e1ba2564e7bebfa1e", "cost": 0.3103270286778089}, "model": "graph.edgecost", "pk": 18}, {"fields": {"edge": "13ad62e4ea5367c5c0744dbf95619c94", "cost": 0.19047619047619047}, "model": "graph.edgecost", "pk": 19}, {"fields": {"edge": "175ca831d92b39d2db28eb31e9b0a26b", "cost": 0.09523809523809523}, "model": "graph.edgecost", "pk": 20}, {"fields": {"edge": "2d730e2573a07fda1918ba3f32c92a55", "cost": 0.19047619047619047}, "model": "graph.edgecost", "pk": 21}, {"fields": {"edge": "6a286d89d27563413f4e0dfc5d7eb714", "cost": 0.38095238095238093}, "model": "graph.edgecost", "pk": 22}, {"fields": {"edge": "90dbafdb4f7a61f4e247158e8fd76ec4", "cost": 0.09523809523809523}, "model": "graph.edgecost", "pk": 23}, {"fields": {"edge": "9bd0597b19ba9d536215502225a06bf7", "cost": 0.09523809523809523}, "model": "graph.edgecost", "pk": 24}, {"fields": {"edge": "a84a1dca6589c826ec01f3c198e87d9c", "cost": 0.38095238095238093}, "model": "graph.edgecost", "pk": 25}, {"fields": {"edge": "ddc3b6fc049764ea432beec22f07866c", "cost": 0.19047619047619047}, "model": "graph.edgecost", "pk": 26}, {"fields": {"edge": "e3de3a730766ae7e1ba2564e7bebfa1e", "cost": 0.19047619047619047}, "model": "graph.edgecost", "pk": 27}, {"fields": {"edge": "13ad62e4ea5367c5c0744dbf95619c94", "cost": 0.20164940063927278}, "model": "graph.edgecost", "pk": 28}, {"fields": {"edge": "175ca831d92b39d2db28eb31e9b0a26b", "cost": 0.0868873804282276}, "model": "graph.edgecost", "pk": 29}, {"fields": {"edge": "2d730e2573a07fda1918ba3f32c92a55", "cost": 0.16793940817862674}, "model": "graph.edgecost", "pk": 30}, {"fields": {"edge": "6a286d89d27563413f4e0dfc5d7eb714", "cost": 0.3599220273171241}, "model": "graph.edgecost", "pk": 31}, {"fields": {"edge": "90dbafdb4f7a61f4e247158e8fd76ec4", "cost": 0.10509523871026977}, "model": "graph.edgecost", "pk": 32}, {"fields": {"edge": "9bd0597b19ba9d536215502225a06bf7", "cost": 0.10509523871026977}, "model": "graph.edgecost", "pk": 33}, {"fields": {"edge": "a84a1dca6589c826ec01f3c198e87d9c", "cost": 0.3599220273171241}, "model": "graph.edgecost", "pk": 34}, {"fields": {"edge": "ddc3b6fc049764ea432beec22f07866c", "cost": 0.16793940817862674}, "model": "graph.edgecost", "pk": 35}, {"fields": {"edge": "e3de3a730766ae7e1ba2564e7bebfa1e", "cost": 0.20164940063927278}, "model": "graph.edgecost", "pk": 36}, {"fields": {"edge": "13ad62e4ea5367c5c0744dbf95619c94", "cost": 0.20733139805274967}, "model": "graph.edgecost", "pk": 37}, {"fields": {"edge": "175ca831d92b39d2db28eb31e9b0a26b", "cost": 0.08155533766312315}, "model": "graph.edgecost", "pk": 38}, {"fields": {"edge": "2d730e2573a07fda1918ba3f32c92a55", "cost": 0.15604555424205288}, "model": "graph.edgecost", "pk": 39}, {"fields": {"edge": "6a286d89d27563413f4e0dfc5d7eb714", "cost": 0.34846808025954656}, "model": "graph.edgecost", "pk": 40}, {"fields": {"edge": "90dbafdb4f7a61f4e247158e8fd76ec4", "cost": 0.1108671883543705}, "model": "graph.edgecost", "pk": 41}, {"fields": {"edge": "9bd0597b19ba9d536215502225a06bf7", "cost": 0.1108671883543705}, "model": "graph.edgecost", "pk": 42}, {"fields": {"edge": "a84a1dca6589c826ec01f3c198e87d9c", "cost": 0.3484680802595465}, "model": "graph.edgecost", "pk": 43}, {"fields": {"edge": "ddc3b6fc049764ea432beec22f07866c", "cost": 0.15604555424205288}, "model": "graph.edgecost", "pk": 44}, {"fields": {"edge": "e3de3a730766ae7e1ba2564e7bebfa1e", "cost": 0.20733139805274967}, "model": "graph.edgecost", "pk": 45}, {"fields": {"edge": "13ad62e4ea5367c5c0744dbf95619c94", "cost": 0.21093636322483086}, "model": "graph.edgecost", "pk": 46}, {"fields": {"edge": "175ca831d92b39d2db28eb31e9b0a26b", "cost": 0.07767703613557998}, "model": "graph.edgecost", "pk": 47}, {"fields": {"edge": "2d730e2573a07fda1918ba3f32c92a55", "cost": 0.14810556953251694}, "model": "graph.edgecost", "pk": 48}, {"fields": {"edge": "6a286d89d27563413f4e0dfc5d7eb714", "cost": 0.34075645455496634}, "model": "graph.edgecost", "pk": 49}, {"fields": {"edge": "90dbafdb4f7a61f4e247158e8fd76ec4", "cost": 0.11497384888686944}, "model": "graph.edgecost", "pk": 50}, {"fields": {"edge": "9bd0597b19ba9d536215502225a06bf7", "cost": 0.11497384888686943}, "model": "graph.edgecost", "pk": 51}, {"fields": {"edge": "a84a1dca6589c826ec01f3c198e87d9c", "cost": 0.34075645455496634}, "model": "graph.edgecost", "pk": 52}, {"fields": {"edge": "ddc3b6fc049764ea432beec22f07866c", "cost": 0.14810556953251694}, "model": "graph.edgecost", "pk": 53}, {"fields": {"edge": "e3de3a730766ae7e1ba2564e7bebfa1e", "cost": 0.21093636322483086}, "model": "graph.edgecost", "pk": 54}, {"fields": {"edge": "13ad62e4ea5367c5c0744dbf95619c94", "cost": 0.21345086178121095}, "model": "graph.edgecost", "pk": 55}, {"fields": {"edge": "175ca831d92b39d2db28eb31e9b0a26b", "cost": 0.07466430636451145}, "model": "graph.edgecost", "pk": 56}, {"fields": {"edge": "2d730e2573a07fda1918ba3f32c92a55", "cost": 0.1422464764547573}, "model": "graph.edgecost", "pk": 57}, {"fields": {"edge": "6a286d89d27563413f4e0dfc5d7eb714", "cost": 0.3350632938523622}, "model": "graph.edgecost", "pk": 58}, {"fields": {"edge": "90dbafdb4f7a61f4e247158e8fd76ec4", "cost": 0.1181525110330935}, "model": "graph.edgecost", "pk": 59}, {"fields": {"edge": "9bd0597b19ba9d536215502225a06bf7", "cost": 0.11815251103309347}, "model": "graph.edgecost", "pk": 60}, {"fields": {"edge": "a84a1dca6589c826ec01f3c198e87d9c", "cost": 0.3350632938523623}, "model": "graph.edgecost", "pk": 61}, {"fields": {"edge": "ddc3b6fc049764ea432beec22f07866c", "cost": 0.1422464764547573}, "model": "graph.edgecost", "pk": 62}, {"fields": {"edge": "e3de3a730766ae7e1ba2564e7bebfa1e", "cost": 0.21345086178121095}, "model": "graph.edgecost", "pk": 63}, {"fields": {"edge": "13ad62e4ea5367c5c0744dbf95619c94", "cost": 0.21530223043087957}, "model": "graph.edgecost", "pk": 64}, {"fields": {"edge": "175ca831d92b39d2db28eb31e9b0a26b", "cost": 0.07222695644188663}, "model": "graph.edgecost", "pk": 65}, {"fields": {"edge": "2d730e2573a07fda1918ba3f32c92a55", "cost": 0.13766847337597277}, "model": "graph.edgecost", "pk": 66}, {"fields": {"edge": "6a286d89d27563413f4e0dfc5d7eb714", "cost": 0.33062993302682325}, "model": "graph.edgecost", "pk": 67}, {"fields": {"edge": "90dbafdb4f7a61f4e247158e8fd76ec4", "cost": 0.12073450320896387}, "model": "graph.edgecost", "pk": 68}, {"fields": {"edge": "9bd0597b19ba9d536215502225a06bf7", "cost": 0.12073450320896384}, "model": "graph.edgecost", "pk": 69}, {"fields": {"edge": "a84a1dca6589c826ec01f3c198e87d9c", "cost": 0.33062993302682325}, "model": "graph.edgecost", "pk": 70}, {"fields": {"edge": "ddc3b6fc049764ea432beec22f07866c", "cost": 0.13766847337597277}, "model": "graph.edgecost", "pk": 71}, {"fields": {"edge": "e3de3a730766ae7e1ba2564e7bebfa1e", "cost": 0.21530223043087957}, "model": "graph.edgecost", "pk": 72}, {"fields": {"edge": "13ad62e4ea5367c5c0744dbf95619c94", "cost": 0.21671442568822818}, "model": "graph.edgecost", "pk": 73}, {"fields": {"edge": "175ca831d92b39d2db28eb31e9b0a26b", "cost": 0.07019911935543385}, "model": "graph.edgecost", "pk": 74}, {"fields": {"edge": "2d730e2573a07fda1918ba3f32c92a55", "cost": 0.13395485935766266}, "model": "graph.edgecost", "pk": 75}, {"fields": {"edge": "6a286d89d27563413f4e0dfc5d7eb714", "cost": 0.32705310984576746}, "model": "graph.edgecost", "pk": 76}, {"fields": {"edge": "90dbafdb4f7a61f4e247158e8fd76ec4", "cost": 0.122899131132671}, "model": "graph.edgecost", "pk": 77}, {"fields": {"edge": "9bd0597b19ba9d536215502225a06bf7", "cost": 0.12289913113267098}, "model": "graph.edgecost", "pk": 78}, {"fields": {"edge": "a84a1dca6589c826ec01f3c198e87d9c", "cost": 0.3270531098457675}, "model": "graph.edgecost", "pk": 79}, {"fields": {"edge": "ddc3b6fc049764ea432beec22f07866c", "cost": 0.13395485935766266}, "model": "graph.edgecost", "pk": 80}, {"fields": {"edge": "e3de3a730766ae7e1ba2564e7bebfa1e", "cost": 0.21671442568822818}, "model": "graph.edgecost", "pk": 81}, {"fields": {"edge": "13ad62e4ea5367c5c0744dbf95619c94", "cost": 0.2178189311313986}, "model": "graph.edgecost", "pk": 82}, {"fields": {"edge": "175ca831d92b39d2db28eb31e9b0a26b", "cost": 0.06847679223674338}, "model": "graph.edgecost", "pk": 83}, {"fields": {"edge": "2d730e2573a07fda1918ba3f32c92a55", "cost": 0.13086103022742698}, "model": "graph.edgecost", "pk": 84}, {"fields": {"edge": "6a286d89d27563413f4e0dfc5d7eb714", "cost": 0.32409277899971917}, "model": "graph.edgecost", "pk": 85}, {"fields": {"edge": "90dbafdb4f7a61f4e247158e8fd76ec4", "cost": 0.12475495653554887}, "model": "graph.edgecost", "pk": 86}, {"fields": {"edge": "9bd0597b19ba9d536215502225a06bf7", "cost": 0.12475495653554884}, "model": "graph.edgecost", "pk": 87}, {"fields": {"edge": "a84a1dca6589c826ec01f3c198e87d9c", "cost": 0.3240927789997192}, "model": "graph.edgecost", "pk": 88}, {"fields": {"edge": "ddc3b6fc049764ea432beec22f07866c", "cost": 0.13086103022742698}, "model": "graph.edgecost", "pk": 89}, {"fields": {"edge": "e3de3a730766ae7e1ba2564e7bebfa1e", "cost": 0.2178189311313986}, "model": "graph.edgecost", "pk": 90}, {"fields": {"edge": "13ad62e4ea5367c5c0744dbf95619c94", "cost": 0.21869904239453875}, "model": "graph.edgecost", "pk": 91}, {"fields": {"edge": "175ca831d92b39d2db28eb31e9b0a26b", "cost": 0.06699043157810627}, "model": "graph.edgecost", "pk": 92}, {"fields": {"edge": "2d730e2573a07fda1918ba3f32c92a55", "cost": 0.12823137915296096}, "model": "graph.edgecost", "pk": 93}, {"fields": {"edge": "6a286d89d27563413f4e0dfc5d7eb714", "cost": 0.32159471750159757}, "model": "graph.edgecost", "pk": 94}, {"fields": {"edge": "90dbafdb4f7a61f4e247158e8fd76ec4", "cost": 0.1263729067705303}, "model": "graph.edgecost", "pk": 95}, {"fields": {"edge": "9bd0597b19ba9d536215502225a06bf7", "cost": 0.1263729067705303}, "model": "graph.edgecost", "pk": 96}, {"fields": {"edge": "a84a1dca6589c826ec01f3c198e87d9c", "cost": 0.32159471750159757}, "model": "graph.edgecost", "pk": 97}, {"fields": {"edge": "ddc3b6fc049764ea432beec22f07866c", "cost": 0.12823137915296096}, "model": "graph.edgecost", "pk": 98}, {"fields": {"edge": "e3de3a730766ae7e1ba2564e7bebfa1e", "cost": 0.21869904239453875}, "model": "graph.edgecost", "pk": 99}, {"fields": {"graph": "G1", "edge_costs": [1, 2, 3, 4, 5, 6, 7, 8, 9]}, "model": "graph.graphcost", "pk": 1}, {"fields": {"graph": "G1", "edge_costs": [10, 11, 12, 13, 14, 15, 16, 17, 18]}, "model": "graph.graphcost", "pk": 2}, {"fields": {"graph": "G1", "edge_costs": [19, 20, 21, 22, 23, 24, 25, 26, 27]}, "model": "graph.graphcost", "pk": 3}, {"fields": {"graph": "G1", "edge_costs": [28, 29, 30, 31, 32, 33, 34, 35, 36]}, "model": "graph.graphcost", "pk": 4}, {"fields": {"graph": "G1", "edge_costs": [37, 38, 39, 40, 41, 42, 43, 44, 45]}, "model": "graph.graphcost", "pk": 5}, {"fields": {"graph": "G1", "edge_costs": [46, 47, 48, 49, 50, 51, 52, 53, 54]}, "model": "graph.graphcost", "pk": 6}, {"fields": {"graph": "G1", "edge_costs": [55, 56, 57, 58, 59, 60, 61, 62, 63]}, "model": "graph.graphcost", "pk": 7}, {"fields": {"graph": "G1", "edge_costs": [64, 65, 66, 67, 68, 69, 70, 71, 72]}, "model": "graph.graphcost", "pk": 8}, {"fields": {"graph": "G1", "edge_costs": [73, 74, 75, 76, 77, 78, 79, 80, 81]}, "model": "graph.graphcost", "pk": 9}, {"fields": {"graph": "G1", "edge_costs": [82, 83, 84, 85, 86, 87, 88, 89, 90]}, "model": "graph.graphcost", "pk": 10}, {"fields": {"graph": "G1", "edge_costs": [91, 92, 93, 94, 95, 96, 97, 98, 99]}, "model": "graph.graphcost", "pk": 11}, {"fields": {"current_turn": 3, "single_slider_mode": false, "started": true, "graph": "useless_2", "game_loop_time": "2016-05-27T18:53:09.420Z", "currently_in_use": false, "edge_highlight": true, "stopped": true, "turns": [1, 2], "duration": 30}, "model": "graph.game", "pk": "game_1"}, {"fields": {"current_turn": 4, "single_slider_mode": false, "started": false, "graph": "useless_3", "game_loop_time": null, "currently_in_use": false, "edge_highlight": true, "stopped": true, "turns": [], "duration": 30}, "model": "graph.game", "pk": "game_2"}, {"fields": {"current_turn": 14, "single_slider_mode": false, "started": true, "graph": "G1", "game_loop_time": "2016-05-27T19:07:08.467Z", "currently_in_use": true, "edge_highlight": true, "stopped": false, "turns": [5, 6, 7, 8, 9, 10, 11, 12, 13], "duration": 30}, "model": "graph.game", "pk": "game_3"}, {"fields": {"codename": "add_permission", "name": "Can add permission", "content_type": 1}, "model": "auth.permission", "pk": 1}, {"fields": {"codename": "change_permission", "name": "Can change permission", "content_type": 1}, "model": "auth.permission", "pk": 2}, {"fields": {"codename": "delete_permission", "name": "Can delete permission", "content_type": 1}, "model": "auth.permission", "pk": 3}, {"fields": {"codename": "add_group", "name": "Can add group", "content_type": 2}, "model": "auth.permission", "pk": 4}, {"fields": {"codename": "change_group", "name": "Can change group", "content_type": 2}, "model": "auth.permission", "pk": 5}, {"fields": {"codename": "delete_group", "name": "Can delete group", "content_type": 2}, "model": "auth.permission", "pk": 6}, {"fields": {"codename": "add_user", "name": "Can add user", "content_type": 3}, "model": "auth.permission", "pk": 7}, {"fields": {"codename": "change_user", "name": "Can change user", "content_type": 3}, "model": "auth.permission", "pk": 8}, {"fields": {"codename": "delete_user", "name": "Can delete user", "content_type": 3}, "model": "auth.permission", "pk": 9}, {"fields": {"codename": "add_contenttype", "name": "Can add content type", "content_type": 4}, "model": "auth.permission", "pk": 10}, {"fields": {"codename": "change_contenttype", "name": "Can change content type", "content_type": 4}, "model": "auth.permission", "pk": 11}, {"fields": {"codename": "delete_contenttype", "name": "Can delete content type", "content_type": 4}, "model": "auth.permission", "pk": 12}, {"fields": {"codename": "add_session", "name": "Can add session", "content_type": 5}, "model": "auth.permission", "pk": 13}, {"fields": {"codename": "change_session", "name": "Can change session", "content_type": 5}, "model": "auth.permission", "pk": 14}, {"fields": {"codename": "delete_session", "name": "Can delete session", "content_type": 5}, "model": "auth.permission", "pk": 15}, {"fields": {"codename": "add_taskmeta", "name": "Can add task state", "content_type": 6}, "model": "auth.permission", "pk": 16}, {"fields": {"codename": "change_taskmeta", "name": "Can change task state", "content_type": 6}, "model": "auth.permission", "pk": 17}, {"fields": {"codename": "delete_taskmeta", "name": "Can delete task state", "content_type": 6}, "model": "auth.permission", "pk": 18}, {"fields": {"codename": "add_tasksetmeta", "name": "Can add saved group result", "content_type": 7}, "model": "auth.permission", "pk": 19}, {"fields": {"codename": "change_tasksetmeta", "name": "Can change saved group result", "content_type": 7}, "model": "auth.permission", "pk": 20}, {"fields": {"codename": "delete_tasksetmeta", "name": "Can delete saved group result", "content_type": 7}, "model": "auth.permission", "pk": 21}, {"fields": {"codename": "add_intervalschedule", "name": "Can add interval", "content_type": 8}, "model": "auth.permission", "pk": 22}, {"fields": {"codename": "change_intervalschedule", "name": "Can change interval", "content_type": 8}, "model": "auth.permission", "pk": 23}, {"fields": {"codename": "delete_intervalschedule", "name": "Can delete interval", "content_type": 8}, "model": "auth.permission", "pk": 24}, {"fields": {"codename": "add_crontabschedule", "name": "Can add crontab", "content_type": 9}, "model": "auth.permission", "pk": 25}, {"fields": {"codename": "change_crontabschedule", "name": "Can change crontab", "content_type": 9}, "model": "auth.permission", "pk": 26}, {"fields": {"codename": "delete_crontabschedule", "name": "Can delete crontab", "content_type": 9}, "model": "auth.permission", "pk": 27}, {"fields": {"codename": "add_periodictasks", "name": "Can add periodic tasks", "content_type": 10}, "model": "auth.permission", "pk": 28}, {"fields": {"codename": "change_periodictasks", "name": "Can change periodic tasks", "content_type": 10}, "model": "auth.permission", "pk": 29}, {"fields": {"codename": "delete_periodictasks", "name": "Can delete periodic tasks", "content_type": 10}, "model": "auth.permission", "pk": 30}, {"fields": {"codename": "add_periodictask", "name": "Can add periodic task", "content_type": 11}, "model": "auth.permission", "pk": 31}, {"fields": {"codename": "change_periodictask", "name": "Can change periodic task", "content_type": 11}, "model": "auth.permission", "pk": 32}, {"fields": {"codename": "delete_periodictask", "name": "Can delete periodic task", "content_type": 11}, "model": "auth.permission", "pk": 33}, {"fields": {"codename": "add_workerstate", "name": "Can add worker", "content_type": 12}, "model": "auth.permission", "pk": 34}, {"fields": {"codename": "change_workerstate", "name": "Can change worker", "content_type": 12}, "model": "auth.permission", "pk": 35}, {"fields": {"codename": "delete_workerstate", "name": "Can delete worker", "content_type": 12}, "model": "auth.permission", "pk": 36}, {"fields": {"codename": "add_taskstate", "name": "Can add task", "content_type": 13}, "model": "auth.permission", "pk": 37}, {"fields": {"codename": "change_taskstate", "name": "Can change task", "content_type": 13}, "model": "auth.permission", "pk": 38}, {"fields": {"codename": "delete_taskstate", "name": "Can delete task", "content_type": 13}, "model": "auth.permission", "pk": 39}, {"fields": {"codename": "add_user", "name": "Can add user", "content_type": 14}, "model": "auth.permission", "pk": 40}, {"fields": {"codename": "change_user", "name": "Can change user", "content_type": 14}, "model": "auth.permission", "pk": 41}, {"fields": {"codename": "delete_user", "name": "Can delete user", "content_type": 14}, "model": "auth.permission", "pk": 42}, {"fields": {"codename": "add_graph", "name": "Can add graph", "content_type": 15}, "model": "auth.permission", "pk": 43}, {"fields": {"codename": "change_graph", "name": "Can change graph", "content_type": 15}, "model": "auth.permission", "pk": 44}, {"fields": {"codename": "delete_graph", "name": "Can delete graph", "content_type": 15}, "model": "auth.permission", "pk": 45}, {"fields": {"codename": "add_node", "name": "Can add node", "content_type": 16}, "model": "auth.permission", "pk": 46}, {"fields": {"codename": "change_node", "name": "Can change node", "content_type": 16}, "model": "auth.permission", "pk": 47}, {"fields": {"codename": "delete_node", "name": "Can delete node", "content_type": 16}, "model": "auth.permission", "pk": 48}, {"fields": {"codename": "add_playermodel", "name": "Can add player model", "content_type": 17}, "model": "auth.permission", "pk": 49}, {"fields": {"codename": "change_playermodel", "name": "Can change player model", "content_type": 17}, "model": "auth.permission", "pk": 50}, {"fields": {"codename": "delete_playermodel", "name": "Can delete player model", "content_type": 17}, "model": "auth.permission", "pk": 51}, {"fields": {"codename": "add_player", "name": "Can add player", "content_type": 18}, "model": "auth.permission", "pk": 52}, {"fields": {"codename": "change_player", "name": "Can change player", "content_type": 18}, "model": "auth.permission", "pk": 53}, {"fields": {"codename": "delete_player", "name": "Can delete player", "content_type": 18}, "model": "auth.permission", "pk": 54}, {"fields": {"codename": "add_edge", "name": "Can add edge", "content_type": 19}, "model": "auth.permission", "pk": 55}, {"fields": {"codename": "change_edge", "name": "Can change edge", "content_type": 19}, "model": "auth.permission", "pk": 56}, {"fields": {"codename": "delete_edge", "name": "Can delete edge", "content_type": 19}, "model": "auth.permission", "pk": 57}, {"fields": {"codename": "add_path", "name": "Can add path", "content_type": 20}, "model": "auth.permission", "pk": 58}, {"fields": {"codename": "change_path", "name": "Can change path", "content_type": 20}, "model": "auth.permission", "pk": 59}, {"fields": {"codename": "delete_path", "name": "Can delete path", "content_type": 20}, "model": "auth.permission", "pk": 60}, {"fields": {"codename": "add_pathflowassignment", "name": "Can add path flow assignment", "content_type": 21}, "model": "auth.permission", "pk": 61}, {"fields": {"codename": "change_pathflowassignment", "name": "Can change path flow assignment", "content_type": 21}, "model": "auth.permission", "pk": 62}, {"fields": {"codename": "delete_pathflowassignment", "name": "Can delete path flow assignment", "content_type": 21}, "model": "auth.permission", "pk": 63}, {"fields": {"codename": "add_gameturn", "name": "Can add game turn", "content_type": 22}, "model": "auth.permission", "pk": 64}, {"fields": {"codename": "change_gameturn", "name": "Can change game turn", "content_type": 22}, "model": "auth.permission", "pk": 65}, {"fields": {"codename": "delete_gameturn", "name": "Can delete game turn", "content_type": 22}, "model": "auth.permission", "pk": 66}, {"fields": {"codename": "add_flowdistribution", "name": "Can add flow distribution", "content_type": 23}, "model": "auth.permission", "pk": 67}, {"fields": {"codename": "change_flowdistribution", "name": "Can change flow distribution", "content_type": 23}, "model": "auth.permission", "pk": 68}, {"fields": {"codename": "delete_flowdistribution", "name": "Can delete flow distribution", "content_type": 23}, "model": "auth.permission", "pk": 69}, {"fields": {"codename": "add_learningrate", "name": "Can add learning rate", "content_type": 24}, "model": "auth.permission", "pk": 70}, {"fields": {"codename": "change_learningrate", "name": "Can change learning rate", "content_type": 24}, "model": "auth.permission", "pk": 71}, {"fields": {"codename": "delete_learningrate", "name": "Can delete learning rate", "content_type": 24}, "model": "auth.permission", "pk": 72}, {"fields": {"codename": "add_edgecost", "name": "Can add edge cost", "content_type": 25}, "model": "auth.permission", "pk": 73}, {"fields": {"codename": "change_edgecost", "name": "Can change edge cost", "content_type": 25}, "model": "auth.permission", "pk": 74}, {"fields": {"codename": "delete_edgecost", "name": "Can delete edge cost", "content_type": 25}, "model": "auth.permission", "pk": 75}, {"fields": {"codename": "add_graphcost", "name": "Can add graph cost", "content_type": 26}, "model": "auth.permission", "pk": 76}, {"fields": {"codename": "change_graphcost", "name": "Can change graph cost", "content_type": 26}, "model": "auth.permission", "pk": 77}, {"fields": {"codename": "delete_graphcost", "name": "Can delete graph cost", "content_type": 26}, "model": "auth.permission", "pk": 78}, {"fields": {"codename": "add_game", "name": "Can add game", "content_type": 27}, "model": "auth.permission", "pk": 79}, {"fields": {"codename": "change_game", "name": "Can change game", "content_type": 27}, "model": "auth.permission", "pk": 80}, {"fields": {"codename": "delete_game", "name": "Can delete game", "content_type": 27}, "model": "auth.permission", "pk": 81}, {"fields": {"codename": "add_request", "name": "Can add request", "content_type": 28}, "model": "auth.permission", "pk": 82}, {"fields": {"codename": "change_request", "name": "Can change request", "content_type": 28}, "model": "auth.permission", "pk": 83}, {"fields": {"codename": "delete_request", "name": "Can delete request", "content_type": 28}, "model": "auth.permission", "pk": 84}, {"fields": {"codename": "add_response", "name": "Can add response", "content_type": 29}, "model": "auth.permission", "pk": 85}, {"fields": {"codename": "change_response", "name": "Can change response", "content_type": 29}, "model": "auth.permission", "pk": 86}, {"fields": {"codename": "delete_response", "name": "Can delete response", "content_type": 29}, "model": "auth.permission", "pk": 87}, {"fields": {"codename": "add_sqlquery", "name": "Can add sql query", "content_type": 30}, "model": "auth.permission", "pk": 88}, {"fields": {"codename": "change_sqlquery", "name": "Can change sql query", "content_type": 30}, "model": "auth.permission", "pk": 89}, {"fields": {"codename": "delete_sqlquery", "name": "Can delete sql query", "content_type": 30}, "model": "auth.permission", "pk": 90}, {"fields": {"codename": "add_profile", "name": "Can add profile", "content_type": 31}, "model": "auth.permission", "pk": 91}, {"fields": {"codename": "change_profile", "name": "Can change profile", "content_type": 31}, "model": "auth.permission", "pk": 92}, {"fields": {"codename": "delete_profile", "name": "Can delete profile", "content_type": 31}, "model": "auth.permission", "pk": 93}, {"fields": {"username": "admin", "first_name": "", "last_name": "", "is_active": true, "is_superuser": false, "is_staff": false, "last_login": "2016-05-27T18:51:46.282Z", "groups": [], "user_permissions": [], "password": "pbkdf2_sha256$15000$Nk7Nl5DR55io$F6IdWixYAt1Aoh5t5LvxCfey5PG2SzHPkEkVDK0tLKQ=", "email": "", "date_joined": "2016-05-26T18:43:19.210Z"}, "model": "auth.user", "pk": 1}, {"fields": {"username": "user_1", "first_name": "", "last_name": "", "is_active": true, "is_superuser": false, "is_staff": false, "last_login": "2016-05-27T18:52:32.303Z", "groups": [], "user_permissions": [], "password": "pbkdf2_sha256$15000$gtWMHbmN0n7C$wymqyg1JfKnpI5WGTIbfgjFtMfESTqfrSPjWJiv4zuw=", "email": "", "date_joined": "2016-05-26T19:18:03.461Z"}, "model": "auth.user", "pk": 2}, {"fields": {"username": "ai_player", "first_name": "", "last_name": "", "is_active": true, "is_superuser": false, "is_staff": false, "last_login": "2016-05-26T21:23:56.185Z", "groups": [], "user_permissions": [], "password": "ai_lab", "email": "", "date_joined": "2016-05-26T21:23:56.185Z"}, "model": "auth.user", "pk": 3}, {"fields": {"username": "user_2", "first_name": "", "last_name": "", "is_active": true, "is_superuser": false, "is_staff": false, "last_login": "2016-05-27T18:54:07.279Z", "groups": [], "user_permissions": [], "password": "pbkdf2_sha256$15000$54XWpEMMZgsG$5d5sReecV37/VYJ6eXgaDnEFCYjMoVMygiDGFY1niWk=", "email": "", "date_joined": "2016-05-27T18:54:01.556Z"}, "model": "auth.user", "pk": 4}, {"fields": {"superuser": true, "rank": -3, "tested": false, "game": "game_3", "user": 1, "is_a_bot": false, "player_model": null}, "model": "graph.player", "pk": 1}, {"fields": {"superuser": false, "rank": 0, "tested": true, "game": "game_1", "user": 2, "is_a_bot": false, "player_model": "G1_PM2"}, "model": "graph.player", "pk": 2}, {"fields": {"superuser": false, "rank": 0, "tested": true, "game": "game_3", "user": 3, "is_a_bot": true, "player_model": "G1_PM2"}, "model": "graph.player", "pk": 3}, {"fields": {"superuser": false, "rank": 1, "tested": true, "game": "game_3", "user": 4, "is_a_bot": false, "player_model": "G1_PM2"}, "model": "graph.player", "pk": 4}]