[{"fields": {"model": "permission", "name": "permission", "app_label": "auth"}, "model": "contenttypes.contenttype", "pk": 1}, {"fields": {"model": "group", "name": "group", "app_label": "auth"}, "model": "contenttypes.contenttype", "pk": 2}, {"fields": {"model": "user", "name": "user", "app_label": "auth"}, "model": "contenttypes.contenttype", "pk": 3}, {"fields": {"model": "contenttype", "name": "content type", "app_label": "contenttypes"}, "model": "contenttypes.contenttype", "pk": 4}, {"fields": {"model": "session", "name": "session", "app_label": "sessions"}, "model": "contenttypes.contenttype", "pk": 5}, {"fields": {"model": "taskmeta", "name": "task state", "app_label": "djcelery"}, "model": "contenttypes.contenttype", "pk": 6}, {"fields": {"model": "tasksetmeta", "name": "saved group result", "app_label": "djcelery"}, "model": "contenttypes.contenttype", "pk": 7}, {"fields": {"model": "intervalschedule", "name": "interval", "app_label": "djcelery"}, "model": "contenttypes.contenttype", "pk": 8}, {"fields": {"model": "crontabschedule", "name": "crontab", "app_label": "djcelery"}, "model": "contenttypes.contenttype", "pk": 9}, {"fields": {"model": "periodictasks", "name": "periodic tasks", "app_label": "djcelery"}, "model": "contenttypes.contenttype", "pk": 10}, {"fields": {"model": "periodictask", "name": "periodic task", "app_label": "djcelery"}, "model": "contenttypes.contenttype", "pk": 11}, {"fields": {"model": "workerstate", "name": "worker", "app_label": "djcelery"}, "model": "contenttypes.contenttype", "pk": 12}, {"fields": {"model": "taskstate", "name": "task", "app_label": "djcelery"}, "model": "contenttypes.contenttype", "pk": 13}, {"fields": {"model": "user", "name": "user", "app_label": "id_counter"}, "model": "contenttypes.contenttype", "pk": 14}, {"fields": {"model": "graph", "name": "graph", "app_label": "graph"}, "model": "contenttypes.contenttype", "pk": 15}, {"fields": {"model": "node", "name": "node", "app_label": "graph"}, "model": "contenttypes.contenttype", "pk": 16}, {"fields": {"model": "playermodel", "name": "player model", "app_label": "graph"}, "model": "contenttypes.contenttype", "pk": 17}, {"fields": {"model": "player", "name": "player", "app_label": "graph"}, "model": "contenttypes.contenttype", "pk": 18}, {"fields": {"model": "edge", "name": "edge", "app_label": "graph"}, "model": "contenttypes.contenttype", "pk": 19}, {"fields": {"model": "path", "name": "path", "app_label": "graph"}, "model": "contenttypes.contenttype", "pk": 20}, {"fields": {"model": "pathflowassignment", "name": "path flow assignment", "app_label": "graph"}, "model": "contenttypes.contenttype", "pk": 21}, {"fields": {"model": "gameturn", "name": "game turn", "app_label": "graph"}, "model": "contenttypes.contenttype", "pk": 22}, {"fields": {"model": "flowdistribution", "name": "flow distribution", "app_label": "graph"}, "model": "contenttypes.contenttype", "pk": 23}, {"fields": {"model": "learningrate", "name": "learning rate", "app_label": "graph"}, "model": "contenttypes.contenttype", "pk": 24}, {"fields": {"model": "edgecost", "name": "edge cost", "app_label": "graph"}, "model": "contenttypes.contenttype", "pk": 25}, {"fields": {"model": "graphcost", "name": "graph cost", "app_label": "graph"}, "model": "contenttypes.contenttype", "pk": 26}, {"fields": {"model": "game", "name": "game", "app_label": "graph"}, "model": "contenttypes.contenttype", "pk": 27}, {"fields": {"model": "request", "name": "request", "app_label": "silk"}, "model": "contenttypes.contenttype", "pk": 28}, {"fields": {"model": "response", "name": "response", "app_label": "silk"}, "model": "contenttypes.contenttype", "pk": 29}, {"fields": {"model": "sqlquery", "name": "sql query", "app_label": "silk"}, "model": "contenttypes.contenttype", "pk": 30}, {"fields": {"model": "profile", "name": "profile", "app_label": "silk"}, "model": "contenttypes.contenttype", "pk": 31}, {"fields": {"expire_date": "2016-06-10T20:52:00.319Z", "session_data": "ZjRlMWI5OTgxZDA3OTlmNzczNjgxOTg0YjMyMmFhM2NiNmJiNzE5MDp7fQ=="}, "model": "sessions.session", "pk": "09v2grqtwtasm9gzh0i0wpivlk1fsc0k"}, {"fields": {"expire_date": "2016-06-10T20:52:00.153Z", "session_data": "ZjRlMWI5OTgxZDA3OTlmNzczNjgxOTg0YjMyMmFhM2NiNmJiNzE5MDp7fQ=="}, "model": "sessions.session", "pk": "0pv2nnxwt507j25dzvkh8udlecsewygy"}, {"fields": {"expire_date": "2016-06-10T20:52:09.586Z", "session_data": "ZjRlMWI5OTgxZDA3OTlmNzczNjgxOTg0YjMyMmFhM2NiNmJiNzE5MDp7fQ=="}, "model": "sessions.session", "pk": "12bmku6fhayu8hj097e6twhajhk17cta"}, {"fields": {"expire_date": "2016-06-10T20:52:06.530Z", "session_data": "ZjRlMWI5OTgxZDA3OTlmNzczNjgxOTg0YjMyMmFhM2NiNmJiNzE5MDp7fQ=="}, "model": "sessions.session", "pk": "1aztbjf8ttrs4hdmabloobp4y6t3g082"}, {"fields": {"expire_date": "2016-06-10T20:52:06.540Z", "session_data": "ZjRlMWI5OTgxZDA3OTlmNzczNjgxOTg0YjMyMmFhM2NiNmJiNzE5MDp7fQ=="}, "model": "sessions.session", "pk": "1cjztobcpwgoqw4dal50qxm4a11j58af"}, {"fields": {"expire_date": "2016-06-09T21:23:04.861Z", "session_data": "ZjRlMWI5OTgxZDA3OTlmNzczNjgxOTg0YjMyMmFhM2NiNmJiNzE5MDp7fQ=="}, "model": "sessions.session", "pk": "1q6kw1ylhbqyrv5c94uwmpob000y4ah6"}, {"fields": {"expire_date": "2016-06-10T20:52:06.590Z", "session_data": "ZjRlMWI5OTgxZDA3OTlmNzczNjgxOTg0YjMyMmFhM2NiNmJiNzE5MDp7fQ=="}, "model": "sessions.session", "pk": "24vndrmjjfk0fka9q0dtl0rjj1ipgd57"}, {"fields": {"expire_date": "2016-06-10T20:52:08.182Z", "session_data": "ZjRlMWI5OTgxZDA3OTlmNzczNjgxOTg0YjMyMmFhM2NiNmJiNzE5MDp7fQ=="}, "model": "sessions.session", "pk": "38w7n714nucmcltshfxiqgevkuw1v7up"}, {"fields": {"expire_date": "2016-06-10T20:52:08.331Z", "session_data": "ZjRlMWI5OTgxZDA3OTlmNzczNjgxOTg0YjMyMmFhM2NiNmJiNzE5MDp7fQ=="}, "model": "sessions.session", "pk": "38zmojvinuq215rx2ht4k318vq87dxar"}, {"fields": {"expire_date": "2016-06-10T20:52:00.335Z", "session_data": "ZjRlMWI5OTgxZDA3OTlmNzczNjgxOTg0YjMyMmFhM2NiNmJiNzE5MDp7fQ=="}, "model": "sessions.session", "pk": "3wvo559a8ck6dka8otd0d89cneq72nw9"}, {"fields": {"expire_date": "2016-06-10T20:52:00.587Z", "session_data": "ZjRlMWI5OTgxZDA3OTlmNzczNjgxOTg0YjMyMmFhM2NiNmJiNzE5MDp7fQ=="}, "model": "sessions.session", "pk": "45xpa1p13mobh74fcb49c5s7guml7wl1"}, {"fields": {"expire_date": "2016-06-10T20:52:00.142Z", "session_data": "ZjRlMWI5OTgxZDA3OTlmNzczNjgxOTg0YjMyMmFhM2NiNmJiNzE5MDp7fQ=="}, "model": "sessions.session", "pk": "4mmj0k229md17ihl0b807mfzd6ngs7ya"}, {"fields": {"expire_date": "2016-06-10T20:54:03.261Z", "session_data": "MmUwNTNiYTUwMjhmYmY1NjhiMjAwYTk5ODQ2MWI3MjU4YThiYjU5Mjp7Il9hdXRoX3VzZXJfaGFzaCI6IjkzOTQyZTdkNTUyODVmMmJlYjk3MjFmOTUxNDMxODc1M2FiNmViODgiLCJfYXV0aF91c2VyX2JhY2tlbmQiOiJkamFuZ28uY29udHJpYi5hdXRoLmJhY2tlbmRzLk1vZGVsQmFja2VuZCIsIl9hdXRoX3VzZXJfaWQiOjR9"}, "model": "sessions.session", "pk": "51lvjf1ii9w1ugqmvshntqw0ks4j3ghz"}, {"fields": {"expire_date": "2016-06-10T20:52:00.630Z", "session_data": "ZjRlMWI5OTgxZDA3OTlmNzczNjgxOTg0YjMyMmFhM2NiNmJiNzE5MDp7fQ=="}, "model": "sessions.session", "pk": "5j0wangtzmvotjeacgkdklr90d2k81z2"}, {"fields": {"expire_date": "2016-06-10T20:52:09.400Z", "session_data": "ZjRlMWI5OTgxZDA3OTlmNzczNjgxOTg0YjMyMmFhM2NiNmJiNzE5MDp7fQ=="}, "model": "sessions.session", "pk": "5mn5hr8o0igkuqhlq9322i5m19k98iej"}, {"fields": {"expire_date": "2016-06-10T21:21:46.377Z", "session_data": "ODk1YzA3ODhmMjMxMTA0ZWNhYzdiM2FkZjViYjJiZmI1Yjc1YTkzMDp7Il9hdXRoX3VzZXJfaGFzaCI6IjMzMGJjNWRiNTYzYjBhYmM4ZTAyMjM4OGRjZTc2ZTA4MDg3Nzc4NjkiLCJfYXV0aF91c2VyX2JhY2tlbmQiOiJkamFuZ28uY29udHJpYi5hdXRoLmJhY2tlbmRzLk1vZGVsQmFja2VuZCIsIl9hdXRoX3VzZXJfaWQiOjl9"}, "model": "sessions.session", "pk": "5te4xpdhru8frwgqnood4jrly1pi6sp9"}, {"fields": {"expire_date": "2016-06-09T21:23:42.400Z", "session_data": "NDk0OWM0OTM1NDZmYzc2NjgyMjUyNTkxMmQyMTA5NzU5YzBlNTExOTp7Il9hdXRoX3VzZXJfaGFzaCI6ImVjYTI2YmQyN2RlZTY0MmVlY2QwOWM0YzM5NTQwNDMyNDliMDlmNWIiLCJfYXV0aF91c2VyX2JhY2tlbmQiOiJkamFuZ28uY29udHJpYi5hdXRoLmJhY2tlbmRzLk1vZGVsQmFja2VuZCIsIl9hdXRoX3VzZXJfaWQiOjF9"}, "model": "sessions.session", "pk": "6un6qdkjo2x2pa1byznphreldxjpc5ko"}, {"fields": {"expire_date": "2016-06-10T20:52:00.657Z", "session_data": "ZjRlMWI5OTgxZDA3OTlmNzczNjgxOTg0YjMyMmFhM2NiNmJiNzE5MDp7fQ=="}, "model": "sessions.session", "pk": "7fk7pyeyul1dg1yid8t83d8m0126tz4k"}, {"fields": {"expire_date": "2016-06-10T20:52:00.634Z", "session_data": "ZjRlMWI5OTgxZDA3OTlmNzczNjgxOTg0YjMyMmFhM2NiNmJiNzE5MDp7fQ=="}, "model": "sessions.session", "pk": "7mc60um9bg6lss3ngzr8nikwx48nm01l"}, {"fields": {"expire_date": "2016-06-10T20:52:00.570Z", "session_data": "ZjRlMWI5OTgxZDA3OTlmNzczNjgxOTg0YjMyMmFhM2NiNmJiNzE5MDp7fQ=="}, "model": "sessions.session", "pk": "8hyxam40whne6fxlhnplgbyaj5w8qh07"}, {"fields": {"expire_date": "2016-06-10T20:52:07.337Z", "session_data": "ZjRlMWI5OTgxZDA3OTlmNzczNjgxOTg0YjMyMmFhM2NiNmJiNzE5MDp7fQ=="}, "model": "sessions.session", "pk": "9wsazfm9du7j7z57j06595jtuobbzwum"}, {"fields": {"expire_date": "2016-06-10T20:52:09.783Z", "session_data": "ZjRlMWI5OTgxZDA3OTlmNzczNjgxOTg0YjMyMmFhM2NiNmJiNzE5MDp7fQ=="}, "model": "sessions.session", "pk": "b71l9ezl5rg3kajun206uxcqnn6i2zqb"}, {"fields": {"expire_date": "2016-06-10T20:53:50.016Z", "session_data": "ZTVjOGMzZWFhOTcxNDI1NDkwZjlkNzA2YzAxZDdkOTk4OTk3YTQ3Njp7Il9hdXRoX3VzZXJfaGFzaCI6ImYwOGQ3MjNhMmQ4NTRjOWVlNTQwZDAxOTNjMmZhZGFkMWI3YzE3NzUiLCJfYXV0aF91c2VyX2JhY2tlbmQiOiJkamFuZ28uY29udHJpYi5hdXRoLmJhY2tlbmRzLk1vZGVsQmFja2VuZCIsIl9hdXRoX3VzZXJfaWQiOjZ9"}, "model": "sessions.session", "pk": "bu5vi3383vz0uzhzbsst0lhctv83qddg"}, {"fields": {"expire_date": "2016-06-10T20:52:07.483Z", "session_data": "ZjRlMWI5OTgxZDA3OTlmNzczNjgxOTg0YjMyMmFhM2NiNmJiNzE5MDp7fQ=="}, "model": "sessions.session", "pk": "ckzabvpbikscra7ien604s8krwtg1xdm"}, {"fields": {"expire_date": "2016-06-10T20:52:10.237Z", "session_data": "ZjRlMWI5OTgxZDA3OTlmNzczNjgxOTg0YjMyMmFhM2NiNmJiNzE5MDp7fQ=="}, "model": "sessions.session", "pk": "cm0kzkrnpflr4beur1h426mxiobql5z5"}, {"fields": {"expire_date": "2016-06-10T20:52:08.110Z", "session_data": "ZjRlMWI5OTgxZDA3OTlmNzczNjgxOTg0YjMyMmFhM2NiNmJiNzE5MDp7fQ=="}, "model": "sessions.session", "pk": "d0b4uaq1eqldaqj28fo8utord1g5rnkg"}, {"fields": {"expire_date": "2016-06-10T20:51:55.052Z", "session_data": "ZjRlMWI5OTgxZDA3OTlmNzczNjgxOTg0YjMyMmFhM2NiNmJiNzE5MDp7fQ=="}, "model": "sessions.session", "pk": "dctkd0fnqgsj6i6mmxckd4bdbt5wiw4s"}, {"fields": {"expire_date": "2016-06-10T20:52:08.970Z", "session_data": "ZjRlMWI5OTgxZDA3OTlmNzczNjgxOTg0YjMyMmFhM2NiNmJiNzE5MDp7fQ=="}, "model": "sessions.session", "pk": "dcuwsdafqmzm0zvufwt6mis1qa2akuie"}, {"fields": {"expire_date": "2016-06-10T20:52:07.975Z", "session_data": "ZjRlMWI5OTgxZDA3OTlmNzczNjgxOTg0YjMyMmFhM2NiNmJiNzE5MDp7fQ=="}, "model": "sessions.session", "pk": "ddil1mx63pqt4rj45zoaf19wl977srjp"}, {"fields": {"expire_date": "2016-06-10T20:52:06.495Z", "session_data": "ZjRlMWI5OTgxZDA3OTlmNzczNjgxOTg0YjMyMmFhM2NiNmJiNzE5MDp7fQ=="}, "model": "sessions.session", "pk": "dfgso30xopluf3wzc6ysx38bsdckr4pq"}, {"fields": {"expire_date": "2016-06-10T20:52:10.418Z", "session_data": "ZjRlMWI5OTgxZDA3OTlmNzczNjgxOTg0YjMyMmFhM2NiNmJiNzE5MDp7fQ=="}, "model": "sessions.session", "pk": "dmqincb0l4bmjz987t8pwmv15jaa8d9l"}, {"fields": {"expire_date": "2016-06-09T19:17:49.724Z", "session_data": "ZjRlMWI5OTgxZDA3OTlmNzczNjgxOTg0YjMyMmFhM2NiNmJiNzE5MDp7fQ=="}, "model": "sessions.session", "pk": "ekq42kbym1cdbl1nvhniou7ww1kbrmzf"}, {"fields": {"expire_date": "2016-06-10T20:52:06.285Z", "session_data": "ZjRlMWI5OTgxZDA3OTlmNzczNjgxOTg0YjMyMmFhM2NiNmJiNzE5MDp7fQ=="}, "model": "sessions.session", "pk": "g5y28o6zofp7kq3pevr0f1omzvimmkiz"}, {"fields": {"expire_date": "2016-06-09T19:17:54.760Z", "session_data": "ZjRlMWI5OTgxZDA3OTlmNzczNjgxOTg0YjMyMmFhM2NiNmJiNzE5MDp7fQ=="}, "model": "sessions.session", "pk": "g6wm3xhnwwcpi6hacmi4s7er5yukj2pv"}, {"fields": {"expire_date": "2016-06-10T20:52:05.666Z", "session_data": "ZjRlMWI5OTgxZDA3OTlmNzczNjgxOTg0YjMyMmFhM2NiNmJiNzE5MDp7fQ=="}, "model": "sessions.session", "pk": "gfzr3i72kpzlwdbst1bb9bc5fxz9pqlh"}, {"fields": {"expire_date": "2016-06-10T20:51:55.042Z", "session_data": "ZjRlMWI5OTgxZDA3OTlmNzczNjgxOTg0YjMyMmFhM2NiNmJiNzE5MDp7fQ=="}, "model": "sessions.session", "pk": "glzgbt60unxi67x3q8jdys0r4lxiljjp"}, {"fields": {"expire_date": "2016-06-10T20:52:08.710Z", "session_data": "ZjRlMWI5OTgxZDA3OTlmNzczNjgxOTg0YjMyMmFhM2NiNmJiNzE5MDp7fQ=="}, "model": "sessions.session", "pk": "grbmjhxevmmg44dtuhg36ffi6owuzoty"}, {"fields": {"expire_date": "2016-06-10T20:52:08.420Z", "session_data": "ZjRlMWI5OTgxZDA3OTlmNzczNjgxOTg0YjMyMmFhM2NiNmJiNzE5MDp7fQ=="}, "model": "sessions.session", "pk": "gua5gt4divc5cbg8w205efve3nth6vox"}, {"fields": {"expire_date": "2016-06-10T20:52:09.067Z", "session_data": "ZjRlMWI5OTgxZDA3OTlmNzczNjgxOTg0YjMyMmFhM2NiNmJiNzE5MDp7fQ=="}, "model": "sessions.session", "pk": "hk198kda6vnjwk02iu284t3lmovag3gw"}, {"fields": {"expire_date": "2016-06-10T20:52:10.719Z", "session_data": "ZjRlMWI5OTgxZDA3OTlmNzczNjgxOTg0YjMyMmFhM2NiNmJiNzE5MDp7fQ=="}, "model": "sessions.session", "pk": "hozlhmjrhcagz9c3xppr4vvr0klytjtc"}, {"fields": {"expire_date": "2016-06-10T20:52:06.687Z", "session_data": "ZjRlMWI5OTgxZDA3OTlmNzczNjgxOTg0YjMyMmFhM2NiNmJiNzE5MDp7fQ=="}, "model": "sessions.session", "pk": "i1gk02fjbrimk6hzr0osxohscuop4pzo"}, {"fields": {"expire_date": "2016-06-10T20:52:08.551Z", "session_data": "ZjRlMWI5OTgxZDA3OTlmNzczNjgxOTg0YjMyMmFhM2NiNmJiNzE5MDp7fQ=="}, "model": "sessions.session", "pk": "i5vfmvt4qnzr6g9fyt5wy0x4euyxjuap"}, {"fields": {"expire_date": "2016-06-10T20:52:07.277Z", "session_data": "ZjRlMWI5OTgxZDA3OTlmNzczNjgxOTg0YjMyMmFhM2NiNmJiNzE5MDp7fQ=="}, "model": "sessions.session", "pk": "ia38vcx3kyu9tycxucxde8izjucz3ubr"}, {"fields": {"expire_date": "2016-06-10T20:52:10.128Z", "session_data": "ZjRlMWI5OTgxZDA3OTlmNzczNjgxOTg0YjMyMmFhM2NiNmJiNzE5MDp7fQ=="}, "model": "sessions.session", "pk": "iw2pjc71jf83hej1yavf5sven5tt1c2o"}, {"fields": {"expire_date": "2016-06-10T20:52:10.329Z", "session_data": "ZjRlMWI5OTgxZDA3OTlmNzczNjgxOTg0YjMyMmFhM2NiNmJiNzE5MDp7fQ=="}, "model": "sessions.session", "pk": "ixtknbsj2spanhiw424fgvcvdgvcpedt"}, {"fields": {"expire_date": "2016-06-09T18:43:22.022Z", "session_data": "NDk0OWM0OTM1NDZmYzc2NjgyMjUyNTkxMmQyMTA5NzU5YzBlNTExOTp7Il9hdXRoX3VzZXJfaGFzaCI6ImVjYTI2YmQyN2RlZTY0MmVlY2QwOWM0YzM5NTQwNDMyNDliMDlmNWIiLCJfYXV0aF91c2VyX2JhY2tlbmQiOiJkamFuZ28uY29udHJpYi5hdXRoLmJhY2tlbmRzLk1vZGVsQmFja2VuZCIsIl9hdXRoX3VzZXJfaWQiOjF9"}, "model": "sessions.session", "pk": "j0kzien9288wr7ovk8j9rjzu7qftocg7"}, {"fields": {"expire_date": "2016-06-10T20:53:53.788Z", "session_data": "ZTE3ZTRiOGU5OWRjMzVmNDYyZDMzZDk5N2M2NGZmZmRjMGRhOWVjMDp7Il9hdXRoX3VzZXJfaGFzaCI6IjRjNzBiMTQ0OTZmODE0MmViMzM4NDQ5YjJkNzEzNzU3OGJiMDc1NGMiLCJfYXV0aF91c2VyX2JhY2tlbmQiOiJkamFuZ28uY29udHJpYi5hdXRoLmJhY2tlbmRzLk1vZGVsQmFja2VuZCIsIl9hdXRoX3VzZXJfaWQiOjV9"}, "model": "sessions.session", "pk": "jc1cjd0e2g95vsboro8c3tynvyb1p8rt"}, {"fields": {"expire_date": "2016-06-10T20:52:06.483Z", "session_data": "ZjRlMWI5OTgxZDA3OTlmNzczNjgxOTg0YjMyMmFhM2NiNmJiNzE5MDp7fQ=="}, "model": "sessions.session", "pk": "je1fvgur3jfyt1wko1t1m1ifyko2qfuz"}, {"fields": {"expire_date": "2016-06-10T20:52:09.874Z", "session_data": "ZjRlMWI5OTgxZDA3OTlmNzczNjgxOTg0YjMyMmFhM2NiNmJiNzE5MDp7fQ=="}, "model": "sessions.session", "pk": "jfsywvhyr1fwn25dzyjehcqssiz77pyt"}, {"fields": {"expire_date": "2016-06-10T20:52:10.029Z", "session_data": "ZjRlMWI5OTgxZDA3OTlmNzczNjgxOTg0YjMyMmFhM2NiNmJiNzE5MDp7fQ=="}, "model": "sessions.session", "pk": "jlxagifsep71yv6touo3oomppcsxw470"}, {"fields": {"expire_date": "2016-06-10T20:52:06.403Z", "session_data": "ZjRlMWI5OTgxZDA3OTlmNzczNjgxOTg0YjMyMmFhM2NiNmJiNzE5MDp7fQ=="}, "model": "sessions.session", "pk": "joarw6bjni3mzft7avbuapisrw89lq9o"}, {"fields": {"expire_date": "2016-06-10T20:52:06.518Z", "session_data": "ZjRlMWI5OTgxZDA3OTlmNzczNjgxOTg0YjMyMmFhM2NiNmJiNzE5MDp7fQ=="}, "model": "sessions.session", "pk": "kfq9po7p95svut0qgrij7x64gjuvfsga"}, {"fields": {"expire_date": "2016-06-10T20:52:08.638Z", "session_data": "ZjRlMWI5OTgxZDA3OTlmNzczNjgxOTg0YjMyMmFhM2NiNmJiNzE5MDp7fQ=="}, "model": "sessions.session", "pk": "l4vkwqc1r2z3lpo4gve6ynsq8tcqwess"}, {"fields": {"expire_date": "2016-06-10T20:52:07.422Z", "session_data": "ZjRlMWI5OTgxZDA3OTlmNzczNjgxOTg0YjMyMmFhM2NiNmJiNzE5MDp7fQ=="}, "model": "sessions.session", "pk": "lgkoaokldmsgt5l3uifmjtqnynmwqnu9"}, {"fields": {"expire_date": "2016-06-10T20:55:03.308Z", "session_data": "OGJiNzdiY2YwYTBmNjhhM2U1ZDBmMjA1OTJhNGFhZmZkMmY3NTU3Njp7Il9hdXRoX3VzZXJfaGFzaCI6ImU5ODRjYmEzNjYyZWRiMmE2MzQxODNkODY3NDJkY2Y1NjdhNzNjNGMiLCJfYXV0aF91c2VyX2JhY2tlbmQiOiJkamFuZ28uY29udHJpYi5hdXRoLmJhY2tlbmRzLk1vZGVsQmFja2VuZCIsIl9hdXRoX3VzZXJfaWQiOjJ9"}, "model": "sessions.session", "pk": "megextuysvv70wrpmfmbggrc27h0tvp2"}, {"fields": {"expire_date": "2016-06-10T20:52:07.675Z", "session_data": "ZjRlMWI5OTgxZDA3OTlmNzczNjgxOTg0YjMyMmFhM2NiNmJiNzE5MDp7fQ=="}, "model": "sessions.session", "pk": "ml43aordl10vfbgo6qbpuyjf4euh5vob"}, {"fields": {"expire_date": "2016-06-10T20:52:08.475Z", "session_data": "ZjRlMWI5OTgxZDA3OTlmNzczNjgxOTg0YjMyMmFhM2NiNmJiNzE5MDp7fQ=="}, "model": "sessions.session", "pk": "mm4aesqhxew5wctzej8r4b8tx0djotk3"}, {"fields": {"expire_date": "2016-06-10T20:52:08.033Z", "session_data": "ZjRlMWI5OTgxZDA3OTlmNzczNjgxOTg0YjMyMmFhM2NiNmJiNzE5MDp7fQ=="}, "model": "sessions.session", "pk": "n1iww84gd8izeuokus6y0mcuslie0vtt"}, {"fields": {"expire_date": "2016-06-10T20:52:06.336Z", "session_data": "ZjRlMWI5OTgxZDA3OTlmNzczNjgxOTg0YjMyMmFhM2NiNmJiNzE5MDp7fQ=="}, "model": "sessions.session", "pk": "n69mgzxsadegjtpnf3h7b7cqniejf41g"}, {"fields": {"expire_date": "2016-06-10T20:52:00.412Z", "session_data": "ZjRlMWI5OTgxZDA3OTlmNzczNjgxOTg0YjMyMmFhM2NiNmJiNzE5MDp7fQ=="}, "model": "sessions.session", "pk": "na1qj1p5yfauz84c2zh3hst1qzmkw1tr"}, {"fields": {"expire_date": "2016-06-10T20:52:09.216Z", "session_data": "ZjRlMWI5OTgxZDA3OTlmNzczNjgxOTg0YjMyMmFhM2NiNmJiNzE5MDp7fQ=="}, "model": "sessions.session", "pk": "ncnwo0fxnx0gbiqsjsobdk25213tqvdp"}, {"fields": {"expire_date": "2016-06-10T20:52:09.500Z", "session_data": "ZjRlMWI5OTgxZDA3OTlmNzczNjgxOTg0YjMyMmFhM2NiNmJiNzE5MDp7fQ=="}, "model": "sessions.session", "pk": "nikedm0nmv33t9v8h5zk8bayqupzvhtg"}, {"fields": {"expire_date": "2016-06-09T21:23:04.036Z", "session_data": "ZjRlMWI5OTgxZDA3OTlmNzczNjgxOTg0YjMyMmFhM2NiNmJiNzE5MDp7fQ=="}, "model": "sessions.session", "pk": "nlwvxnvyrcfsz6docou9mogf64ozphuq"}, {"fields": {"expire_date": "2016-06-10T20:52:00.375Z", "session_data": "ZjRlMWI5OTgxZDA3OTlmNzczNjgxOTg0YjMyMmFhM2NiNmJiNzE5MDp7fQ=="}, "model": "sessions.session", "pk": "ntr68ymt9re2j81uh5ulneqjazyq9up2"}, {"fields": {"expire_date": "2016-06-10T20:52:06.397Z", "session_data": "ZjRlMWI5OTgxZDA3OTlmNzczNjgxOTg0YjMyMmFhM2NiNmJiNzE5MDp7fQ=="}, "model": "sessions.session", "pk": "o5jfc6ervov80ansxs0caqsaritbg9y8"}, {"fields": {"expire_date": "2016-06-10T20:52:08.264Z", "session_data": "ZjRlMWI5OTgxZDA3OTlmNzczNjgxOTg0YjMyMmFhM2NiNmJiNzE5MDp7fQ=="}, "model": "sessions.session", "pk": "oc9hg8zuh5h0kl18omsoee34f5wjogdf"}, {"fields": {"expire_date": "2016-06-10T20:52:10.481Z", "session_data": "ZjRlMWI5OTgxZDA3OTlmNzczNjgxOTg0YjMyMmFhM2NiNmJiNzE5MDp7fQ=="}, "model": "sessions.session", "pk": "pca9tu5rokwkojj9yk8mmah0at2dxk22"}, {"fields": {"expire_date": "2016-06-10T20:52:09.306Z", "session_data": "ZjRlMWI5OTgxZDA3OTlmNzczNjgxOTg0YjMyMmFhM2NiNmJiNzE5MDp7fQ=="}, "model": "sessions.session", "pk": "psm207ohkt5o1yscwc9nifye9v24apm5"}, {"fields": {"expire_date": "2016-06-10T20:52:08.867Z", "session_data": "ZjRlMWI5OTgxZDA3OTlmNzczNjgxOTg0YjMyMmFhM2NiNmJiNzE5MDp7fQ=="}, "model": "sessions.session", "pk": "qof4avvzdyftagqjsrzn6bjobzv1np16"}, {"fields": {"expire_date": "2016-06-10T20:52:10.613Z", "session_data": "ZjRlMWI5OTgxZDA3OTlmNzczNjgxOTg0YjMyMmFhM2NiNmJiNzE5MDp7fQ=="}, "model": "sessions.session", "pk": "qq9gcphsggthhj098ubot906vcmvvh7k"}, {"fields": {"expire_date": "2016-06-10T20:52:09.137Z", "session_data": "ZjRlMWI5OTgxZDA3OTlmNzczNjgxOTg0YjMyMmFhM2NiNmJiNzE5MDp7fQ=="}, "model": "sessions.session", "pk": "rjws1hql477fopj8dnginr2569jnp81c"}, {"fields": {"expire_date": "2016-06-10T20:52:09.689Z", "session_data": "ZjRlMWI5OTgxZDA3OTlmNzczNjgxOTg0YjMyMmFhM2NiNmJiNzE5MDp7fQ=="}, "model": "sessions.session", "pk": "rsdn9mr35v2pgpykg2zacx01e33hgbjn"}, {"fields": {"expire_date": "2016-06-10T20:52:06.240Z", "session_data": "ZjRlMWI5OTgxZDA3OTlmNzczNjgxOTg0YjMyMmFhM2NiNmJiNzE5MDp7fQ=="}, "model": "sessions.session", "pk": "sgncvcyfkx5e0ejpietjuyu9gcmvor00"}, {"fields": {"expire_date": "2016-06-10T20:52:08.788Z", "session_data": "ZjRlMWI5OTgxZDA3OTlmNzczNjgxOTg0YjMyMmFhM2NiNmJiNzE5MDp7fQ=="}, "model": "sessions.session", "pk": "tpp7s14erazvdsy6na8u07uv5npjyhja"}, {"fields": {"expire_date": "2016-06-10T20:52:06.409Z", "session_data": "ZjRlMWI5OTgxZDA3OTlmNzczNjgxOTg0YjMyMmFhM2NiNmJiNzE5MDp7fQ=="}, "model": "sessions.session", "pk": "v1bk4n1o3jrc552oq8unfug28hjb6dkg"}, {"fields": {"expire_date": "2016-06-09T21:23:04.020Z", "session_data": "ZjRlMWI5OTgxZDA3OTlmNzczNjgxOTg0YjMyMmFhM2NiNmJiNzE5MDp7fQ=="}, "model": "sessions.session", "pk": "vb47stjdxvpwx2auuay7om305nzk38j8"}, {"fields": {"expire_date": "2016-06-10T20:52:07.588Z", "session_data": "ZjRlMWI5OTgxZDA3OTlmNzczNjgxOTg0YjMyMmFhM2NiNmJiNzE5MDp7fQ=="}, "model": "sessions.session", "pk": "w70o538xnte5mvss5zdj6xpb3na6nxn8"}, {"fields": {"expire_date": "2016-06-10T20:52:31.403Z", "session_data": "NDk0OWM0OTM1NDZmYzc2NjgyMjUyNTkxMmQyMTA5NzU5YzBlNTExOTp7Il9hdXRoX3VzZXJfaGFzaCI6ImVjYTI2YmQyN2RlZTY0MmVlY2QwOWM0YzM5NTQwNDMyNDliMDlmNWIiLCJfYXV0aF91c2VyX2JhY2tlbmQiOiJkamFuZ28uY29udHJpYi5hdXRoLmJhY2tlbmRzLk1vZGVsQmFja2VuZCIsIl9hdXRoX3VzZXJfaWQiOjF9"}, "model": "sessions.session", "pk": "wgt39zq95ltj0uuz2l8i9cfk1qvkjog5"}, {"fields": {"expire_date": "2016-06-10T20:52:07.137Z", "session_data": "ZjRlMWI5OTgxZDA3OTlmNzczNjgxOTg0YjMyMmFhM2NiNmJiNzE5MDp7fQ=="}, "model": "sessions.session", "pk": "x43f3pk1a9ezizv5t72w9eeb8niky8c8"}, {"fields": {"expire_date": "2016-06-10T20:52:06.559Z", "session_data": "ZjRlMWI5OTgxZDA3OTlmNzczNjgxOTg0YjMyMmFhM2NiNmJiNzE5MDp7fQ=="}, "model": "sessions.session", "pk": "xy7bsk3thzgujt3223lv2rsjmki41gu0"}, {"fields": {"expire_date": "2016-06-10T20:52:06.610Z", "session_data": "ZjRlMWI5OTgxZDA3OTlmNzczNjgxOTg0YjMyMmFhM2NiNmJiNzE5MDp7fQ=="}, "model": "sessions.session", "pk": "ycfgfqd3umbxd08oa63vvwdwkob5c63r"}, {"fields": {"expire_date": "2016-06-10T20:52:10.562Z", "session_data": "ZjRlMWI5OTgxZDA3OTlmNzczNjgxOTg0YjMyMmFhM2NiNmJiNzE5MDp7fQ=="}, "model": "sessions.session", "pk": "yda6f7z848nb1ypl94dt2egf8f7ur984"}, {"fields": {"expire_date": "2016-06-10T20:52:07.796Z", "session_data": "ZjRlMWI5OTgxZDA3OTlmNzczNjgxOTg0YjMyMmFhM2NiNmJiNzE5MDp7fQ=="}, "model": "sessions.session", "pk": "ymgw4k1ljvtcdbx8m0kso1h7lbiiz2fg"}, {"fields": {"expire_date": "2016-06-10T20:52:00.273Z", "session_data": "ZjRlMWI5OTgxZDA3OTlmNzczNjgxOTg0YjMyMmFhM2NiNmJiNzE5MDp7fQ=="}, "model": "sessions.session", "pk": "yqfrp6o4zyvegeiiyegra3aqqamfu456"}, {"fields": {"graph_ui": "{\"graph\": \"G1\", \"nodes\": [{\"index\": 0, \"reflexive\": false, \"weight\": 3, \"px\": 79, \"py\": 362, \"y\": 362, \"x\": 79, \"id\": 1}, {\"index\": 1, \"reflexive\": false, \"weight\": 4, \"px\": 102, \"py\": 248, \"y\": 248, \"x\": 102, \"id\": 2}, {\"index\": 2, \"reflexive\": false, \"weight\": 4, \"px\": 212, \"py\": 361, \"y\": 361, \"x\": 212, \"id\": 3}, {\"index\": 3, \"reflexive\": false, \"weight\": 4, \"px\": 153, \"py\": 304, \"y\": 304, \"x\": 153, \"id\": 4}, {\"index\": 4, \"reflexive\": false, \"weight\": 3, \"px\": 225, \"py\": 246, \"y\": 246, \"x\": 225, \"id\": 5}], \"game\": \"game_1\", \"links\": [{\"id\": \"9bd0597b19ba9d536215502225a06bf7\", \"source\": {\"index\": 0, \"reflexive\": false, \"weight\": 3, \"px\": 79, \"py\": 362, \"y\": 362, \"x\": 79, \"id\": 1}, \"right\": true, \"target\": {\"index\": 1, \"reflexive\": false, \"weight\": 4, \"px\": 102, \"py\": 248, \"y\": 248, \"x\": 102, \"id\": 2}, \"left\": false}, {\"id\": \"6a286d89d27563413f4e0dfc5d7eb714\", \"source\": {\"index\": 1, \"reflexive\": false, \"weight\": 4, \"px\": 102, \"py\": 248, \"y\": 248, \"x\": 102, \"id\": 2}, \"right\": true, \"target\": {\"index\": 4, \"reflexive\": false, \"weight\": 3, \"px\": 225, \"py\": 246, \"y\": 246, \"x\": 225, \"id\": 5}, \"left\": false}, {\"id\": \"175ca831d92b39d2db28eb31e9b0a26b\", \"source\": {\"index\": 1, \"reflexive\": false, \"weight\": 4, \"px\": 102, \"py\": 248, \"y\": 248, \"x\": 102, \"id\": 2}, \"right\": false, \"target\": {\"index\": 3, \"reflexive\": false, \"weight\": 4, \"px\": 153, \"py\": 304, \"y\": 304, \"x\": 153, \"id\": 4}, \"left\": true}, {\"id\": \"2d730e2573a07fda1918ba3f32c92a55\", \"source\": {\"index\": 2, \"reflexive\": false, \"weight\": 4, \"px\": 212, \"py\": 361, \"y\": 361, \"x\": 212, \"id\": 3}, \"right\": false, \"target\": {\"index\": 3, \"reflexive\": false, \"weight\": 4, \"px\": 153, \"py\": 304, \"y\": 304, \"x\": 153, \"id\": 4}, \"left\": true}, {\"id\": \"13ad62e4ea5367c5c0744dbf95619c94\", \"source\": {\"index\": 2, \"reflexive\": false, \"weight\": 4, \"px\": 212, \"py\": 361, \"y\": 361, \"x\": 212, \"id\": 3}, \"right\": true, \"target\": {\"index\": 4, \"reflexive\": false, \"weight\": 3, \"px\": 225, \"py\": 246, \"y\": 246, \"x\": 225, \"id\": 5}, \"left\": false}, {\"id\": \"90dbafdb4f7a61f4e247158e8fd76ec4\", \"source\": {\"index\": 3, \"reflexive\": false, \"weight\": 4, \"px\": 153, \"py\": 304, \"y\": 304, \"x\": 153, \"id\": 4}, \"right\": true, \"target\": {\"index\": 4, \"reflexive\": false, \"weight\": 3, \"px\": 225, \"py\": 246, \"y\": 246, \"x\": 225, \"id\": 5}, \"left\": false}, {\"id\": \"a84a1dca6589c826ec01f3c198e87d9c\", \"source\": {\"index\": 0, \"reflexive\": false, \"weight\": 3, \"px\": 79, \"py\": 362, \"y\": 362, \"x\": 79, \"id\": 1}, \"right\": true, \"target\": {\"index\": 3, \"reflexive\": false, \"weight\": 4, \"px\": 153, \"py\": 304, \"y\": 304, \"x\": 153, \"id\": 4}, \"left\": false}, {\"id\": \"e3de3a730766ae7e1ba2564e7bebfa1e\", \"source\": {\"index\": 0, \"reflexive\": false, \"weight\": 3, \"px\": 79, \"py\": 362, \"y\": 362, \"x\": 79, \"id\": 1}, \"right\": true, \"target\": {\"index\": 2, \"reflexive\": false, \"weight\": 4, \"px\": 212, \"py\": 361, \"y\": 361, \"x\": 212, \"id\": 3}, \"left\": false}, {\"id\": \"ddc3b6fc049764ea432beec22f07866c\", \"source\": {\"index\": 1, \"reflexive\": false, \"weight\": 4, \"px\": 102, \"py\": 248, \"y\": 248, \"x\": 102, \"id\": 2}, \"right\": false, \"target\": {\"index\": 2, \"reflexive\": false, \"weight\": 4, \"px\": 212, \"py\": 361, \"y\": 361, \"x\": 212, \"id\": 3}, \"left\": true}]}"}, "model": "graph.graph", "pk": "G1"}, {"fields": {"graph_ui": ""}, "model": "graph.graph", "pk": "useless_2"}, {"fields": {"graph_ui": ""}, "model": "graph.graph", "pk": "useless_3"}, {"fields": {"graph_ui": ""}, "model": "graph.graph", "pk": "useless_4"}, {"fields": {"graph_ui": ""}, "model": "graph.graph", "pk": "useless_5"}, {"fields": {"graph_ui": ""}, "model": "graph.graph", "pk": "useless_6"}, {"fields": {"graph_ui": ""}, "model": "graph.graph", "pk": "useless_7"}, {"fields": {"graph": "G1", "ui_id": 3}, "model": "graph.node", "pk": "010e73e4-c023-4401-8b10-8eb68be1c75e"}, {"fields": {"graph": "G1", "ui_id": 5}, "model": "graph.node", "pk": "5a92b8f1-a3b4-41e5-b47a-6b8a5258bfbc"}, {"fields": {"graph": "G1", "ui_id": 4}, "model": "graph.node", "pk": "add5eef3-d568-4ec8-8ce2-4165b6fb129f"}, {"fields": {"graph": "G1", "ui_id": 1}, "model": "graph.node", "pk": "b837963e-a63b-4854-b67e-ebaa4953ed38"}, {"fields": {"graph": "G1", "ui_id": 2}, "model": "graph.node", "pk": "d1de5f7d-bdbb-40f3-a25d-1179a65e1663"}, {"fields": {"destination_node": "5a92b8f1-a3b4-41e5-b47a-6b8a5258bfbc", "graph": "G1", "in_use": true, "flow": 1.0, "normalization_const": 0.7077884466581221, "start_node": "b837963e-a63b-4854-b67e-ebaa4953ed38", "historic_player": "user_1user_3ai_playeruser_2ai_playeruser_4ai_playeruser_5ai_playeruser_6ai_playeruser_7"}, "model": "graph.playermodel", "pk": "G1_PM2"}, {"fields": {"graph": "G1", "cost_function": "x", "to_node": "5a92b8f1-a3b4-41e5-b47a-6b8a5258bfbc", "from_node": "010e73e4-c023-4401-8b10-8eb68be1c75e"}, "model": "graph.edge", "pk": "13ad62e4ea5367c5c0744dbf95619c94"}, {"fields": {"graph": "G1", "cost_function": "x", "to_node": "d1de5f7d-bdbb-40f3-a25d-1179a65e1663", "from_node": "add5eef3-d568-4ec8-8ce2-4165b6fb129f"}, "model": "graph.edge", "pk": "175ca831d92b39d2db28eb31e9b0a26b"}, {"fields": {"graph": "G1", "cost_function": "x", "to_node": "010e73e4-c023-4401-8b10-8eb68be1c75e", "from_node": "add5eef3-d568-4ec8-8ce2-4165b6fb129f"}, "model": "graph.edge", "pk": "2d730e2573a07fda1918ba3f32c92a55"}, {"fields": {"graph": "G1", "cost_function": "x", "to_node": "5a92b8f1-a3b4-41e5-b47a-6b8a5258bfbc", "from_node": "d1de5f7d-bdbb-40f3-a25d-1179a65e1663"}, "model": "graph.edge", "pk": "6a286d89d27563413f4e0dfc5d7eb714"}, {"fields": {"graph": "G1", "cost_function": "x", "to_node": "5a92b8f1-a3b4-41e5-b47a-6b8a5258bfbc", "from_node": "add5eef3-d568-4ec8-8ce2-4165b6fb129f"}, "model": "graph.edge", "pk": "90dbafdb4f7a61f4e247158e8fd76ec4"}, {"fields": {"graph": "G1", "cost_function": "x", "to_node": "d1de5f7d-bdbb-40f3-a25d-1179a65e1663", "from_node": "b837963e-a63b-4854-b67e-ebaa4953ed38"}, "model": "graph.edge", "pk": "9bd0597b19ba9d536215502225a06bf7"}, {"fields": {"graph": "G1", "cost_function": "x", "to_node": "add5eef3-d568-4ec8-8ce2-4165b6fb129f", "from_node": "b837963e-a63b-4854-b67e-ebaa4953ed38"}, "model": "graph.edge", "pk": "a84a1dca6589c826ec01f3c198e87d9c"}, {"fields": {"graph": "G1", "cost_function": "x", "to_node": "d1de5f7d-bdbb-40f3-a25d-1179a65e1663", "from_node": "010e73e4-c023-4401-8b10-8eb68be1c75e"}, "model": "graph.edge", "pk": "ddc3b6fc049764ea432beec22f07866c"}, {"fields": {"graph": "G1", "cost_function": "x", "to_node": "010e73e4-c023-4401-8b10-8eb68be1c75e", "from_node": "b837963e-a63b-4854-b67e-ebaa4953ed38"}, "model": "graph.edge", "pk": "e3de3a730766ae7e1ba2564e7bebfa1e"}, {"fields": {"graph": "G1", "edges": ["6a286d89d27563413f4e0dfc5d7eb714", "9bd0597b19ba9d536215502225a06bf7"], "player_model": "G1_PM2"}, "model": "graph.path", "pk": 8}, {"fields": {"graph": "G1", "edges": ["6a286d89d27563413f4e0dfc5d7eb714", "ddc3b6fc049764ea432beec22f07866c", "e3de3a730766ae7e1ba2564e7bebfa1e"], "player_model": "G1_PM2"}, "model": "graph.path", "pk": 9}, {"fields": {"graph": "G1", "edges": ["13ad62e4ea5367c5c0744dbf95619c94", "e3de3a730766ae7e1ba2564e7bebfa1e"], "player_model": "G1_PM2"}, "model": "graph.path", "pk": 10}, {"fields": {"graph": "G1", "edges": ["175ca831d92b39d2db28eb31e9b0a26b", "6a286d89d27563413f4e0dfc5d7eb714", "a84a1dca6589c826ec01f3c198e87d9c"], "player_model": "G1_PM2"}, "model": "graph.path", "pk": 11}, {"fields": {"graph": "G1", "edges": ["2d730e2573a07fda1918ba3f32c92a55", "6a286d89d27563413f4e0dfc5d7eb714", "a84a1dca6589c826ec01f3c198e87d9c", "ddc3b6fc049764ea432beec22f07866c"], "player_model": "G1_PM2"}, "model": "graph.path", "pk": 12}, {"fields": {"graph": "G1", "edges": ["13ad62e4ea5367c5c0744dbf95619c94", "2d730e2573a07fda1918ba3f32c92a55", "a84a1dca6589c826ec01f3c198e87d9c"], "player_model": "G1_PM2"}, "model": "graph.path", "pk": 13}, {"fields": {"graph": "G1", "edges": ["90dbafdb4f7a61f4e247158e8fd76ec4", "a84a1dca6589c826ec01f3c198e87d9c"], "player_model": "G1_PM2"}, "model": "graph.path", "pk": 14}, {"fields": {"path": 8, "flow": 0.14285714285714288}, "model": "graph.pathflowassignment", "pk": 8}, {"fields": {"path": 9, "flow": 0.14285714285714288}, "model": "graph.pathflowassignment", "pk": 9}, {"fields": {"path": 10, "flow": 0.14285714285714288}, "model": "graph.pathflowassignment", "pk": 10}, {"fields": {"path": 11, "flow": 0.14285714285714288}, "model": "graph.pathflowassignment", "pk": 11}, {"fields": {"path": 12, "flow": 0.14285714285714288}, "model": "graph.pathflowassignment", "pk": 12}, {"fields": {"path": 13, "flow": 0.14285714285714288}, "model": "graph.pathflowassignment", "pk": 13}, {"fields": {"path": 14, "flow": 0.14285714285714288}, "model": "graph.pathflowassignment", "pk": 14}, {"fields": {"path": 8, "flow": 0.14285714285714285}, "model": "graph.pathflowassignment", "pk": 22}, {"fields": {"path": 9, "flow": 0.14285714285714285}, "model": "graph.pathflowassignment", "pk": 23}, {"fields": {"path": 10, "flow": 0.14285714285714285}, "model": "graph.pathflowassignment", "pk": 24}, {"fields": {"path": 11, "flow": 0.14285714285714285}, "model": "graph.pathflowassignment", "pk": 25}, {"fields": {"path": 12, "flow": 0.14285714285714285}, "model": "graph.pathflowassignment", "pk": 26}, {"fields": {"path": 13, "flow": 0.14285714285714285}, "model": "graph.pathflowassignment", "pk": 27}, {"fields": {"path": 14, "flow": 0.14285714285714285}, "model": "graph.pathflowassignment", "pk": 28}, {"fields": {"path": 8, "flow": 0.21782178217821782}, "model": "graph.pathflowassignment", "pk": 36}, {"fields": {"path": 9, "flow": 0.0891089108910891}, "model": "graph.pathflowassignment", "pk": 37}, {"fields": {"path": 10, "flow": 0.2871287128712871}, "model": "graph.pathflowassignment", "pk": 38}, {"fields": {"path": 11, "flow": 0.06930693069306931}, "model": "graph.pathflowassignment", "pk": 39}, {"fields": {"path": 12, "flow": 0.0297029702970297}, "model": "graph.pathflowassignment", "pk": 40}, {"fields": {"path": 13, "flow": 0.0891089108910891}, "model": "graph.pathflowassignment", "pk": 41}, {"fields": {"path": 14, "flow": 0.21782178217821782}, "model": "graph.pathflowassignment", "pk": 42}, {"fields": {"path": 8, "flow": 0.07142857142857144}, "model": "graph.pathflowassignment", "pk": 50}, {"fields": {"path": 9, "flow": 0.07142857142857144}, "model": "graph.pathflowassignment", "pk": 51}, {"fields": {"path": 10, "flow": 0.07142857142857144}, "model": "graph.pathflowassignment", "pk": 52}, {"fields": {"path": 11, "flow": 0.07142857142857144}, "model": "graph.pathflowassignment", "pk": 53}, {"fields": {"path": 12, "flow": 0.07142857142857144}, "model": "graph.pathflowassignment", "pk": 54}, {"fields": {"path": 13, "flow": 0.07142857142857144}, "model": "graph.pathflowassignment", "pk": 55}, {"fields": {"path": 14, "flow": 0.07142857142857144}, "model": "graph.pathflowassignment", "pk": 56}, {"fields": {"path": 8, "flow": 0.07142857142857142}, "model": "graph.pathflowassignment", "pk": 64}, {"fields": {"path": 9, "flow": 0.07142857142857142}, "model": "graph.pathflowassignment", "pk": 65}, {"fields": {"path": 10, "flow": 0.07142857142857142}, "model": "graph.pathflowassignment", "pk": 66}, {"fields": {"path": 11, "flow": 0.07142857142857142}, "model": "graph.pathflowassignment", "pk": 67}, {"fields": {"path": 12, "flow": 0.07142857142857142}, "model": "graph.pathflowassignment", "pk": 68}, {"fields": {"path": 13, "flow": 0.07142857142857142}, "model": "graph.pathflowassignment", "pk": 69}, {"fields": {"path": 14, "flow": 0.07142857142857142}, "model": "graph.pathflowassignment", "pk": 70}, {"fields": {"path": 8, "flow": 0.07142857142857142}, "model": "graph.pathflowassignment", "pk": 78}, {"fields": {"path": 9, "flow": 0.07142857142857142}, "model": "graph.pathflowassignment", "pk": 79}, {"fields": {"path": 10, "flow": 0.07142857142857142}, "model": "graph.pathflowassignment", "pk": 80}, {"fields": {"path": 11, "flow": 0.07142857142857142}, "model": "graph.pathflowassignment", "pk": 81}, {"fields": {"path": 12, "flow": 0.07142857142857142}, "model": "graph.pathflowassignment", "pk": 82}, {"fields": {"path": 13, "flow": 0.07142857142857142}, "model": "graph.pathflowassignment", "pk": 83}, {"fields": {"path": 14, "flow": 0.07142857142857142}, "model": "graph.pathflowassignment", "pk": 84}, {"fields": {"path": 8, "flow": 0.04761904761904762}, "model": "graph.pathflowassignment", "pk": 85}, {"fields": {"path": 9, "flow": 0.04761904761904762}, "model": "graph.pathflowassignment", "pk": 86}, {"fields": {"path": 10, "flow": 0.04761904761904762}, "model": "graph.pathflowassignment", "pk": 87}, {"fields": {"path": 11, "flow": 0.04761904761904762}, "model": "graph.pathflowassignment", "pk": 88}, {"fields": {"path": 12, "flow": 0.04761904761904762}, "model": "graph.pathflowassignment", "pk": 89}, {"fields": {"path": 13, "flow": 0.04761904761904762}, "model": "graph.pathflowassignment", "pk": 90}, {"fields": {"path": 14, "flow": 0.04761904761904762}, "model": "graph.pathflowassignment", "pk": 91}, {"fields": {"path": 8, "flow": 0.03571428571428572}, "model": "graph.pathflowassignment", "pk": 92}, {"fields": {"path": 9, "flow": 0.03571428571428572}, "model": "graph.pathflowassignment", "pk": 93}, {"fields": {"path": 10, "flow": 0.03571428571428572}, "model": "graph.pathflowassignment", "pk": 94}, {"fields": {"path": 11, "flow": 0.03571428571428572}, "model": "graph.pathflowassignment", "pk": 95}, {"fields": {"path": 12, "flow": 0.03571428571428572}, "model": "graph.pathflowassignment", "pk": 96}, {"fields": {"path": 13, "flow": 0.03571428571428572}, "model": "graph.pathflowassignment", "pk": 97}, {"fields": {"path": 14, "flow": 0.03571428571428572}, "model": "graph.pathflowassignment", "pk": 98}, {"fields": {"path": 8, "flow": 0.03571428571428571}, "model": "graph.pathflowassignment", "pk": 99}, {"fields": {"path": 9, "flow": 0.03571428571428571}, "model": "graph.pathflowassignment", "pk": 100}, {"fields": {"path": 10, "flow": 0.03571428571428571}, "model": "graph.pathflowassignment", "pk": 101}, {"fields": {"path": 11, "flow": 0.03571428571428571}, "model": "graph.pathflowassignment", "pk": 102}, {"fields": {"path": 12, "flow": 0.03571428571428571}, "model": "graph.pathflowassignment", "pk": 103}, {"fields": {"path": 13, "flow": 0.03571428571428571}, "model": "graph.pathflowassignment", "pk": 104}, {"fields": {"path": 14, "flow": 0.03571428571428571}, "model": "graph.pathflowassignment", "pk": 105}, {"fields": {"path": 8, "flow": 0.03571428571428571}, "model": "graph.pathflowassignment", "pk": 106}, {"fields": {"path": 9, "flow": 0.03571428571428571}, "model": "graph.pathflowassignment", "pk": 107}, {"fields": {"path": 10, "flow": 0.03571428571428571}, "model": "graph.pathflowassignment", "pk": 108}, {"fields": {"path": 11, "flow": 0.03571428571428571}, "model": "graph.pathflowassignment", "pk": 109}, {"fields": {"path": 12, "flow": 0.03571428571428571}, "model": "graph.pathflowassignment", "pk": 110}, {"fields": {"path": 13, "flow": 0.03571428571428571}, "model": "graph.pathflowassignment", "pk": 111}, {"fields": {"path": 14, "flow": 0.03571428571428571}, "model": "graph.pathflowassignment", "pk": 112}, {"fields": {"path": 8, "flow": 0.04134770442750778}, "model": "graph.pathflowassignment", "pk": 113}, {"fields": {"path": 9, "flow": 0.03337246604137484}, "model": "graph.pathflowassignment", "pk": 114}, {"fields": {"path": 10, "flow": 0.04440914762015497}, "model": "graph.pathflowassignment", "pk": 115}, {"fields": {"path": 11, "flow": 0.031071860998060558}, "model": "graph.pathflowassignment", "pk": 116}, {"fields": {"path": 12, "flow": 0.025078650444019263}, "model": "graph.pathflowassignment", "pk": 117}, {"fields": {"path": 13, "flow": 0.03337246604137484}, "model": "graph.pathflowassignment", "pk": 118}, {"fields": {"path": 14, "flow": 0.04134770442750778}, "model": "graph.pathflowassignment", "pk": 119}, {"fields": {"path": 8, "flow": 0.03571428571428571}, "model": "graph.pathflowassignment", "pk": 120}, {"fields": {"path": 9, "flow": 0.03571428571428571}, "model": "graph.pathflowassignment", "pk": 121}, {"fields": {"path": 10, "flow": 0.03571428571428571}, "model": "graph.pathflowassignment", "pk": 122}, {"fields": {"path": 11, "flow": 0.03571428571428571}, "model": "graph.pathflowassignment", "pk": 123}, {"fields": {"path": 12, "flow": 0.03571428571428571}, "model": "graph.pathflowassignment", "pk": 124}, {"fields": {"path": 13, "flow": 0.03571428571428571}, "model": "graph.pathflowassignment", "pk": 125}, {"fields": {"path": 14, "flow": 0.03571428571428571}, "model": "graph.pathflowassignment", "pk": 126}, {"fields": {"path": 8, "flow": 0.044827893292468765}, "model": "graph.pathflowassignment", "pk": 127}, {"fields": {"path": 9, "flow": 0.03136490408644874}, "model": "graph.pathflowassignment", "pk": 128}, {"fields": {"path": 10, "flow": 0.049963359397195935}, "model": "graph.pathflowassignment", "pk": 129}, {"fields": {"path": 11, "flow": 0.02796147292150909}, "model": "graph.pathflowassignment", "pk": 130}, {"fields": {"path": 12, "flow": 0.019689572923459984}, "model": "graph.pathflowassignment", "pk": 131}, {"fields": {"path": 13, "flow": 0.03136490408644874}, "model": "graph.pathflowassignment", "pk": 132}, {"fields": {"path": 14, "flow": 0.044827893292468765}, "model": "graph.pathflowassignment", "pk": 133}, {"fields": {"path": 8, "flow": 0.03571428571428571}, "model": "graph.pathflowassignment", "pk": 134}, {"fields": {"path": 9, "flow": 0.03571428571428571}, "model": "graph.pathflowassignment", "pk": 135}, {"fields": {"path": 10, "flow": 0.03571428571428571}, "model": "graph.pathflowassignment", "pk": 136}, {"fields": {"path": 11, "flow": 0.03571428571428571}, "model": "graph.pathflowassignment", "pk": 137}, {"fields": {"path": 12, "flow": 0.03571428571428571}, "model": "graph.pathflowassignment", "pk": 138}, {"fields": {"path": 13, "flow": 0.03571428571428571}, "model": "graph.pathflowassignment", "pk": 139}, {"fields": {"path": 14, "flow": 0.03571428571428571}, "model": "graph.pathflowassignment", "pk": 140}, {"fields": {"path": 8, "flow": 0.03571428571428572}, "model": "graph.pathflowassignment", "pk": 141}, {"fields": {"path": 9, "flow": 0.03571428571428572}, "model": "graph.pathflowassignment", "pk": 142}, {"fields": {"path": 10, "flow": 0.03571428571428572}, "model": "graph.pathflowassignment", "pk": 143}, {"fields": {"path": 11, "flow": 0.03571428571428572}, "model": "graph.pathflowassignment", "pk": 144}, {"fields": {"path": 12, "flow": 0.03571428571428572}, "model": "graph.pathflowassignment", "pk": 145}, {"fields": {"path": 13, "flow": 0.03571428571428572}, "model": "graph.pathflowassignment", "pk": 146}, {"fields": {"path": 14, "flow": 0.03571428571428572}, "model": "graph.pathflowassignment", "pk": 147}, {"fields": {"path": 8, "flow": 0.028571428571428574}, "model": "graph.pathflowassignment", "pk": 148}, {"fields": {"path": 9, "flow": 0.028571428571428574}, "model": "graph.pathflowassignment", "pk": 149}, {"fields": {"path": 10, "flow": 0.028571428571428574}, "model": "graph.pathflowassignment", "pk": 150}, {"fields": {"path": 11, "flow": 0.028571428571428574}, "model": "graph.pathflowassignment", "pk": 151}, {"fields": {"path": 12, "flow": 0.028571428571428574}, "model": "graph.pathflowassignment", "pk": 152}, {"fields": {"path": 13, "flow": 0.028571428571428574}, "model": "graph.pathflowassignment", "pk": 153}, {"fields": {"path": 14, "flow": 0.028571428571428574}, "model": "graph.pathflowassignment", "pk": 154}, {"fields": {"path": 8, "flow": 0.02857142857142857}, "model": "graph.pathflowassignment", "pk": 155}, {"fields": {"path": 9, "flow": 0.02857142857142857}, "model": "graph.pathflowassignment", "pk": 156}, {"fields": {"path": 10, "flow": 0.02857142857142857}, "model": "graph.pathflowassignment", "pk": 157}, {"fields": {"path": 11, "flow": 0.02857142857142857}, "model": "graph.pathflowassignment", "pk": 158}, {"fields": {"path": 12, "flow": 0.02857142857142857}, "model": "graph.pathflowassignment", "pk": 159}, {"fields": {"path": 13, "flow": 0.02857142857142857}, "model": "graph.pathflowassignment", "pk": 160}, {"fields": {"path": 14, "flow": 0.02857142857142857}, "model": "graph.pathflowassignment", "pk": 161}, {"fields": {"path": 8, "flow": 0.02857142857142857}, "model": "graph.pathflowassignment", "pk": 162}, {"fields": {"path": 9, "flow": 0.02857142857142857}, "model": "graph.pathflowassignment", "pk": 163}, {"fields": {"path": 10, "flow": 0.02857142857142857}, "model": "graph.pathflowassignment", "pk": 164}, {"fields": {"path": 11, "flow": 0.02857142857142857}, "model": "graph.pathflowassignment", "pk": 165}, {"fields": {"path": 12, "flow": 0.02857142857142857}, "model": "graph.pathflowassignment", "pk": 166}, {"fields": {"path": 13, "flow": 0.02857142857142857}, "model": "graph.pathflowassignment", "pk": 167}, {"fields": {"path": 14, "flow": 0.02857142857142857}, "model": "graph.pathflowassignment", "pk": 168}, {"fields": {"path": 8, "flow": 0.032207584588789376}, "model": "graph.pathflowassignment", "pk": 169}, {"fields": {"path": 9, "flow": 0.027133615936081025}, "model": "graph.pathflowassignment", "pk": 170}, {"fields": {"path": 10, "flow": 0.03410161787546381}, "model": "graph.pathflowassignment", "pk": 171}, {"fields": {"path": 11, "flow": 0.025626591490541327}, "model": "graph.pathflowassignment", "pk": 172}, {"fields": {"path": 12, "flow": 0.021589389584254045}, "model": "graph.pathflowassignment", "pk": 173}, {"fields": {"path": 13, "flow": 0.027133615936081025}, "model": "graph.pathflowassignment", "pk": 174}, {"fields": {"path": 14, "flow": 0.032207584588789376}, "model": "graph.pathflowassignment", "pk": 175}, {"fields": {"path": 8, "flow": 0.028571428571428574}, "model": "graph.pathflowassignment", "pk": 176}, {"fields": {"path": 9, "flow": 0.028571428571428574}, "model": "graph.pathflowassignment", "pk": 177}, {"fields": {"path": 10, "flow": 0.028571428571428574}, "model": "graph.pathflowassignment", "pk": 178}, {"fields": {"path": 11, "flow": 0.028571428571428574}, "model": "graph.pathflowassignment", "pk": 179}, {"fields": {"path": 8, "flow": 0.02857142857142857}, "model": "graph.pathflowassignment", "pk": 180}, {"fields": {"path": 12, "flow": 0.028571428571428574}, "model": "graph.pathflowassignment", "pk": 181}, {"fields": {"path": 9, "flow": 0.02857142857142857}, "model": "graph.pathflowassignment", "pk": 182}, {"fields": {"path": 13, "flow": 0.028571428571428574}, "model": "graph.pathflowassignment", "pk": 183}, {"fields": {"path": 10, "flow": 0.02857142857142857}, "model": "graph.pathflowassignment", "pk": 184}, {"fields": {"path": 14, "flow": 0.028571428571428574}, "model": "graph.pathflowassignment", "pk": 185}, {"fields": {"path": 11, "flow": 0.02857142857142857}, "model": "graph.pathflowassignment", "pk": 186}, {"fields": {"path": 12, "flow": 0.02857142857142857}, "model": "graph.pathflowassignment", "pk": 187}, {"fields": {"path": 13, "flow": 0.02857142857142857}, "model": "graph.pathflowassignment", "pk": 188}, {"fields": {"path": 14, "flow": 0.02857142857142857}, "model": "graph.pathflowassignment", "pk": 189}, {"fields": {"path": 8, "flow": 0.02380952380952381}, "model": "graph.pathflowassignment", "pk": 190}, {"fields": {"path": 9, "flow": 0.02380952380952381}, "model": "graph.pathflowassignment", "pk": 191}, {"fields": {"path": 10, "flow": 0.02380952380952381}, "model": "graph.pathflowassignment", "pk": 192}, {"fields": {"path": 11, "flow": 0.02380952380952381}, "model": "graph.pathflowassignment", "pk": 193}, {"fields": {"path": 12, "flow": 0.02380952380952381}, "model": "graph.pathflowassignment", "pk": 194}, {"fields": {"path": 13, "flow": 0.02380952380952381}, "model": "graph.pathflowassignment", "pk": 195}, {"fields": {"path": 14, "flow": 0.02380952380952381}, "model": "graph.pathflowassignment", "pk": 196}, {"fields": {"path": 8, "flow": 0.02380952380952381}, "model": "graph.pathflowassignment", "pk": 197}, {"fields": {"path": 9, "flow": 0.02380952380952381}, "model": "graph.pathflowassignment", "pk": 198}, {"fields": {"path": 10, "flow": 0.02380952380952381}, "model": "graph.pathflowassignment", "pk": 199}, {"fields": {"path": 11, "flow": 0.02380952380952381}, "model": "graph.pathflowassignment", "pk": 200}, {"fields": {"path": 12, "flow": 0.02380952380952381}, "model": "graph.pathflowassignment", "pk": 201}, {"fields": {"path": 13, "flow": 0.02380952380952381}, "model": "graph.pathflowassignment", "pk": 202}, {"fields": {"path": 14, "flow": 0.02380952380952381}, "model": "graph.pathflowassignment", "pk": 203}, {"fields": {"path": 8, "flow": 0.020408163265306124}, "model": "graph.pathflowassignment", "pk": 204}, {"fields": {"path": 9, "flow": 0.020408163265306124}, "model": "graph.pathflowassignment", "pk": 205}, {"fields": {"path": 10, "flow": 0.020408163265306124}, "model": "graph.pathflowassignment", "pk": 206}, {"fields": {"path": 11, "flow": 0.020408163265306124}, "model": "graph.pathflowassignment", "pk": 207}, {"fields": {"path": 12, "flow": 0.020408163265306124}, "model": "graph.pathflowassignment", "pk": 208}, {"fields": {"path": 13, "flow": 0.020408163265306124}, "model": "graph.pathflowassignment", "pk": 209}, {"fields": {"path": 14, "flow": 0.020408163265306124}, "model": "graph.pathflowassignment", "pk": 210}, {"fields": {"path": 8, "flow": 0.02040816326530612}, "model": "graph.pathflowassignment", "pk": 211}, {"fields": {"path": 9, "flow": 0.02040816326530612}, "model": "graph.pathflowassignment", "pk": 212}, {"fields": {"path": 10, "flow": 0.02040816326530612}, "model": "graph.pathflowassignment", "pk": 213}, {"fields": {"path": 11, "flow": 0.02040816326530612}, "model": "graph.pathflowassignment", "pk": 214}, {"fields": {"path": 12, "flow": 0.02040816326530612}, "model": "graph.pathflowassignment", "pk": 215}, {"fields": {"path": 13, "flow": 0.02040816326530612}, "model": "graph.pathflowassignment", "pk": 216}, {"fields": {"path": 14, "flow": 0.02040816326530612}, "model": "graph.pathflowassignment", "pk": 217}, {"fields": {"path": 8, "flow": 0.02040816326530612}, "model": "graph.pathflowassignment", "pk": 218}, {"fields": {"path": 9, "flow": 0.02040816326530612}, "model": "graph.pathflowassignment", "pk": 219}, {"fields": {"path": 10, "flow": 0.02040816326530612}, "model": "graph.pathflowassignment", "pk": 220}, {"fields": {"path": 11, "flow": 0.02040816326530612}, "model": "graph.pathflowassignment", "pk": 221}, {"fields": {"path": 12, "flow": 0.02040816326530612}, "model": "graph.pathflowassignment", "pk": 222}, {"fields": {"path": 13, "flow": 0.02040816326530612}, "model": "graph.pathflowassignment", "pk": 223}, {"fields": {"path": 14, "flow": 0.02040816326530612}, "model": "graph.pathflowassignment", "pk": 224}, {"fields": {"path": 8, "flow": 0.020408163265306124}, "model": "graph.pathflowassignment", "pk": 225}, {"fields": {"path": 9, "flow": 0.020408163265306124}, "model": "graph.pathflowassignment", "pk": 226}, {"fields": {"path": 10, "flow": 0.020408163265306124}, "model": "graph.pathflowassignment", "pk": 227}, {"fields": {"path": 11, "flow": 0.020408163265306124}, "model": "graph.pathflowassignment", "pk": 228}, {"fields": {"path": 12, "flow": 0.020408163265306124}, "model": "graph.pathflowassignment", "pk": 229}, {"fields": {"path": 13, "flow": 0.020408163265306124}, "model": "graph.pathflowassignment", "pk": 230}, {"fields": {"path": 14, "flow": 0.020408163265306124}, "model": "graph.pathflowassignment", "pk": 231}, {"fields": {"path": 8, "flow": 0.01785714285714286}, "model": "graph.pathflowassignment", "pk": 232}, {"fields": {"path": 9, "flow": 0.01785714285714286}, "model": "graph.pathflowassignment", "pk": 233}, {"fields": {"path": 10, "flow": 0.01785714285714286}, "model": "graph.pathflowassignment", "pk": 234}, {"fields": {"path": 11, "flow": 0.01785714285714286}, "model": "graph.pathflowassignment", "pk": 235}, {"fields": {"path": 12, "flow": 0.01785714285714286}, "model": "graph.pathflowassignment", "pk": 236}, {"fields": {"path": 13, "flow": 0.01785714285714286}, "model": "graph.pathflowassignment", "pk": 237}, {"fields": {"path": 14, "flow": 0.01785714285714286}, "model": "graph.pathflowassignment", "pk": 238}, {"fields": {"path": 8, "flow": 0.01785714285714286}, "model": "graph.pathflowassignment", "pk": 239}, {"fields": {"path": 9, "flow": 0.01785714285714286}, "model": "graph.pathflowassignment", "pk": 240}, {"fields": {"path": 10, "flow": 0.01785714285714286}, "model": "graph.pathflowassignment", "pk": 241}, {"fields": {"path": 11, "flow": 0.01785714285714286}, "model": "graph.pathflowassignment", "pk": 242}, {"fields": {"path": 12, "flow": 0.01785714285714286}, "model": "graph.pathflowassignment", "pk": 243}, {"fields": {"path": 13, "flow": 0.01785714285714286}, "model": "graph.pathflowassignment", "pk": 244}, {"fields": {"path": 14, "flow": 0.01785714285714286}, "model": "graph.pathflowassignment", "pk": 245}, {"fields": {"path": 8, "flow": 0.017857142857142856}, "model": "graph.pathflowassignment", "pk": 246}, {"fields": {"path": 9, "flow": 0.017857142857142856}, "model": "graph.pathflowassignment", "pk": 247}, {"fields": {"path": 10, "flow": 0.017857142857142856}, "model": "graph.pathflowassignment", "pk": 248}, {"fields": {"path": 11, "flow": 0.017857142857142856}, "model": "graph.pathflowassignment", "pk": 249}, {"fields": {"path": 12, "flow": 0.017857142857142856}, "model": "graph.pathflowassignment", "pk": 250}, {"fields": {"path": 13, "flow": 0.017857142857142856}, "model": "graph.pathflowassignment", "pk": 251}, {"fields": {"path": 14, "flow": 0.017857142857142856}, "model": "graph.pathflowassignment", "pk": 252}, {"fields": {"path": 8, "flow": 0.019293598010687606}, "model": "graph.pathflowassignment", "pk": 253}, {"fields": {"path": 9, "flow": 0.01733331677196822}, "model": "graph.pathflowassignment", "pk": 254}, {"fields": {"path": 10, "flow": 0.019995107473570802}, "model": "graph.pathflowassignment", "pk": 255}, {"fields": {"path": 11, "flow": 0.016725193722129154}, "model": "graph.pathflowassignment", "pk": 256}, {"fields": {"path": 12, "flow": 0.015025869238988406}, "model": "graph.pathflowassignment", "pk": 257}, {"fields": {"path": 13, "flow": 0.01733331677196822}, "model": "graph.pathflowassignment", "pk": 258}, {"fields": {"path": 14, "flow": 0.019293598010687606}, "model": "graph.pathflowassignment", "pk": 259}, {"fields": {"path": 8, "flow": 0.017857142857142856}, "model": "graph.pathflowassignment", "pk": 260}, {"fields": {"path": 9, "flow": 0.017857142857142856}, "model": "graph.pathflowassignment", "pk": 261}, {"fields": {"path": 10, "flow": 0.017857142857142856}, "model": "graph.pathflowassignment", "pk": 262}, {"fields": {"path": 11, "flow": 0.017857142857142856}, "model": "graph.pathflowassignment", "pk": 263}, {"fields": {"path": 12, "flow": 0.017857142857142856}, "model": "graph.pathflowassignment", "pk": 264}, {"fields": {"path": 13, "flow": 0.017857142857142856}, "model": "graph.pathflowassignment", "pk": 265}, {"fields": {"path": 14, "flow": 0.017857142857142856}, "model": "graph.pathflowassignment", "pk": 266}, {"fields": {"path": 8, "flow": 0.020248888570369983}, "model": "graph.pathflowassignment", "pk": 267}, {"fields": {"path": 9, "flow": 0.016902176173107554}, "model": "graph.pathflowassignment", "pk": 268}, {"fields": {"path": 10, "flow": 0.02144826810431854}, "model": "graph.pathflowassignment", "pk": 269}, {"fields": {"path": 11, "flow": 0.015929946108400535}, "model": "graph.pathflowassignment", "pk": 270}, {"fields": {"path": 12, "flow": 0.013319656300325857}, "model": "graph.pathflowassignment", "pk": 271}, {"fields": {"path": 13, "flow": 0.016902176173107554}, "model": "graph.pathflowassignment", "pk": 272}, {"fields": {"path": 14, "flow": 0.020248888570369983}, "model": "graph.pathflowassignment", "pk": 273}, {"fields": {"path": 8, "flow": 0.017857142857142856}, "model": "graph.pathflowassignment", "pk": 274}, {"fields": {"path": 9, "flow": 0.017857142857142856}, "model": "graph.pathflowassignment", "pk": 275}, {"fields": {"path": 10, "flow": 0.017857142857142856}, "model": "graph.pathflowassignment", "pk": 276}, {"fields": {"path": 11, "flow": 0.017857142857142856}, "model": "graph.pathflowassignment", "pk": 277}, {"fields": {"path": 12, "flow": 0.017857142857142856}, "model": "graph.pathflowassignment", "pk": 278}, {"fields": {"path": 13, "flow": 0.017857142857142856}, "model": "graph.pathflowassignment", "pk": 279}, {"fields": {"path": 14, "flow": 0.017857142857142856}, "model": "graph.pathflowassignment", "pk": 280}, {"fields": {"path": 8, "flow": 0.020993407056168808}, "model": "graph.pathflowassignment", "pk": 281}, {"fields": {"path": 9, "flow": 0.016522480588183126}, "model": "graph.pathflowassignment", "pk": 282}, {"fields": {"path": 10, "flow": 0.02259675077788025}, "model": "graph.pathflowassignment", "pk": 283}, {"fields": {"path": 11, "flow": 0.0152904288543987}, "model": "graph.pathflowassignment", "pk": 284}, {"fields": {"path": 12, "flow": 0.01208104507901719}, "model": "graph.pathflowassignment", "pk": 285}, {"fields": {"path": 13, "flow": 0.016522480588183126}, "model": "graph.pathflowassignment", "pk": 286}, {"fields": {"path": 14, "flow": 0.020993407056168808}, "model": "graph.pathflowassignment", "pk": 287}, {"fields": {"path": 8, "flow": 0.017857142857142856}, "model": "graph.pathflowassignment", "pk": 288}, {"fields": {"path": 9, "flow": 0.017857142857142856}, "model": "graph.pathflowassignment", "pk": 289}, {"fields": {"path": 10, "flow": 0.017857142857142856}, "model": "graph.pathflowassignment", "pk": 290}, {"fields": {"path": 11, "flow": 0.017857142857142856}, "model": "graph.pathflowassignment", "pk": 291}, {"fields": {"path": 12, "flow": 0.017857142857142856}, "model": "graph.pathflowassignment", "pk": 292}, {"fields": {"path": 13, "flow": 0.017857142857142856}, "model": "graph.pathflowassignment", "pk": 293}, {"fields": {"path": 14, "flow": 0.017857142857142856}, "model": "graph.pathflowassignment", "pk": 294}, {"fields": {"path": 8, "flow": 0.021613178708867684}, "model": "graph.pathflowassignment", "pk": 295}, {"fields": {"path": 9, "flow": 0.0161782272207204}, "model": "graph.pathflowassignment", "pk": 296}, {"fields": {"path": 10, "flow": 0.02356236332725514}, "model": "graph.pathflowassignment", "pk": 297}, {"fields": {"path": 11, "flow": 0.014746642142329486}, "model": "graph.pathflowassignment", "pk": 298}, {"fields": {"path": 12, "flow": 0.011108182671239232}, "model": "graph.pathflowassignment", "pk": 299}, {"fields": {"path": 13, "flow": 0.0161782272207204}, "model": "graph.pathflowassignment", "pk": 300}, {"fields": {"path": 14, "flow": 0.021613178708867684}, "model": "graph.pathflowassignment", "pk": 301}, {"fields": {"path": 8, "flow": 0.017857142857142856}, "model": "graph.pathflowassignment", "pk": 302}, {"fields": {"path": 9, "flow": 0.017857142857142856}, "model": "graph.pathflowassignment", "pk": 303}, {"fields": {"path": 10, "flow": 0.017857142857142856}, "model": "graph.pathflowassignment", "pk": 304}, {"fields": {"path": 11, "flow": 0.017857142857142856}, "model": "graph.pathflowassignment", "pk": 305}, {"fields": {"path": 12, "flow": 0.017857142857142856}, "model": "graph.pathflowassignment", "pk": 306}, {"fields": {"path": 13, "flow": 0.017857142857142856}, "model": "graph.pathflowassignment", "pk": 307}, {"fields": {"path": 14, "flow": 0.017857142857142856}, "model": "graph.pathflowassignment", "pk": 308}, {"fields": {"path": 8, "flow": 0.02214838047890204}, "model": "graph.pathflowassignment", "pk": 309}, {"fields": {"path": 9, "flow": 0.015860946828020535}, "model": "graph.pathflowassignment", "pk": 310}, {"fields": {"path": 10, "flow": 0.02440240877685185}, "model": "graph.pathflowassignment", "pk": 311}, {"fields": {"path": 11, "flow": 0.014269723425400676}, "model": "graph.pathflowassignment", "pk": 312}, {"fields": {"path": 12, "flow": 0.010309213183902304}, "model": "graph.pathflowassignment", "pk": 313}, {"fields": {"path": 13, "flow": 0.015860946828020535}, "model": "graph.pathflowassignment", "pk": 314}, {"fields": {"path": 14, "flow": 0.02214838047890204}, "model": "graph.pathflowassignment", "pk": 315}, {"fields": {"path": 8, "flow": 0.017857142857142856}, "model": "graph.pathflowassignment", "pk": 316}, {"fields": {"path": 9, "flow": 0.017857142857142856}, "model": "graph.pathflowassignment", "pk": 317}, {"fields": {"path": 10, "flow": 0.017857142857142856}, "model": "graph.pathflowassignment", "pk": 318}, {"fields": {"path": 11, "flow": 0.017857142857142856}, "model": "graph.pathflowassignment", "pk": 319}, {"fields": {"path": 12, "flow": 0.017857142857142856}, "model": "graph.pathflowassignment", "pk": 320}, {"fields": {"path": 13, "flow": 0.017857142857142856}, "model": "graph.pathflowassignment", "pk": 321}, {"fields": {"path": 14, "flow": 0.017857142857142856}, "model": "graph.pathflowassignment", "pk": 322}, {"fields": {"path": 8, "flow": 0.02262157173175894}, "model": "graph.pathflowassignment", "pk": 323}, {"fields": {"path": 9, "flow": 0.015565387721198122}, "model": "graph.pathflowassignment", "pk": 324}, {"fields": {"path": 10, "flow": 0.025149305165621756}, "model": "graph.pathflowassignment", "pk": 325}, {"fields": {"path": 11, "flow": 0.013843058681976722}, "model": "graph.pathflowassignment", "pk": 326}, {"fields": {"path": 12, "flow": 0.009633717246487402}, "model": "graph.pathflowassignment", "pk": 327}, {"fields": {"path": 13, "flow": 0.015565387721198122}, "model": "graph.pathflowassignment", "pk": 328}, {"fields": {"path": 14, "flow": 0.02262157173175894}, "model": "graph.pathflowassignment", "pk": 329}, {"fields": {"path": 8, "flow": 0.017857142857142856}, "model": "graph.pathflowassignment", "pk": 330}, {"fields": {"path": 9, "flow": 0.017857142857142856}, "model": "graph.pathflowassignment", "pk": 331}, {"fields": {"path": 10, "flow": 0.017857142857142856}, "model": "graph.pathflowassignment", "pk": 332}, {"fields": {"path": 11, "flow": 0.017857142857142856}, "model": "graph.pathflowassignment", "pk": 333}, {"fields": {"path": 12, "flow": 0.017857142857142856}, "model": "graph.pathflowassignment", "pk": 334}, {"fields": {"path": 13, "flow": 0.017857142857142856}, "model": "graph.pathflowassignment", "pk": 335}, {"fields": {"path": 14, "flow": 0.017857142857142856}, "model": "graph.pathflowassignment", "pk": 336}, {"fields": {"path": 8, "flow": 0.023046899678586773}, "model": "graph.pathflowassignment", "pk": 337}, {"fields": {"path": 9, "flow": 0.015287966214048761}, "model": "graph.pathflowassignment", "pk": 338}, {"fields": {"path": 10, "flow": 0.02582353730616981}, "model": "graph.pathflowassignment", "pk": 339}, {"fields": {"path": 11, "flow": 0.0134559990823637}, "model": "graph.pathflowassignment", "pk": 340}, {"fields": {"path": 12, "flow": 0.009050731826195433}, "model": "graph.pathflowassignment", "pk": 341}, {"fields": {"path": 13, "flow": 0.015287966214048761}, "model": "graph.pathflowassignment", "pk": 342}, {"fields": {"path": 14, "flow": 0.023046899678586773}, "model": "graph.pathflowassignment", "pk": 343}, {"fields": {"path": 8, "flow": 0.017857142857142856}, "model": "graph.pathflowassignment", "pk": 344}, {"fields": {"path": 9, "flow": 0.017857142857142856}, "model": "graph.pathflowassignment", "pk": 345}, {"fields": {"path": 10, "flow": 0.017857142857142856}, "model": "graph.pathflowassignment", "pk": 346}, {"fields": {"path": 11, "flow": 0.017857142857142856}, "model": "graph.pathflowassignment", "pk": 347}, {"fields": {"path": 12, "flow": 0.017857142857142856}, "model": "graph.pathflowassignment", "pk": 348}, {"fields": {"path": 13, "flow": 0.017857142857142856}, "model": "graph.pathflowassignment", "pk": 349}, {"fields": {"path": 14, "flow": 0.017857142857142856}, "model": "graph.pathflowassignment", "pk": 350}, {"fields": {"path": 8, "flow": 0.023433919289726046}, "model": "graph.pathflowassignment", "pk": 351}, {"fields": {"path": 9, "flow": 0.015026075588995281}, "model": "graph.pathflowassignment", "pk": 352}, {"fields": {"path": 10, "flow": 0.026439045836140967}, "model": "graph.pathflowassignment", "pk": 353}, {"fields": {"path": 11, "flow": 0.013101210399955036}, "model": "graph.pathflowassignment", "pk": 354}, {"fields": {"path": 12, "flow": 0.008539754006461333}, "model": "graph.pathflowassignment", "pk": 355}, {"fields": {"path": 13, "flow": 0.015026075588995281}, "model": "graph.pathflowassignment", "pk": 356}, {"fields": {"path": 14, "flow": 0.023433919289726046}, "model": "graph.pathflowassignment", "pk": 357}, {"fields": {"path": 8, "flow": 0.017857142857142856}, "model": "graph.pathflowassignment", "pk": 358}, {"fields": {"path": 9, "flow": 0.017857142857142856}, "model": "graph.pathflowassignment", "pk": 359}, {"fields": {"path": 10, "flow": 0.017857142857142856}, "model": "graph.pathflowassignment", "pk": 360}, {"fields": {"path": 11, "flow": 0.017857142857142856}, "model": "graph.pathflowassignment", "pk": 361}, {"fields": {"path": 12, "flow": 0.017857142857142856}, "model": "graph.pathflowassignment", "pk": 362}, {"fields": {"path": 13, "flow": 0.017857142857142856}, "model": "graph.pathflowassignment", "pk": 363}, {"fields": {"path": 14, "flow": 0.017857142857142856}, "model": "graph.pathflowassignment", "pk": 364}, {"fields": {"iteration": 0, "graph_cost": 1, "game_object": null}, "model": "graph.gameturn", "pk": 1}, {"fields": {"iteration": 1, "graph_cost": 2, "game_object": "game_1"}, "model": "graph.gameturn", "pk": 2}, {"fields": {"iteration": 2, "graph_cost": null, "game_object": "game_1"}, "model": "graph.gameturn", "pk": 3}, {"fields": {"iteration": 0, "graph_cost": 3, "game_object": null}, "model": "graph.gameturn", "pk": 4}, {"fields": {"iteration": 1, "graph_cost": 4, "game_object": "game_2"}, "model": "graph.gameturn", "pk": 5}, {"fields": {"iteration": 2, "graph_cost": null, "game_object": "game_2"}, "model": "graph.gameturn", "pk": 6}, {"fields": {"iteration": 0, "graph_cost": 5, "game_object": null}, "model": "graph.gameturn", "pk": 7}, {"fields": {"iteration": 1, "graph_cost": 6, "game_object": "game_3"}, "model": "graph.gameturn", "pk": 8}, {"fields": {"iteration": 2, "graph_cost": 7, "game_object": "game_3"}, "model": "graph.gameturn", "pk": 9}, {"fields": {"iteration": 3, "graph_cost": null, "game_object": "game_3"}, "model": "graph.gameturn", "pk": 10}, {"fields": {"iteration": 0, "graph_cost": 8, "game_object": null}, "model": "graph.gameturn", "pk": 11}, {"fields": {"iteration": 1, "graph_cost": 9, "game_object": "game_4"}, "model": "graph.gameturn", "pk": 12}, {"fields": {"iteration": 0, "graph_cost": null, "game_object": null}, "model": "graph.gameturn", "pk": 13}, {"fields": {"iteration": 2, "graph_cost": null, "game_object": "game_4"}, "model": "graph.gameturn", "pk": 14}, {"fields": {"iteration": 0, "graph_cost": 10, "game_object": null}, "model": "graph.gameturn", "pk": 15}, {"fields": {"iteration": 1, "graph_cost": null, "game_object": "game_6"}, "model": "graph.gameturn", "pk": 16}, {"fields": {"iteration": 0, "graph_cost": 11, "game_object": null}, "model": "graph.gameturn", "pk": 17}, {"fields": {"iteration": 1, "graph_cost": 12, "game_object": "game_7"}, "model": "graph.gameturn", "pk": 18}, {"fields": {"iteration": 2, "graph_cost": 13, "game_object": "game_7"}, "model": "graph.gameturn", "pk": 19}, {"fields": {"iteration": 3, "graph_cost": 14, "game_object": "game_7"}, "model": "graph.gameturn", "pk": 20}, {"fields": {"iteration": 4, "graph_cost": 15, "game_object": "game_7"}, "model": "graph.gameturn", "pk": 21}, {"fields": {"iteration": 5, "graph_cost": 16, "game_object": "game_7"}, "model": "graph.gameturn", "pk": 22}, {"fields": {"iteration": 6, "graph_cost": 17, "game_object": "game_7"}, "model": "graph.gameturn", "pk": 23}, {"fields": {"iteration": 7, "graph_cost": 18, "game_object": "game_7"}, "model": "graph.gameturn", "pk": 24}, {"fields": {"iteration": 8, "graph_cost": 19, "game_object": "game_7"}, "model": "graph.gameturn", "pk": 25}, {"fields": {"iteration": 9, "graph_cost": null, "game_object": "game_7"}, "model": "graph.gameturn", "pk": 26}, {"fields": {"player": 3, "path_assignments": [], "turn": 1}, "model": "graph.flowdistribution", "pk": 1}, {"fields": {"player": 2, "path_assignments": [22, 23, 24, 25, 26, 27, 28], "turn": 1}, "model": "graph.flowdistribution", "pk": 2}, {"fields": {"player": 3, "path_assignments": [], "turn": 2}, "model": "graph.flowdistribution", "pk": 3}, {"fields": {"player": 2, "path_assignments": [36, 37, 38, 39, 40, 41, 42], "turn": 2}, "model": "graph.flowdistribution", "pk": 4}, {"fields": {"player": 3, "path_assignments": [], "turn": 4}, "model": "graph.flowdistribution", "pk": 5}, {"fields": {"player": 4, "path_assignments": [64, 65, 66, 67, 68, 69, 70], "turn": 4}, "model": "graph.flowdistribution", "pk": 6}, {"fields": {"player": 3, "path_assignments": [], "turn": 5}, "model": "graph.flowdistribution", "pk": 7}, {"fields": {"player": 4, "path_assignments": [78, 79, 80, 81, 82, 83, 84], "turn": 5}, "model": "graph.flowdistribution", "pk": 8}, {"fields": {"player": 3, "path_assignments": [99, 100, 101, 102, 103, 104, 105], "turn": 7}, "model": "graph.flowdistribution", "pk": 9}, {"fields": {"player": 5, "path_assignments": [106, 107, 108, 109, 110, 111, 112], "turn": 7}, "model": "graph.flowdistribution", "pk": 10}, {"fields": {"player": 3, "path_assignments": [113, 114, 115, 116, 117, 118, 119], "turn": 8}, "model": "graph.flowdistribution", "pk": 11}, {"fields": {"player": 5, "path_assignments": [120, 121, 122, 123, 124, 125, 126], "turn": 8}, "model": "graph.flowdistribution", "pk": 12}, {"fields": {"player": 3, "path_assignments": [127, 128, 129, 130, 131, 132, 133], "turn": 9}, "model": "graph.flowdistribution", "pk": 13}, {"fields": {"player": 5, "path_assignments": [134, 135, 136, 137, 138, 139, 140], "turn": 9}, "model": "graph.flowdistribution", "pk": 14}, {"fields": {"player": 3, "path_assignments": [155, 156, 157, 158, 159, 160, 161], "turn": 11}, "model": "graph.flowdistribution", "pk": 15}, {"fields": {"player": 6, "path_assignments": [162, 163, 164, 165, 166, 167, 168], "turn": 11}, "model": "graph.flowdistribution", "pk": 16}, {"fields": {"player": 3, "path_assignments": [169, 170, 171, 172, 173, 174, 175], "turn": 12}, "model": "graph.flowdistribution", "pk": 17}, {"fields": {"player": 3, "path_assignments": [176, 177, 178, 179, 181, 183, 185], "turn": 13}, "model": "graph.flowdistribution", "pk": 18}, {"fields": {"player": 6, "path_assignments": [180, 182, 184, 186, 187, 188, 189], "turn": 12}, "model": "graph.flowdistribution", "pk": 19}, {"fields": {"player": 7, "path_assignments": [190, 191, 192, 193, 194, 195, 196], "turn": 13}, "model": "graph.flowdistribution", "pk": 20}, {"fields": {"player": 3, "path_assignments": [211, 212, 213, 214, 215, 216, 217], "turn": 15}, "model": "graph.flowdistribution", "pk": 21}, {"fields": {"player": 8, "path_assignments": [218, 219, 220, 221, 222, 223, 224], "turn": 15}, "model": "graph.flowdistribution", "pk": 22}, {"fields": {"player": 3, "path_assignments": [239, 240, 241, 242, 243, 244, 245], "turn": 17}, "model": "graph.flowdistribution", "pk": 23}, {"fields": {"player": 9, "path_assignments": [246, 247, 248, 249, 250, 251, 252], "turn": 17}, "model": "graph.flowdistribution", "pk": 24}, {"fields": {"player": 3, "path_assignments": [253, 254, 255, 256, 257, 258, 259], "turn": 18}, "model": "graph.flowdistribution", "pk": 25}, {"fields": {"player": 9, "path_assignments": [260, 261, 262, 263, 264, 265, 266], "turn": 18}, "model": "graph.flowdistribution", "pk": 26}, {"fields": {"player": 3, "path_assignments": [267, 268, 269, 270, 271, 272, 273], "turn": 19}, "model": "graph.flowdistribution", "pk": 27}, {"fields": {"player": 9, "path_assignments": [274, 275, 276, 277, 278, 279, 280], "turn": 19}, "model": "graph.flowdistribution", "pk": 28}, {"fields": {"player": 3, "path_assignments": [281, 282, 283, 284, 285, 286, 287], "turn": 20}, "model": "graph.flowdistribution", "pk": 29}, {"fields": {"player": 9, "path_assignments": [288, 289, 290, 291, 292, 293, 294], "turn": 20}, "model": "graph.flowdistribution", "pk": 30}, {"fields": {"player": 3, "path_assignments": [295, 296, 297, 298, 299, 300, 301], "turn": 21}, "model": "graph.flowdistribution", "pk": 31}, {"fields": {"player": 9, "path_assignments": [302, 303, 304, 305, 306, 307, 308], "turn": 21}, "model": "graph.flowdistribution", "pk": 32}, {"fields": {"player": 3, "path_assignments": [309, 310, 311, 312, 313, 314, 315], "turn": 22}, "model": "graph.flowdistribution", "pk": 33}, {"fields": {"player": 9, "path_assignments": [316, 317, 318, 319, 320, 321, 322], "turn": 22}, "model": "graph.flowdistribution", "pk": 34}, {"fields": {"player": 3, "path_assignments": [323, 324, 325, 326, 327, 328, 329], "turn": 23}, "model": "graph.flowdistribution", "pk": 35}, {"fields": {"player": 9, "path_assignments": [330, 331, 332, 333, 334, 335, 336], "turn": 23}, "model": "graph.flowdistribution", "pk": 36}, {"fields": {"player": 3, "path_assignments": [337, 338, 339, 340, 341, 342, 343], "turn": 24}, "model": "graph.flowdistribution", "pk": 37}, {"fields": {"player": 9, "path_assignments": [344, 345, 346, 347, 348, 349, 350], "turn": 24}, "model": "graph.flowdistribution", "pk": 38}, {"fields": {"player": 3, "path_assignments": [351, 352, 353, 354, 355, 356, 357], "turn": 25}, "model": "graph.flowdistribution", "pk": 39}, {"fields": {"player": 9, "path_assignments": [358, 359, 360, 361, 362, 363, 364], "turn": 25}, "model": "graph.flowdistribution", "pk": 40}, {"fields": {"player": 3, "learning_rate": 0.9994243755145752, "turn": 1}, "model": "graph.learningrate", "pk": 1}, {"fields": {"player": 2, "learning_rate": 1.0086742585398936, "turn": 1}, "model": "graph.learningrate", "pk": 2}, {"fields": {"edge": "13ad62e4ea5367c5c0744dbf95619c94", "cost": 0.5714285714285714}, "model": "graph.edgecost", "pk": 1}, {"fields": {"edge": "175ca831d92b39d2db28eb31e9b0a26b", "cost": 0.2857142857142857}, "model": "graph.edgecost", "pk": 2}, {"fields": {"edge": "2d730e2573a07fda1918ba3f32c92a55", "cost": 0.5714285714285714}, "model": "graph.edgecost", "pk": 3}, {"fields": {"edge": "6a286d89d27563413f4e0dfc5d7eb714", "cost": 1.1428571428571426}, "model": "graph.edgecost", "pk": 4}, {"fields": {"edge": "90dbafdb4f7a61f4e247158e8fd76ec4", "cost": 0.2857142857142857}, "model": "graph.edgecost", "pk": 5}, {"fields": {"edge": "9bd0597b19ba9d536215502225a06bf7", "cost": 0.2857142857142857}, "model": "graph.edgecost", "pk": 6}, {"fields": {"edge": "a84a1dca6589c826ec01f3c198e87d9c", "cost": 1.1428571428571426}, "model": "graph.edgecost", "pk": 7}, {"fields": {"edge": "ddc3b6fc049764ea432beec22f07866c", "cost": 0.5714285714285714}, "model": "graph.edgecost", "pk": 8}, {"fields": {"edge": "e3de3a730766ae7e1ba2564e7bebfa1e", "cost": 0.5714285714285714}, "model": "graph.edgecost", "pk": 9}, {"fields": {"edge": "13ad62e4ea5367c5c0744dbf95619c94", "cost": 0.7550030046961156}, "model": "graph.edgecost", "pk": 10}, {"fields": {"edge": "175ca831d92b39d2db28eb31e9b0a26b", "cost": 0.13813024164332185}, "model": "graph.edgecost", "pk": 11}, {"fields": {"edge": "2d730e2573a07fda1918ba3f32c92a55", "cost": 0.2396026448551999}, "model": "graph.edgecost", "pk": 12}, {"fields": {"edge": "6a286d89d27563413f4e0dfc5d7eb714", "cost": 0.8113649409012031}, "model": "graph.edgecost", "pk": 13}, {"fields": {"edge": "90dbafdb4f7a61f4e247158e8fd76ec4", "cost": 0.4336320544026814}, "model": "graph.edgecost", "pk": 14}, {"fields": {"edge": "9bd0597b19ba9d536215502225a06bf7", "cost": 0.4336320544026814}, "model": "graph.edgecost", "pk": 15}, {"fields": {"edge": "a84a1dca6589c826ec01f3c198e87d9c", "cost": 0.811364940901203}, "model": "graph.edgecost", "pk": 16}, {"fields": {"edge": "ddc3b6fc049764ea432beec22f07866c", "cost": 0.2396026448551999}, "model": "graph.edgecost", "pk": 17}, {"fields": {"edge": "e3de3a730766ae7e1ba2564e7bebfa1e", "cost": 0.7550030046961156}, "model": "graph.edgecost", "pk": 18}, {"fields": {"edge": "13ad62e4ea5367c5c0744dbf95619c94", "cost": 0.4285714285714285}, "model": "graph.edgecost", "pk": 19}, {"fields": {"edge": "175ca831d92b39d2db28eb31e9b0a26b", "cost": 0.21428571428571427}, "model": "graph.edgecost", "pk": 20}, {"fields": {"edge": "2d730e2573a07fda1918ba3f32c92a55", "cost": 0.4285714285714285}, "model": "graph.edgecost", "pk": 21}, {"fields": {"edge": "6a286d89d27563413f4e0dfc5d7eb714", "cost": 0.857142857142857}, "model": "graph.edgecost", "pk": 22}, {"fields": {"edge": "90dbafdb4f7a61f4e247158e8fd76ec4", "cost": 0.21428571428571427}, "model": "graph.edgecost", "pk": 23}, {"fields": {"edge": "9bd0597b19ba9d536215502225a06bf7", "cost": 0.21428571428571427}, "model": "graph.edgecost", "pk": 24}, {"fields": {"edge": "a84a1dca6589c826ec01f3c198e87d9c", "cost": 0.857142857142857}, "model": "graph.edgecost", "pk": 25}, {"fields": {"edge": "ddc3b6fc049764ea432beec22f07866c", "cost": 0.4285714285714285}, "model": "graph.edgecost", "pk": 26}, {"fields": {"edge": "e3de3a730766ae7e1ba2564e7bebfa1e", "cost": 0.4285714285714285}, "model": "graph.edgecost", "pk": 27}, {"fields": {"edge": "13ad62e4ea5367c5c0744dbf95619c94", "cost": 0.5002376072053675}, "model": "graph.edgecost", "pk": 28}, {"fields": {"edge": "175ca831d92b39d2db28eb31e9b0a26b", "cost": 0.15736783083855993}, "model": "graph.edgecost", "pk": 29}, {"fields": {"edge": "2d730e2573a07fda1918ba3f32c92a55", "cost": 0.2945197075019487}, "model": "graph.edgecost", "pk": 30}, {"fields": {"edge": "6a286d89d27563413f4e0dfc5d7eb714", "cost": 0.7258249655675705}, "model": "graph.edgecost", "pk": 31}, {"fields": {"edge": "90dbafdb4f7a61f4e247158e8fd76ec4", "cost": 0.2739374272270618}, "model": "graph.edgecost", "pk": 32}, {"fields": {"edge": "9bd0597b19ba9d536215502225a06bf7", "cost": 0.2739374272270618}, "model": "graph.edgecost", "pk": 33}, {"fields": {"edge": "a84a1dca6589c826ec01f3c198e87d9c", "cost": 0.7258249655675705}, "model": "graph.edgecost", "pk": 34}, {"fields": {"edge": "ddc3b6fc049764ea432beec22f07866c", "cost": 0.2945197075019487}, "model": "graph.edgecost", "pk": 35}, {"fields": {"edge": "e3de3a730766ae7e1ba2564e7bebfa1e", "cost": 0.5002376072053675}, "model": "graph.edgecost", "pk": 36}, {"fields": {"edge": "13ad62e4ea5367c5c0744dbf95619c94", "cost": 0.14285714285714285}, "model": "graph.edgecost", "pk": 37}, {"fields": {"edge": "175ca831d92b39d2db28eb31e9b0a26b", "cost": 0.07142857142857142}, "model": "graph.edgecost", "pk": 38}, {"fields": {"edge": "2d730e2573a07fda1918ba3f32c92a55", "cost": 0.14285714285714285}, "model": "graph.edgecost", "pk": 39}, {"fields": {"edge": "6a286d89d27563413f4e0dfc5d7eb714", "cost": 0.28571428571428564}, "model": "graph.edgecost", "pk": 40}, {"fields": {"edge": "90dbafdb4f7a61f4e247158e8fd76ec4", "cost": 0.07142857142857142}, "model": "graph.edgecost", "pk": 41}, {"fields": {"edge": "9bd0597b19ba9d536215502225a06bf7", "cost": 0.07142857142857142}, "model": "graph.edgecost", "pk": 42}, {"fields": {"edge": "a84a1dca6589c826ec01f3c198e87d9c", "cost": 0.28571428571428564}, "model": "graph.edgecost", "pk": 43}, {"fields": {"edge": "ddc3b6fc049764ea432beec22f07866c", "cost": 0.14285714285714285}, "model": "graph.edgecost", "pk": 44}, {"fields": {"edge": "e3de3a730766ae7e1ba2564e7bebfa1e", "cost": 0.14285714285714285}, "model": "graph.edgecost", "pk": 45}, {"fields": {"edge": "13ad62e4ea5367c5c0744dbf95619c94", "cost": 0.14921018509010123}, "model": "graph.edgecost", "pk": 46}, {"fields": {"edge": "175ca831d92b39d2db28eb31e9b0a26b", "cost": 0.06678614671234627}, "model": "graph.edgecost", "pk": 47}, {"fields": {"edge": "2d730e2573a07fda1918ba3f32c92a55", "cost": 0.12987968791396554}, "model": "graph.edgecost", "pk": 48}, {"fields": {"edge": "6a286d89d27563413f4e0dfc5d7eb714", "cost": 0.27372782476810525}, "model": "graph.edgecost", "pk": 49}, {"fields": {"edge": "90dbafdb4f7a61f4e247158e8fd76ec4", "cost": 0.07706199014179349}, "model": "graph.edgecost", "pk": 50}, {"fields": {"edge": "9bd0597b19ba9d536215502225a06bf7", "cost": 0.07706199014179349}, "model": "graph.edgecost", "pk": 51}, {"fields": {"edge": "a84a1dca6589c826ec01f3c198e87d9c", "cost": 0.27372782476810525}, "model": "graph.edgecost", "pk": 52}, {"fields": {"edge": "ddc3b6fc049764ea432beec22f07866c", "cost": 0.12987968791396554}, "model": "graph.edgecost", "pk": 53}, {"fields": {"edge": "e3de3a730766ae7e1ba2564e7bebfa1e", "cost": 0.14921018509010123}, "model": "graph.edgecost", "pk": 54}, {"fields": {"edge": "13ad62e4ea5367c5c0744dbf95619c94", "cost": 0.1527568349122161}, "model": "graph.edgecost", "pk": 55}, {"fields": {"edge": "175ca831d92b39d2db28eb31e9b0a26b", "cost": 0.0636757586357948}, "model": "graph.edgecost", "pk": 56}, {"fields": {"edge": "2d730e2573a07fda1918ba3f32c92a55", "cost": 0.12248304843848015}, "model": "graph.edgecost", "pk": 57}, {"fields": {"edge": "6a286d89d27563413f4e0dfc5d7eb714", "cost": 0.2667009860810294}, "model": "graph.edgecost", "pk": 58}, {"fields": {"edge": "90dbafdb4f7a61f4e247158e8fd76ec4", "cost": 0.08054217900675448}, "model": "graph.edgecost", "pk": 59}, {"fields": {"edge": "9bd0597b19ba9d536215502225a06bf7", "cost": 0.08054217900675448}, "model": "graph.edgecost", "pk": 60}, {"fields": {"edge": "a84a1dca6589c826ec01f3c198e87d9c", "cost": 0.2667009860810294}, "model": "graph.edgecost", "pk": 61}, {"fields": {"edge": "ddc3b6fc049764ea432beec22f07866c", "cost": 0.12248304843848015}, "model": "graph.edgecost", "pk": 62}, {"fields": {"edge": "e3de3a730766ae7e1ba2564e7bebfa1e", "cost": 0.1527568349122161}, "model": "graph.edgecost", "pk": 63}, {"fields": {"edge": "13ad62e4ea5367c5c0744dbf95619c94", "cost": 0.11428571428571428}, "model": "graph.edgecost", "pk": 64}, {"fields": {"edge": "175ca831d92b39d2db28eb31e9b0a26b", "cost": 0.05714285714285714}, "model": "graph.edgecost", "pk": 65}, {"fields": {"edge": "2d730e2573a07fda1918ba3f32c92a55", "cost": 0.11428571428571428}, "model": "graph.edgecost", "pk": 66}, {"fields": {"edge": "6a286d89d27563413f4e0dfc5d7eb714", "cost": 0.2285714285714286}, "model": "graph.edgecost", "pk": 67}, {"fields": {"edge": "90dbafdb4f7a61f4e247158e8fd76ec4", "cost": 0.05714285714285714}, "model": "graph.edgecost", "pk": 68}, {"fields": {"edge": "9bd0597b19ba9d536215502225a06bf7", "cost": 0.05714285714285714}, "model": "graph.edgecost", "pk": 69}, {"fields": {"edge": "a84a1dca6589c826ec01f3c198e87d9c", "cost": 0.2285714285714286}, "model": "graph.edgecost", "pk": 70}, {"fields": {"edge": "ddc3b6fc049764ea432beec22f07866c", "cost": 0.11428571428571428}, "model": "graph.edgecost", "pk": 71}, {"fields": {"edge": "e3de3a730766ae7e1ba2564e7bebfa1e", "cost": 0.11428571428571428}, "model": "graph.edgecost", "pk": 72}, {"fields": {"edge": "13ad62e4ea5367c5c0744dbf95619c94", "cost": 0.11837809095440198}, "model": "graph.edgecost", "pk": 73}, {"fields": {"edge": "175ca831d92b39d2db28eb31e9b0a26b", "cost": 0.0541980200619699}, "model": "graph.edgecost", "pk": 74}, {"fields": {"edge": "2d730e2573a07fda1918ba3f32c92a55", "cost": 0.1058658626631922}, "model": "graph.edgecost", "pk": 75}, {"fields": {"edge": "6a286d89d27563413f4e0dfc5d7eb714", "cost": 0.22084289588538009}, "model": "graph.edgecost", "pk": 76}, {"fields": {"edge": "90dbafdb4f7a61f4e247158e8fd76ec4", "cost": 0.06077901316021794}, "model": "graph.edgecost", "pk": 77}, {"fields": {"edge": "9bd0597b19ba9d536215502225a06bf7", "cost": 0.06077901316021794}, "model": "graph.edgecost", "pk": 78}, {"fields": {"edge": "a84a1dca6589c826ec01f3c198e87d9c", "cost": 0.22084289588538009}, "model": "graph.edgecost", "pk": 79}, {"fields": {"edge": "ddc3b6fc049764ea432beec22f07866c", "cost": 0.1058658626631922}, "model": "graph.edgecost", "pk": 80}, {"fields": {"edge": "e3de3a730766ae7e1ba2564e7bebfa1e", "cost": 0.11837809095440198}, "model": "graph.edgecost", "pk": 81}, {"fields": {"edge": "13ad62e4ea5367c5c0744dbf95619c94", "cost": 0.08163265306122448}, "model": "graph.edgecost", "pk": 82}, {"fields": {"edge": "175ca831d92b39d2db28eb31e9b0a26b", "cost": 0.04081632653061224}, "model": "graph.edgecost", "pk": 83}, {"fields": {"edge": "2d730e2573a07fda1918ba3f32c92a55", "cost": 0.08163265306122448}, "model": "graph.edgecost", "pk": 84}, {"fields": {"edge": "6a286d89d27563413f4e0dfc5d7eb714", "cost": 0.16326530612244897}, "model": "graph.edgecost", "pk": 85}, {"fields": {"edge": "90dbafdb4f7a61f4e247158e8fd76ec4", "cost": 0.04081632653061224}, "model": "graph.edgecost", "pk": 86}, {"fields": {"edge": "9bd0597b19ba9d536215502225a06bf7", "cost": 0.04081632653061224}, "model": "graph.edgecost", "pk": 87}, {"fields": {"edge": "a84a1dca6589c826ec01f3c198e87d9c", "cost": 0.16326530612244897}, "model": "graph.edgecost", "pk": 88}, {"fields": {"edge": "ddc3b6fc049764ea432beec22f07866c", "cost": 0.08163265306122448}, "model": "graph.edgecost", "pk": 89}, {"fields": {"edge": "e3de3a730766ae7e1ba2564e7bebfa1e", "cost": 0.08163265306122448}, "model": "graph.edgecost", "pk": 90}, {"fields": {"edge": "13ad62e4ea5367c5c0744dbf95619c94", "cost": 0.07142857142857142}, "model": "graph.edgecost", "pk": 91}, {"fields": {"edge": "175ca831d92b39d2db28eb31e9b0a26b", "cost": 0.03571428571428571}, "model": "graph.edgecost", "pk": 92}, {"fields": {"edge": "2d730e2573a07fda1918ba3f32c92a55", "cost": 0.07142857142857142}, "model": "graph.edgecost", "pk": 93}, {"fields": {"edge": "6a286d89d27563413f4e0dfc5d7eb714", "cost": 0.14285714285714285}, "model": "graph.edgecost", "pk": 94}, {"fields": {"edge": "90dbafdb4f7a61f4e247158e8fd76ec4", "cost": 0.03571428571428571}, "model": "graph.edgecost", "pk": 95}, {"fields": {"edge": "9bd0597b19ba9d536215502225a06bf7", "cost": 0.03571428571428571}, "model": "graph.edgecost", "pk": 96}, {"fields": {"edge": "a84a1dca6589c826ec01f3c198e87d9c", "cost": 0.14285714285714285}, "model": "graph.edgecost", "pk": 97}, {"fields": {"edge": "ddc3b6fc049764ea432beec22f07866c", "cost": 0.07142857142857142}, "model": "graph.edgecost", "pk": 98}, {"fields": {"edge": "e3de3a730766ae7e1ba2564e7bebfa1e", "cost": 0.07142857142857142}, "model": "graph.edgecost", "pk": 99}, {"fields": {"edge": "13ad62e4ea5367c5c0744dbf95619c94", "cost": 0.07304270995982473}, "model": "graph.edgecost", "pk": 100}, {"fields": {"edge": "175ca831d92b39d2db28eb31e9b0a26b", "cost": 0.03458233657927201}, "model": "graph.edgecost", "pk": 101}, {"fields": {"edge": "2d730e2573a07fda1918ba3f32c92a55", "cost": 0.06807347172524233}, "model": "graph.edgecost", "pk": 102}, {"fields": {"edge": "6a286d89d27563413f4e0dfc5d7eb714", "cost": 0.13980654917234478}, "model": "graph.edgecost", "pk": 103}, {"fields": {"edge": "90dbafdb4f7a61f4e247158e8fd76ec4", "cost": 0.03715074086783046}, "model": "graph.edgecost", "pk": 104}, {"fields": {"edge": "9bd0597b19ba9d536215502225a06bf7", "cost": 0.03715074086783046}, "model": "graph.edgecost", "pk": 105}, {"fields": {"edge": "a84a1dca6589c826ec01f3c198e87d9c", "cost": 0.13980654917234478}, "model": "graph.edgecost", "pk": 106}, {"fields": {"edge": "ddc3b6fc049764ea432beec22f07866c", "cost": 0.06807347172524233}, "model": "graph.edgecost", "pk": 107}, {"fields": {"edge": "e3de3a730766ae7e1ba2564e7bebfa1e", "cost": 0.07304270995982473}, "model": "graph.edgecost", "pk": 108}, {"fields": {"edge": "13ad62e4ea5367c5c0744dbf95619c94", "cost": 0.0740647299917118}, "model": "graph.edgecost", "pk": 109}, {"fields": {"edge": "175ca831d92b39d2db28eb31e9b0a26b", "cost": 0.03378708896554339}, "model": "graph.edgecost", "pk": 110}, {"fields": {"edge": "2d730e2573a07fda1918ba3f32c92a55", "cost": 0.06593611818771913}, "model": "graph.edgecost", "pk": 111}, {"fields": {"edge": "6a286d89d27563413f4e0dfc5d7eb714", "cost": 0.13782923858077534}, "model": "graph.edgecost", "pk": 112}, {"fields": {"edge": "90dbafdb4f7a61f4e247158e8fd76ec4", "cost": 0.03810603142751284}, "model": "graph.edgecost", "pk": 113}, {"fields": {"edge": "9bd0597b19ba9d536215502225a06bf7", "cost": 0.03810603142751284}, "model": "graph.edgecost", "pk": 114}, {"fields": {"edge": "a84a1dca6589c826ec01f3c198e87d9c", "cost": 0.13782923858077534}, "model": "graph.edgecost", "pk": 115}, {"fields": {"edge": "ddc3b6fc049764ea432beec22f07866c", "cost": 0.06593611818771913}, "model": "graph.edgecost", "pk": 116}, {"fields": {"edge": "e3de3a730766ae7e1ba2564e7bebfa1e", "cost": 0.0740647299917118}, "model": "graph.edgecost", "pk": 117}, {"fields": {"edge": "13ad62e4ea5367c5c0744dbf95619c94", "cost": 0.07483351708034909}, "model": "graph.edgecost", "pk": 118}, {"fields": {"edge": "175ca831d92b39d2db28eb31e9b0a26b", "cost": 0.033147571711541556}, "model": "graph.edgecost", "pk": 119}, {"fields": {"edge": "2d730e2573a07fda1918ba3f32c92a55", "cost": 0.06431781138148604}, "model": "graph.edgecost", "pk": 120}, {"fields": {"edge": "6a286d89d27563413f4e0dfc5d7eb714", "cost": 0.13631593300633923}, "model": "graph.edgecost", "pk": 121}, {"fields": {"edge": "90dbafdb4f7a61f4e247158e8fd76ec4", "cost": 0.03885054991331166}, "model": "graph.edgecost", "pk": 122}, {"fields": {"edge": "9bd0597b19ba9d536215502225a06bf7", "cost": 0.03885054991331166}, "model": "graph.edgecost", "pk": 123}, {"fields": {"edge": "a84a1dca6589c826ec01f3c198e87d9c", "cost": 0.13631593300633923}, "model": "graph.edgecost", "pk": 124}, {"fields": {"edge": "ddc3b6fc049764ea432beec22f07866c", "cost": 0.06431781138148604}, "model": "graph.edgecost", "pk": 125}, {"fields": {"edge": "e3de3a730766ae7e1ba2564e7bebfa1e", "cost": 0.07483351708034909}, "model": "graph.edgecost", "pk": 126}, {"fields": {"edge": "13ad62e4ea5367c5c0744dbf95619c94", "cost": 0.07545487626226124}, "model": "graph.edgecost", "pk": 127}, {"fields": {"edge": "175ca831d92b39d2db28eb31e9b0a26b", "cost": 0.03260378499947234}, "model": "graph.edgecost", "pk": 128}, {"fields": {"edge": "2d730e2573a07fda1918ba3f32c92a55", "cost": 0.06300069560624535}, "model": "graph.edgecost", "pk": 129}, {"fields": {"edge": "6a286d89d27563413f4e0dfc5d7eb714", "cost": 0.1350748021717282}, "model": "graph.edgecost", "pk": 130}, {"fields": {"edge": "90dbafdb4f7a61f4e247158e8fd76ec4", "cost": 0.03947032156601054}, "model": "graph.edgecost", "pk": 131}, {"fields": {"edge": "9bd0597b19ba9d536215502225a06bf7", "cost": 0.03947032156601054}, "model": "graph.edgecost", "pk": 132}, {"fields": {"edge": "a84a1dca6589c826ec01f3c198e87d9c", "cost": 0.1350748021717282}, "model": "graph.edgecost", "pk": 133}, {"fields": {"edge": "ddc3b6fc049764ea432beec22f07866c", "cost": 0.06300069560624535}, "model": "graph.edgecost", "pk": 134}, {"fields": {"edge": "e3de3a730766ae7e1ba2564e7bebfa1e", "cost": 0.07545487626226124}, "model": "graph.edgecost", "pk": 135}, {"fields": {"edge": "13ad62e4ea5367c5c0744dbf95619c94", "cost": 0.0759776413191581}, "model": "graph.edgecost", "pk": 136}, {"fields": {"edge": "175ca831d92b39d2db28eb31e9b0a26b", "cost": 0.032126866282543534}, "model": "graph.edgecost", "pk": 137}, {"fields": {"edge": "2d730e2573a07fda1918ba3f32c92a55", "cost": 0.061884445726208555}, "model": "graph.edgecost", "pk": 138}, {"fields": {"edge": "6a286d89d27563413f4e0dfc5d7eb714", "cost": 0.13401683534479697}, "model": "graph.edgecost", "pk": 139}, {"fields": {"edge": "90dbafdb4f7a61f4e247158e8fd76ec4", "cost": 0.040005523336044894}, "model": "graph.edgecost", "pk": 140}, {"fields": {"edge": "9bd0597b19ba9d536215502225a06bf7", "cost": 0.040005523336044894}, "model": "graph.edgecost", "pk": 141}, {"fields": {"edge": "a84a1dca6589c826ec01f3c198e87d9c", "cost": 0.13401683534479694}, "model": "graph.edgecost", "pk": 142}, {"fields": {"edge": "ddc3b6fc049764ea432beec22f07866c", "cost": 0.061884445726208555}, "model": "graph.edgecost", "pk": 143}, {"fields": {"edge": "e3de3a730766ae7e1ba2564e7bebfa1e", "cost": 0.0759776413191581}, "model": "graph.edgecost", "pk": 144}, {"fields": {"edge": "13ad62e4ea5367c5c0744dbf95619c94", "cost": 0.07642897860110559}, "model": "graph.edgecost", "pk": 145}, {"fields": {"edge": "175ca831d92b39d2db28eb31e9b0a26b", "cost": 0.03170020153911958}, "model": "graph.edgecost", "pk": 146}, {"fields": {"edge": "2d730e2573a07fda1918ba3f32c92a55", "cost": 0.060913390681971234}, "model": "graph.edgecost", "pk": 147}, {"fields": {"edge": "6a286d89d27563413f4e0dfc5d7eb714", "cost": 0.1330923068099926}, "model": "graph.edgecost", "pk": 148}, {"fields": {"edge": "90dbafdb4f7a61f4e247158e8fd76ec4", "cost": 0.0404787145889018}, "model": "graph.edgecost", "pk": 149}, {"fields": {"edge": "9bd0597b19ba9d536215502225a06bf7", "cost": 0.0404787145889018}, "model": "graph.edgecost", "pk": 150}, {"fields": {"edge": "a84a1dca6589c826ec01f3c198e87d9c", "cost": 0.1330923068099926}, "model": "graph.edgecost", "pk": 151}, {"fields": {"edge": "ddc3b6fc049764ea432beec22f07866c", "cost": 0.060913390681971234}, "model": "graph.edgecost", "pk": 152}, {"fields": {"edge": "e3de3a730766ae7e1ba2564e7bebfa1e", "cost": 0.07642897860110559}, "model": "graph.edgecost", "pk": 153}, {"fields": {"edge": "13ad62e4ea5367c5c0744dbf95619c94", "cost": 0.07682578923450428}, "model": "graph.edgecost", "pk": 154}, {"fields": {"edge": "175ca831d92b39d2db28eb31e9b0a26b", "cost": 0.03131314193950656}, "model": "graph.edgecost", "pk": 155}, {"fields": {"edge": "2d730e2573a07fda1918ba3f32c92a55", "cost": 0.06005298375452991}, "model": "graph.edgecost", "pk": 156}, {"fields": {"edge": "6a286d89d27563413f4e0dfc5d7eb714", "cost": 0.13227016822976606}, "model": "graph.edgecost", "pk": 157}, {"fields": {"edge": "90dbafdb4f7a61f4e247158e8fd76ec4", "cost": 0.04090404253572963}, "model": "graph.edgecost", "pk": 158}, {"fields": {"edge": "9bd0597b19ba9d536215502225a06bf7", "cost": 0.04090404253572963}, "model": "graph.edgecost", "pk": 159}, {"fields": {"edge": "a84a1dca6589c826ec01f3c198e87d9c", "cost": 0.1322701682297661}, "model": "graph.edgecost", "pk": 160}, {"fields": {"edge": "ddc3b6fc049764ea432beec22f07866c", "cost": 0.06005298375452991}, "model": "graph.edgecost", "pk": 161}, {"fields": {"edge": "e3de3a730766ae7e1ba2564e7bebfa1e", "cost": 0.07682578923450428}, "model": "graph.edgecost", "pk": 162}, {"fields": {"edge": "13ad62e4ea5367c5c0744dbf95619c94", "cost": 0.07717940713942195}, "model": "graph.edgecost", "pk": 163}, {"fields": {"edge": "175ca831d92b39d2db28eb31e9b0a26b", "cost": 0.030958353257097893}, "model": "graph.edgecost", "pk": 164}, {"fields": {"edge": "2d730e2573a07fda1918ba3f32c92a55", "cost": 0.05928011530974233}, "model": "graph.edgecost", "pk": 165}, {"fields": {"edge": "6a286d89d27563413f4e0dfc5d7eb714", "cost": 0.1315295307137091}, "model": "graph.edgecost", "pk": 166}, {"fields": {"edge": "90dbafdb4f7a61f4e247158e8fd76ec4", "cost": 0.0412910621468689}, "model": "graph.edgecost", "pk": 167}, {"fields": {"edge": "9bd0597b19ba9d536215502225a06bf7", "cost": 0.0412910621468689}, "model": "graph.edgecost", "pk": 168}, {"fields": {"edge": "a84a1dca6589c826ec01f3c198e87d9c", "cost": 0.1315295307137091}, "model": "graph.edgecost", "pk": 169}, {"fields": {"edge": "ddc3b6fc049764ea432beec22f07866c", "cost": 0.05928011530974233}, "model": "graph.edgecost", "pk": 170}, {"fields": {"edge": "e3de3a730766ae7e1ba2564e7bebfa1e", "cost": 0.07717940713942195}, "model": "graph.edgecost", "pk": 171}, {"fields": {"graph": "G1", "edge_costs": [1, 2, 3, 4, 5, 6, 7, 8, 9]}, "model": "graph.graphcost", "pk": 1}, {"fields": {"graph": "G1", "edge_costs": [10, 11, 12, 13, 14, 15, 16, 17, 18]}, "model": "graph.graphcost", "pk": 2}, {"fields": {"graph": "G1", "edge_costs": [19, 20, 21, 22, 23, 24, 25, 26, 27]}, "model": "graph.graphcost", "pk": 3}, {"fields": {"graph": "G1", "edge_costs": [28, 29, 30, 31, 32, 33, 34, 35, 36]}, "model": "graph.graphcost", "pk": 4}, {"fields": {"graph": "G1", "edge_costs": [37, 38, 39, 40, 41, 42, 43, 44, 45]}, "model": "graph.graphcost", "pk": 5}, {"fields": {"graph": "G1", "edge_costs": [46, 47, 48, 49, 50, 51, 52, 53, 54]}, "model": "graph.graphcost", "pk": 6}, {"fields": {"graph": "G1", "edge_costs": [55, 56, 57, 58, 59, 60, 61, 62, 63]}, "model": "graph.graphcost", "pk": 7}, {"fields": {"graph": "G1", "edge_costs": [64, 65, 66, 67, 68, 69, 70, 71, 72]}, "model": "graph.graphcost", "pk": 8}, {"fields": {"graph": "G1", "edge_costs": [73, 74, 75, 76, 77, 78, 79, 80, 81]}, "model": "graph.graphcost", "pk": 9}, {"fields": {"graph": "G1", "edge_costs": [82, 83, 84, 85, 86, 87, 88, 89, 90]}, "model": "graph.graphcost", "pk": 10}, {"fields": {"graph": "G1", "edge_costs": [91, 92, 93, 94, 95, 96, 97, 98, 99]}, "model": "graph.graphcost", "pk": 11}, {"fields": {"graph": "G1", "edge_costs": [100, 101, 102, 103, 104, 105, 106, 107, 108]}, "model": "graph.graphcost", "pk": 12}, {"fields": {"graph": "G1", "edge_costs": [109, 110, 111, 112, 113, 114, 115, 116, 117]}, "model": "graph.graphcost", "pk": 13}, {"fields": {"graph": "G1", "edge_costs": [118, 119, 120, 121, 122, 123, 124, 125, 126]}, "model": "graph.graphcost", "pk": 14}, {"fields": {"graph": "G1", "edge_costs": [127, 128, 129, 130, 131, 132, 133, 134, 135]}, "model": "graph.graphcost", "pk": 15}, {"fields": {"graph": "G1", "edge_costs": [136, 137, 138, 139, 140, 141, 142, 143, 144]}, "model": "graph.graphcost", "pk": 16}, {"fields": {"graph": "G1", "edge_costs": [145, 146, 147, 148, 149, 150, 151, 152, 153]}, "model": "graph.graphcost", "pk": 17}, {"fields": {"graph": "G1", "edge_costs": [154, 155, 156, 157, 158, 159, 160, 161, 162]}, "model": "graph.graphcost", "pk": 18}, {"fields": {"graph": "G1", "edge_costs": [163, 164, 165, 166, 167, 168, 169, 170, 171]}, "model": "graph.graphcost", "pk": 19}, {"fields": {"current_turn": 3, "single_slider_mode": false, "started": true, "graph": "useless_2", "game_loop_time": "2016-05-27T20:55:35.129Z", "currently_in_use": false, "edge_highlight": true, "stopped": true, "turns": [1, 2], "duration": 30}, "model": "graph.game", "pk": "game_1"}, {"fields": {"current_turn": 6, "single_slider_mode": false, "started": true, "graph": "useless_3", "game_loop_time": "2016-05-27T20:57:34.995Z", "currently_in_use": false, "edge_highlight": true, "stopped": true, "turns": [4, 5], "duration": 30}, "model": "graph.game", "pk": "game_2"}, {"fields": {"current_turn": 10, "single_slider_mode": false, "started": true, "graph": "useless_4", "game_loop_time": "2016-05-27T21:00:05.182Z", "currently_in_use": false, "edge_highlight": true, "stopped": true, "turns": [7, 8, 9], "duration": 30}, "model": "graph.game", "pk": "game_3"}, {"fields": {"current_turn": 12, "single_slider_mode": false, "started": true, "graph": "useless_5", "game_loop_time": "2016-05-27T21:01:23.381Z", "currently_in_use": false, "edge_highlight": true, "stopped": true, "turns": [11, 12], "duration": 30}, "model": "graph.game", "pk": "game_4"}, {"fields": {"current_turn": 13, "single_slider_mode": false, "started": true, "graph": "useless_6", "game_loop_time": "2016-05-27T21:02:16.828Z", "currently_in_use": false, "edge_highlight": true, "stopped": true, "turns": [], "duration": 30}, "model": "graph.game", "pk": "game_5"}, {"fields": {"current_turn": 16, "single_slider_mode": false, "started": true, "graph": "useless_7", "game_loop_time": "2016-05-27T21:20:56.849Z", "currently_in_use": false, "edge_highlight": true, "stopped": true, "turns": [15], "duration": 30}, "model": "graph.game", "pk": "game_6"}, {"fields": {"current_turn": 26, "single_slider_mode": false, "started": true, "graph": "G1", "game_loop_time": "2016-05-27T21:28:31.955Z", "currently_in_use": true, "edge_highlight": true, "stopped": false, "turns": [17, 18, 19, 20, 21, 22, 23, 24, 25], "duration": 30}, "model": "graph.game", "pk": "game_7"}, {"fields": {"codename": "add_permission", "name": "Can add permission", "content_type": 1}, "model": "auth.permission", "pk": 1}, {"fields": {"codename": "change_permission", "name": "Can change permission", "content_type": 1}, "model": "auth.permission", "pk": 2}, {"fields": {"codename": "delete_permission", "name": "Can delete permission", "content_type": 1}, "model": "auth.permission", "pk": 3}, {"fields": {"codename": "add_group", "name": "Can add group", "content_type": 2}, "model": "auth.permission", "pk": 4}, {"fields": {"codename": "change_group", "name": "Can change group", "content_type": 2}, "model": "auth.permission", "pk": 5}, {"fields": {"codename": "delete_group", "name": "Can delete group", "content_type": 2}, "model": "auth.permission", "pk": 6}, {"fields": {"codename": "add_user", "name": "Can add user", "content_type": 3}, "model": "auth.permission", "pk": 7}, {"fields": {"codename": "change_user", "name": "Can change user", "content_type": 3}, "model": "auth.permission", "pk": 8}, {"fields": {"codename": "delete_user", "name": "Can delete user", "content_type": 3}, "model": "auth.permission", "pk": 9}, {"fields": {"codename": "add_contenttype", "name": "Can add content type", "content_type": 4}, "model": "auth.permission", "pk": 10}, {"fields": {"codename": "change_contenttype", "name": "Can change content type", "content_type": 4}, "model": "auth.permission", "pk": 11}, {"fields": {"codename": "delete_contenttype", "name": "Can delete content type", "content_type": 4}, "model": "auth.permission", "pk": 12}, {"fields": {"codename": "add_session", "name": "Can add session", "content_type": 5}, "model": "auth.permission", "pk": 13}, {"fields": {"codename": "change_session", "name": "Can change session", "content_type": 5}, "model": "auth.permission", "pk": 14}, {"fields": {"codename": "delete_session", "name": "Can delete session", "content_type": 5}, "model": "auth.permission", "pk": 15}, {"fields": {"codename": "add_taskmeta", "name": "Can add task state", "content_type": 6}, "model": "auth.permission", "pk": 16}, {"fields": {"codename": "change_taskmeta", "name": "Can change task state", "content_type": 6}, "model": "auth.permission", "pk": 17}, {"fields": {"codename": "delete_taskmeta", "name": "Can delete task state", "content_type": 6}, "model": "auth.permission", "pk": 18}, {"fields": {"codename": "add_tasksetmeta", "name": "Can add saved group result", "content_type": 7}, "model": "auth.permission", "pk": 19}, {"fields": {"codename": "change_tasksetmeta", "name": "Can change saved group result", "content_type": 7}, "model": "auth.permission", "pk": 20}, {"fields": {"codename": "delete_tasksetmeta", "name": "Can delete saved group result", "content_type": 7}, "model": "auth.permission", "pk": 21}, {"fields": {"codename": "add_intervalschedule", "name": "Can add interval", "content_type": 8}, "model": "auth.permission", "pk": 22}, {"fields": {"codename": "change_intervalschedule", "name": "Can change interval", "content_type": 8}, "model": "auth.permission", "pk": 23}, {"fields": {"codename": "delete_intervalschedule", "name": "Can delete interval", "content_type": 8}, "model": "auth.permission", "pk": 24}, {"fields": {"codename": "add_crontabschedule", "name": "Can add crontab", "content_type": 9}, "model": "auth.permission", "pk": 25}, {"fields": {"codename": "change_crontabschedule", "name": "Can change crontab", "content_type": 9}, "model": "auth.permission", "pk": 26}, {"fields": {"codename": "delete_crontabschedule", "name": "Can delete crontab", "content_type": 9}, "model": "auth.permission", "pk": 27}, {"fields": {"codename": "add_periodictasks", "name": "Can add periodic tasks", "content_type": 10}, "model": "auth.permission", "pk": 28}, {"fields": {"codename": "change_periodictasks", "name": "Can change periodic tasks", "content_type": 10}, "model": "auth.permission", "pk": 29}, {"fields": {"codename": "delete_periodictasks", "name": "Can delete periodic tasks", "content_type": 10}, "model": "auth.permission", "pk": 30}, {"fields": {"codename": "add_periodictask", "name": "Can add periodic task", "content_type": 11}, "model": "auth.permission", "pk": 31}, {"fields": {"codename": "change_periodictask", "name": "Can change periodic task", "content_type": 11}, "model": "auth.permission", "pk": 32}, {"fields": {"codename": "delete_periodictask", "name": "Can delete periodic task", "content_type": 11}, "model": "auth.permission", "pk": 33}, {"fields": {"codename": "add_workerstate", "name": "Can add worker", "content_type": 12}, "model": "auth.permission", "pk": 34}, {"fields": {"codename": "change_workerstate", "name": "Can change worker", "content_type": 12}, "model": "auth.permission", "pk": 35}, {"fields": {"codename": "delete_workerstate", "name": "Can delete worker", "content_type": 12}, "model": "auth.permission", "pk": 36}, {"fields": {"codename": "add_taskstate", "name": "Can add task", "content_type": 13}, "model": "auth.permission", "pk": 37}, {"fields": {"codename": "change_taskstate", "name": "Can change task", "content_type": 13}, "model": "auth.permission", "pk": 38}, {"fields": {"codename": "delete_taskstate", "name": "Can delete task", "content_type": 13}, "model": "auth.permission", "pk": 39}, {"fields": {"codename": "add_user", "name": "Can add user", "content_type": 14}, "model": "auth.permission", "pk": 40}, {"fields": {"codename": "change_user", "name": "Can change user", "content_type": 14}, "model": "auth.permission", "pk": 41}, {"fields": {"codename": "delete_user", "name": "Can delete user", "content_type": 14}, "model": "auth.permission", "pk": 42}, {"fields": {"codename": "add_graph", "name": "Can add graph", "content_type": 15}, "model": "auth.permission", "pk": 43}, {"fields": {"codename": "change_graph", "name": "Can change graph", "content_type": 15}, "model": "auth.permission", "pk": 44}, {"fields": {"codename": "delete_graph", "name": "Can delete graph", "content_type": 15}, "model": "auth.permission", "pk": 45}, {"fields": {"codename": "add_node", "name": "Can add node", "content_type": 16}, "model": "auth.permission", "pk": 46}, {"fields": {"codename": "change_node", "name": "Can change node", "content_type": 16}, "model": "auth.permission", "pk": 47}, {"fields": {"codename": "delete_node", "name": "Can delete node", "content_type": 16}, "model": "auth.permission", "pk": 48}, {"fields": {"codename": "add_playermodel", "name": "Can add player model", "content_type": 17}, "model": "auth.permission", "pk": 49}, {"fields": {"codename": "change_playermodel", "name": "Can change player model", "content_type": 17}, "model": "auth.permission", "pk": 50}, {"fields": {"codename": "delete_playermodel", "name": "Can delete player model", "content_type": 17}, "model": "auth.permission", "pk": 51}, {"fields": {"codename": "add_player", "name": "Can add player", "content_type": 18}, "model": "auth.permission", "pk": 52}, {"fields": {"codename": "change_player", "name": "Can change player", "content_type": 18}, "model": "auth.permission", "pk": 53}, {"fields": {"codename": "delete_player", "name": "Can delete player", "content_type": 18}, "model": "auth.permission", "pk": 54}, {"fields": {"codename": "add_edge", "name": "Can add edge", "content_type": 19}, "model": "auth.permission", "pk": 55}, {"fields": {"codename": "change_edge", "name": "Can change edge", "content_type": 19}, "model": "auth.permission", "pk": 56}, {"fields": {"codename": "delete_edge", "name": "Can delete edge", "content_type": 19}, "model": "auth.permission", "pk": 57}, {"fields": {"codename": "add_path", "name": "Can add path", "content_type": 20}, "model": "auth.permission", "pk": 58}, {"fields": {"codename": "change_path", "name": "Can change path", "content_type": 20}, "model": "auth.permission", "pk": 59}, {"fields": {"codename": "delete_path", "name": "Can delete path", "content_type": 20}, "model": "auth.permission", "pk": 60}, {"fields": {"codename": "add_pathflowassignment", "name": "Can add path flow assignment", "content_type": 21}, "model": "auth.permission", "pk": 61}, {"fields": {"codename": "change_pathflowassignment", "name": "Can change path flow assignment", "content_type": 21}, "model": "auth.permission", "pk": 62}, {"fields": {"codename": "delete_pathflowassignment", "name": "Can delete path flow assignment", "content_type": 21}, "model": "auth.permission", "pk": 63}, {"fields": {"codename": "add_gameturn", "name": "Can add game turn", "content_type": 22}, "model": "auth.permission", "pk": 64}, {"fields": {"codename": "change_gameturn", "name": "Can change game turn", "content_type": 22}, "model": "auth.permission", "pk": 65}, {"fields": {"codename": "delete_gameturn", "name": "Can delete game turn", "content_type": 22}, "model": "auth.permission", "pk": 66}, {"fields": {"codename": "add_flowdistribution", "name": "Can add flow distribution", "content_type": 23}, "model": "auth.permission", "pk": 67}, {"fields": {"codename": "change_flowdistribution", "name": "Can change flow distribution", "content_type": 23}, "model": "auth.permission", "pk": 68}, {"fields": {"codename": "delete_flowdistribution", "name": "Can delete flow distribution", "content_type": 23}, "model": "auth.permission", "pk": 69}, {"fields": {"codename": "add_learningrate", "name": "Can add learning rate", "content_type": 24}, "model": "auth.permission", "pk": 70}, {"fields": {"codename": "change_learningrate", "name": "Can change learning rate", "content_type": 24}, "model": "auth.permission", "pk": 71}, {"fields": {"codename": "delete_learningrate", "name": "Can delete learning rate", "content_type": 24}, "model": "auth.permission", "pk": 72}, {"fields": {"codename": "add_edgecost", "name": "Can add edge cost", "content_type": 25}, "model": "auth.permission", "pk": 73}, {"fields": {"codename": "change_edgecost", "name": "Can change edge cost", "content_type": 25}, "model": "auth.permission", "pk": 74}, {"fields": {"codename": "delete_edgecost", "name": "Can delete edge cost", "content_type": 25}, "model": "auth.permission", "pk": 75}, {"fields": {"codename": "add_graphcost", "name": "Can add graph cost", "content_type": 26}, "model": "auth.permission", "pk": 76}, {"fields": {"codename": "change_graphcost", "name": "Can change graph cost", "content_type": 26}, "model": "auth.permission", "pk": 77}, {"fields": {"codename": "delete_graphcost", "name": "Can delete graph cost", "content_type": 26}, "model": "auth.permission", "pk": 78}, {"fields": {"codename": "add_game", "name": "Can add game", "content_type": 27}, "model": "auth.permission", "pk": 79}, {"fields": {"codename": "change_game", "name": "Can change game", "content_type": 27}, "model": "auth.permission", "pk": 80}, {"fields": {"codename": "delete_game", "name": "Can delete game", "content_type": 27}, "model": "auth.permission", "pk": 81}, {"fields": {"codename": "add_request", "name": "Can add request", "content_type": 28}, "model": "auth.permission", "pk": 82}, {"fields": {"codename": "change_request", "name": "Can change request", "content_type": 28}, "model": "auth.permission", "pk": 83}, {"fields": {"codename": "delete_request", "name": "Can delete request", "content_type": 28}, "model": "auth.permission", "pk": 84}, {"fields": {"codename": "add_response", "name": "Can add response", "content_type": 29}, "model": "auth.permission", "pk": 85}, {"fields": {"codename": "change_response", "name": "Can change response", "content_type": 29}, "model": "auth.permission", "pk": 86}, {"fields": {"codename": "delete_response", "name": "Can delete response", "content_type": 29}, "model": "auth.permission", "pk": 87}, {"fields": {"codename": "add_sqlquery", "name": "Can add sql query", "content_type": 30}, "model": "auth.permission", "pk": 88}, {"fields": {"codename": "change_sqlquery", "name": "Can change sql query", "content_type": 30}, "model": "auth.permission", "pk": 89}, {"fields": {"codename": "delete_sqlquery", "name": "Can delete sql query", "content_type": 30}, "model": "auth.permission", "pk": 90}, {"fields": {"codename": "add_profile", "name": "Can add profile", "content_type": 31}, "model": "auth.permission", "pk": 91}, {"fields": {"codename": "change_profile", "name": "Can change profile", "content_type": 31}, "model": "auth.permission", "pk": 92}, {"fields": {"codename": "delete_profile", "name": "Can delete profile", "content_type": 31}, "model": "auth.permission", "pk": 93}, {"fields": {"username": "admin", "first_name": "", "last_name": "", "is_active": true, "is_superuser": false, "is_staff": false, "last_login": "2016-05-27T20:52:31.398Z", "groups": [], "user_permissions": [], "password": "pbkdf2_sha256$15000$Nk7Nl5DR55io$F6IdWixYAt1Aoh5t5LvxCfey5PG2SzHPkEkVDK0tLKQ=", "email": "", "date_joined": "2016-05-26T18:43:19.210Z"}, "model": "auth.user", "pk": 1}, {"fields": {"username": "user_1", "first_name": "", "last_name": "", "is_active": true, "is_superuser": false, "is_staff": false, "last_login": "2016-05-27T20:55:03.306Z", "groups": [], "user_permissions": [], "password": "pbkdf2_sha256$15000$gtWMHbmN0n7C$wymqyg1JfKnpI5WGTIbfgjFtMfESTqfrSPjWJiv4zuw=", "email": "", "date_joined": "2016-05-26T19:18:03.461Z"}, "model": "auth.user", "pk": 2}, {"fields": {"username": "ai_player", "first_name": "", "last_name": "", "is_active": true, "is_superuser": false, "is_staff": false, "last_login": "2016-05-26T21:23:56.185Z", "groups": [], "user_permissions": [], "password": "ai_lab", "email": "", "date_joined": "2016-05-26T21:23:56.185Z"}, "model": "auth.user", "pk": 3}, {"fields": {"username": "user_3", "first_name": "", "last_name": "", "is_active": true, "is_superuser": false, "is_staff": false, "last_login": "2016-05-27T20:54:03.258Z", "groups": [], "user_permissions": [], "password": "pbkdf2_sha256$15000$JIAVSI08uoEJ$qUe1RC1hI+A8Cl8142hQ5WXJptnFru7027kTTRVDcnk=", "email": "", "date_joined": "2016-05-27T20:53:14.413Z"}, "model": "auth.user", "pk": 4}, {"fields": {"username": "user_2", "first_name": "", "last_name": "", "is_active": true, "is_superuser": false, "is_staff": false, "last_login": "2016-05-27T20:53:53.783Z", "groups": [], "user_permissions": [], "password": "pbkdf2_sha256$15000$yjcVfx4Gblgp$FGTkF5H+Q9x7LkqPU00nKeB+lA+mFSbX8Pbp3607Nhg=", "email": "", "date_joined": "2016-05-27T20:53:30.100Z"}, "model": "auth.user", "pk": 5}, {"fields": {"username": "user_4", "first_name": "", "last_name": "", "is_active": true, "is_superuser": false, "is_staff": false, "last_login": "2016-05-27T20:53:50.014Z", "groups": [], "user_permissions": [], "password": "pbkdf2_sha256$15000$jdU3xYCDlC9y$URHe0ByARrr51Kck+yhEWA54Mll1HqkV+1J2/yTZrns=", "email": "", "date_joined": "2016-05-27T20:53:43.993Z"}, "model": "auth.user", "pk": 6}, {"fields": {"username": "user_5", "first_name": "", "last_name": "", "is_active": true, "is_superuser": false, "is_staff": false, "last_login": "2016-05-27T20:57:38.129Z", "groups": [], "user_permissions": [], "password": "pbkdf2_sha256$15000$EnHyRSmiiRH1$cDlPPN6IOOU1uEcrHTZq9pnF49cq8DNauTPSrtEGslM=", "email": "", "date_joined": "2016-05-27T20:57:33.755Z"}, "model": "auth.user", "pk": 7}, {"fields": {"username": "user_6", "first_name": "", "last_name": "", "is_active": true, "is_superuser": false, "is_staff": false, "last_login": "2016-05-27T21:03:04.327Z", "groups": [], "user_permissions": [], "password": "pbkdf2_sha256$15000$zwFtI1UhhMG0$A3fwkNurDhB21aIvC2Fu5foIKjf0yHriCANi8Urlajc=", "email": "", "date_joined": "2016-05-27T21:02:59.678Z"}, "model": "auth.user", "pk": 8}, {"fields": {"username": "user_7", "first_name": "", "last_name": "", "is_active": true, "is_superuser": false, "is_staff": false, "last_login": "2016-05-27T21:21:46.374Z", "groups": [], "user_permissions": [], "password": "pbkdf2_sha256$15000$hwsGdCUPzOxk$TJX6Op2VaaszR6FBKL7do/V93tvkd8WawpAKXlRsj78=", "email": "", "date_joined": "2016-05-27T21:21:41.017Z"}, "model": "auth.user", "pk": 9}, {"fields": {"superuser": true, "rank": -7, "tested": false, "game": "game_7", "user": 1, "is_a_bot": false, "player_model": null}, "model": "graph.player", "pk": 1}, {"fields": {"superuser": false, "rank": 0, "tested": true, "game": "game_1", "user": 2, "is_a_bot": true, "player_model": "G1_PM2"}, "model": "graph.player", "pk": 2}, {"fields": {"superuser": false, "rank": 0, "tested": true, "game": "game_7", "user": 3, "is_a_bot": true, "player_model": "G1_PM2"}, "model": "graph.player", "pk": 3}, {"fields": {"superuser": false, "rank": 1, "tested": true, "game": "game_2", "user": 4, "is_a_bot": true, "player_model": "G1_PM2"}, "model": "graph.player", "pk": 4}, {"fields": {"superuser": false, "rank": 1, "tested": true, "game": "game_3", "user": 5, "is_a_bot": false, "player_model": "G1_PM2"}, "model": "graph.player", "pk": 5}, {"fields": {"superuser": false, "rank": 1, "tested": true, "game": "game_4", "user": 6, "is_a_bot": false, "player_model": "G1_PM2"}, "model": "graph.player", "pk": 6}, {"fields": {"superuser": false, "rank": 1, "tested": true, "game": "game_5", "user": 7, "is_a_bot": true, "player_model": "G1_PM2"}, "model": "graph.player", "pk": 7}, {"fields": {"superuser": false, "rank": 1, "tested": true, "game": "game_6", "user": 8, "is_a_bot": true, "player_model": "G1_PM2"}, "model": "graph.player", "pk": 8}, {"fields": {"superuser": false, "rank": 1, "tested": true, "game": "game_7", "user": 9, "is_a_bot": false, "player_model": "G1_PM2"}, "model": "graph.player", "pk": 9}]