[{"fields": {"model": "permission", "name": "permission", "app_label": "auth"}, "model": "contenttypes.contenttype", "pk": 1}, {"fields": {"model": "group", "name": "group", "app_label": "auth"}, "model": "contenttypes.contenttype", "pk": 2}, {"fields": {"model": "user", "name": "user", "app_label": "auth"}, "model": "contenttypes.contenttype", "pk": 3}, {"fields": {"model": "contenttype", "name": "content type", "app_label": "contenttypes"}, "model": "contenttypes.contenttype", "pk": 4}, {"fields": {"model": "session", "name": "session", "app_label": "sessions"}, "model": "contenttypes.contenttype", "pk": 5}, {"fields": {"model": "taskmeta", "name": "task state", "app_label": "djcelery"}, "model": "contenttypes.contenttype", "pk": 6}, {"fields": {"model": "tasksetmeta", "name": "saved group result", "app_label": "djcelery"}, "model": "contenttypes.contenttype", "pk": 7}, {"fields": {"model": "intervalschedule", "name": "interval", "app_label": "djcelery"}, "model": "contenttypes.contenttype", "pk": 8}, {"fields": {"model": "crontabschedule", "name": "crontab", "app_label": "djcelery"}, "model": "contenttypes.contenttype", "pk": 9}, {"fields": {"model": "periodictasks", "name": "periodic tasks", "app_label": "djcelery"}, "model": "contenttypes.contenttype", "pk": 10}, {"fields": {"model": "periodictask", "name": "periodic task", "app_label": "djcelery"}, "model": "contenttypes.contenttype", "pk": 11}, {"fields": {"model": "workerstate", "name": "worker", "app_label": "djcelery"}, "model": "contenttypes.contenttype", "pk": 12}, {"fields": {"model": "taskstate", "name": "task", "app_label": "djcelery"}, "model": "contenttypes.contenttype", "pk": 13}, {"fields": {"model": "user", "name": "user", "app_label": "id_counter"}, "model": "contenttypes.contenttype", "pk": 14}, {"fields": {"model": "graph", "name": "graph", "app_label": "graph"}, "model": "contenttypes.contenttype", "pk": 15}, {"fields": {"model": "node", "name": "node", "app_label": "graph"}, "model": "contenttypes.contenttype", "pk": 16}, {"fields": {"model": "playermodel", "name": "player model", "app_label": "graph"}, "model": "contenttypes.contenttype", "pk": 17}, {"fields": {"model": "player", "name": "player", "app_label": "graph"}, "model": "contenttypes.contenttype", "pk": 18}, {"fields": {"model": "edge", "name": "edge", "app_label": "graph"}, "model": "contenttypes.contenttype", "pk": 19}, {"fields": {"model": "path", "name": "path", "app_label": "graph"}, "model": "contenttypes.contenttype", "pk": 20}, {"fields": {"model": "pathflowassignment", "name": "path flow assignment", "app_label": "graph"}, "model": "contenttypes.contenttype", "pk": 21}, {"fields": {"model": "gameturn", "name": "game turn", "app_label": "graph"}, "model": "contenttypes.contenttype", "pk": 22}, {"fields": {"model": "flowdistribution", "name": "flow distribution", "app_label": "graph"}, "model": "contenttypes.contenttype", "pk": 23}, {"fields": {"model": "learningrate", "name": "learning rate", "app_label": "graph"}, "model": "contenttypes.contenttype", "pk": 24}, {"fields": {"model": "edgecost", "name": "edge cost", "app_label": "graph"}, "model": "contenttypes.contenttype", "pk": 25}, {"fields": {"model": "graphcost", "name": "graph cost", "app_label": "graph"}, "model": "contenttypes.contenttype", "pk": 26}, {"fields": {"model": "game", "name": "game", "app_label": "graph"}, "model": "contenttypes.contenttype", "pk": 27}, {"fields": {"model": "request", "name": "request", "app_label": "silk"}, "model": "contenttypes.contenttype", "pk": 28}, {"fields": {"model": "response", "name": "response", "app_label": "silk"}, "model": "contenttypes.contenttype", "pk": 29}, {"fields": {"model": "sqlquery", "name": "sql query", "app_label": "silk"}, "model": "contenttypes.contenttype", "pk": 30}, {"fields": {"model": "profile", "name": "profile", "app_label": "silk"}, "model": "contenttypes.contenttype", "pk": 31}, {"fields": {"expire_date": "2016-06-09T21:23:04.861Z", "session_data": "ZjRlMWI5OTgxZDA3OTlmNzczNjgxOTg0YjMyMmFhM2NiNmJiNzE5MDp7fQ=="}, "model": "sessions.session", "pk": "1q6kw1ylhbqyrv5c94uwmpob000y4ah6"}, {"fields": {"expire_date": "2016-06-09T22:07:19.716Z", "session_data": "YWYzMDIyY2QxMDQzODhmZmM5YWJiN2I2OTU4NDZmMGUxODg3YTQxMjp7Il9hdXRoX3VzZXJfaGFzaCI6IjllM2FmZDI4MGJiOWFlYmQ1YTZkOGZlMGI4ZjU4ODZkZWU1MTAwYTgiLCJfYXV0aF91c2VyX2JhY2tlbmQiOiJkamFuZ28uY29udHJpYi5hdXRoLmJhY2tlbmRzLk1vZGVsQmFja2VuZCIsIl9hdXRoX3VzZXJfaWQiOjR9"}, "model": "sessions.session", "pk": "4656ii3f0tntmjoqr8p12q32uu58dag4"}, {"fields": {"expire_date": "2016-06-09T21:23:42.400Z", "session_data": "NDk0OWM0OTM1NDZmYzc2NjgyMjUyNTkxMmQyMTA5NzU5YzBlNTExOTp7Il9hdXRoX3VzZXJfaGFzaCI6ImVjYTI2YmQyN2RlZTY0MmVlY2QwOWM0YzM5NTQwNDMyNDliMDlmNWIiLCJfYXV0aF91c2VyX2JhY2tlbmQiOiJkamFuZ28uY29udHJpYi5hdXRoLmJhY2tlbmRzLk1vZGVsQmFja2VuZCIsIl9hdXRoX3VzZXJfaWQiOjF9"}, "model": "sessions.session", "pk": "6un6qdkjo2x2pa1byznphreldxjpc5ko"}, {"fields": {"expire_date": "2016-06-09T22:01:13.297Z", "session_data": "ZjRlMWI5OTgxZDA3OTlmNzczNjgxOTg0YjMyMmFhM2NiNmJiNzE5MDp7fQ=="}, "model": "sessions.session", "pk": "8vh81p14t6qo381g6k86925tbfaqrlxc"}, {"fields": {"expire_date": "2016-06-09T19:17:49.724Z", "session_data": "ZjRlMWI5OTgxZDA3OTlmNzczNjgxOTg0YjMyMmFhM2NiNmJiNzE5MDp7fQ=="}, "model": "sessions.session", "pk": "ekq42kbym1cdbl1nvhniou7ww1kbrmzf"}, {"fields": {"expire_date": "2016-06-09T19:17:54.760Z", "session_data": "ZjRlMWI5OTgxZDA3OTlmNzczNjgxOTg0YjMyMmFhM2NiNmJiNzE5MDp7fQ=="}, "model": "sessions.session", "pk": "g6wm3xhnwwcpi6hacmi4s7er5yukj2pv"}, {"fields": {"expire_date": "2016-06-09T18:43:22.022Z", "session_data": "NDk0OWM0OTM1NDZmYzc2NjgyMjUyNTkxMmQyMTA5NzU5YzBlNTExOTp7Il9hdXRoX3VzZXJfaGFzaCI6ImVjYTI2YmQyN2RlZTY0MmVlY2QwOWM0YzM5NTQwNDMyNDliMDlmNWIiLCJfYXV0aF91c2VyX2JhY2tlbmQiOiJkamFuZ28uY29udHJpYi5hdXRoLmJhY2tlbmRzLk1vZGVsQmFja2VuZCIsIl9hdXRoX3VzZXJfaWQiOjF9"}, "model": "sessions.session", "pk": "j0kzien9288wr7ovk8j9rjzu7qftocg7"}, {"fields": {"expire_date": "2016-06-09T22:01:40.271Z", "session_data": "NDk0OWM0OTM1NDZmYzc2NjgyMjUyNTkxMmQyMTA5NzU5YzBlNTExOTp7Il9hdXRoX3VzZXJfaGFzaCI6ImVjYTI2YmQyN2RlZTY0MmVlY2QwOWM0YzM5NTQwNDMyNDliMDlmNWIiLCJfYXV0aF91c2VyX2JhY2tlbmQiOiJkamFuZ28uY29udHJpYi5hdXRoLmJhY2tlbmRzLk1vZGVsQmFja2VuZCIsIl9hdXRoX3VzZXJfaWQiOjF9"}, "model": "sessions.session", "pk": "jnwwod12sozeah67wbptkzo5k65pd1hx"}, {"fields": {"expire_date": "2016-06-09T22:01:13.845Z", "session_data": "ZjRlMWI5OTgxZDA3OTlmNzczNjgxOTg0YjMyMmFhM2NiNmJiNzE5MDp7fQ=="}, "model": "sessions.session", "pk": "n5dd6py24vjwga0ew4ywz65sqjyxuvjq"}, {"fields": {"expire_date": "2016-06-09T21:23:04.036Z", "session_data": "ZjRlMWI5OTgxZDA3OTlmNzczNjgxOTg0YjMyMmFhM2NiNmJiNzE5MDp7fQ=="}, "model": "sessions.session", "pk": "nlwvxnvyrcfsz6docou9mogf64ozphuq"}, {"fields": {"expire_date": "2016-06-09T22:04:38.019Z", "session_data": "OGJiNzdiY2YwYTBmNjhhM2U1ZDBmMjA1OTJhNGFhZmZkMmY3NTU3Njp7Il9hdXRoX3VzZXJfaGFzaCI6ImU5ODRjYmEzNjYyZWRiMmE2MzQxODNkODY3NDJkY2Y1NjdhNzNjNGMiLCJfYXV0aF91c2VyX2JhY2tlbmQiOiJkamFuZ28uY29udHJpYi5hdXRoLmJhY2tlbmRzLk1vZGVsQmFja2VuZCIsIl9hdXRoX3VzZXJfaWQiOjJ9"}, "model": "sessions.session", "pk": "v65146z85sl5d0iqk0xpcp5zn1m1sc0s"}, {"fields": {"expire_date": "2016-06-09T21:23:04.020Z", "session_data": "ZjRlMWI5OTgxZDA3OTlmNzczNjgxOTg0YjMyMmFhM2NiNmJiNzE5MDp7fQ=="}, "model": "sessions.session", "pk": "vb47stjdxvpwx2auuay7om305nzk38j8"}, {"fields": {"expire_date": "2016-06-09T22:01:13.380Z", "session_data": "ZjRlMWI5OTgxZDA3OTlmNzczNjgxOTg0YjMyMmFhM2NiNmJiNzE5MDp7fQ=="}, "model": "sessions.session", "pk": "vzs3rpsu3vfuft6ghpcsvat3w2lbi7tj"}, {"fields": {"graph_ui": "{\"graph\": \"G1\", \"nodes\": [{\"index\": 0, \"reflexive\": false, \"weight\": 3, \"px\": 79, \"py\": 362, \"y\": 362, \"x\": 79, \"id\": 1}, {\"index\": 1, \"reflexive\": false, \"weight\": 4, \"px\": 102, \"py\": 248, \"y\": 248, \"x\": 102, \"id\": 2}, {\"index\": 2, \"reflexive\": false, \"weight\": 4, \"px\": 212, \"py\": 361, \"y\": 361, \"x\": 212, \"id\": 3}, {\"index\": 3, \"reflexive\": false, \"weight\": 4, \"px\": 153, \"py\": 304, \"y\": 304, \"x\": 153, \"id\": 4}, {\"index\": 4, \"reflexive\": false, \"weight\": 3, \"px\": 225, \"py\": 246, \"y\": 246, \"x\": 225, \"id\": 5}], \"game\": \"game_1\", \"links\": [{\"id\": \"9bd0597b19ba9d536215502225a06bf7\", \"source\": {\"index\": 0, \"reflexive\": false, \"weight\": 3, \"px\": 79, \"py\": 362, \"y\": 362, \"x\": 79, \"id\": 1}, \"right\": true, \"target\": {\"index\": 1, \"reflexive\": false, \"weight\": 4, \"px\": 102, \"py\": 248, \"y\": 248, \"x\": 102, \"id\": 2}, \"left\": false}, {\"id\": \"6a286d89d27563413f4e0dfc5d7eb714\", \"source\": {\"index\": 1, \"reflexive\": false, \"weight\": 4, \"px\": 102, \"py\": 248, \"y\": 248, \"x\": 102, \"id\": 2}, \"right\": true, \"target\": {\"index\": 4, \"reflexive\": false, \"weight\": 3, \"px\": 225, \"py\": 246, \"y\": 246, \"x\": 225, \"id\": 5}, \"left\": false}, {\"id\": \"175ca831d92b39d2db28eb31e9b0a26b\", \"source\": {\"index\": 1, \"reflexive\": false, \"weight\": 4, \"px\": 102, \"py\": 248, \"y\": 248, \"x\": 102, \"id\": 2}, \"right\": false, \"target\": {\"index\": 3, \"reflexive\": false, \"weight\": 4, \"px\": 153, \"py\": 304, \"y\": 304, \"x\": 153, \"id\": 4}, \"left\": true}, {\"id\": \"2d730e2573a07fda1918ba3f32c92a55\", \"source\": {\"index\": 2, \"reflexive\": false, \"weight\": 4, \"px\": 212, \"py\": 361, \"y\": 361, \"x\": 212, \"id\": 3}, \"right\": false, \"target\": {\"index\": 3, \"reflexive\": false, \"weight\": 4, \"px\": 153, \"py\": 304, \"y\": 304, \"x\": 153, \"id\": 4}, \"left\": true}, {\"id\": \"13ad62e4ea5367c5c0744dbf95619c94\", \"source\": {\"index\": 2, \"reflexive\": false, \"weight\": 4, \"px\": 212, \"py\": 361, \"y\": 361, \"x\": 212, \"id\": 3}, \"right\": true, \"target\": {\"index\": 4, \"reflexive\": false, \"weight\": 3, \"px\": 225, \"py\": 246, \"y\": 246, \"x\": 225, \"id\": 5}, \"left\": false}, {\"id\": \"90dbafdb4f7a61f4e247158e8fd76ec4\", \"source\": {\"index\": 3, \"reflexive\": false, \"weight\": 4, \"px\": 153, \"py\": 304, \"y\": 304, \"x\": 153, \"id\": 4}, \"right\": true, \"target\": {\"index\": 4, \"reflexive\": false, \"weight\": 3, \"px\": 225, \"py\": 246, \"y\": 246, \"x\": 225, \"id\": 5}, \"left\": false}, {\"id\": \"a84a1dca6589c826ec01f3c198e87d9c\", \"source\": {\"index\": 0, \"reflexive\": false, \"weight\": 3, \"px\": 79, \"py\": 362, \"y\": 362, \"x\": 79, \"id\": 1}, \"right\": true, \"target\": {\"index\": 3, \"reflexive\": false, \"weight\": 4, \"px\": 153, \"py\": 304, \"y\": 304, \"x\": 153, \"id\": 4}, \"left\": false}, {\"id\": \"e3de3a730766ae7e1ba2564e7bebfa1e\", \"source\": {\"index\": 0, \"reflexive\": false, \"weight\": 3, \"px\": 79, \"py\": 362, \"y\": 362, \"x\": 79, \"id\": 1}, \"right\": true, \"target\": {\"index\": 2, \"reflexive\": false, \"weight\": 4, \"px\": 212, \"py\": 361, \"y\": 361, \"x\": 212, \"id\": 3}, \"left\": false}, {\"id\": \"ddc3b6fc049764ea432beec22f07866c\", \"source\": {\"index\": 1, \"reflexive\": false, \"weight\": 4, \"px\": 102, \"py\": 248, \"y\": 248, \"x\": 102, \"id\": 2}, \"right\": false, \"target\": {\"index\": 2, \"reflexive\": false, \"weight\": 4, \"px\": 212, \"py\": 361, \"y\": 361, \"x\": 212, \"id\": 3}, \"left\": true}]}"}, "model": "graph.graph", "pk": "G1"}, {"fields": {"graph_ui": ""}, "model": "graph.graph", "pk": "useless_2"}, {"fields": {"graph": "G1", "ui_id": 3}, "model": "graph.node", "pk": "010e73e4-c023-4401-8b10-8eb68be1c75e"}, {"fields": {"graph": "G1", "ui_id": 5}, "model": "graph.node", "pk": "5a92b8f1-a3b4-41e5-b47a-6b8a5258bfbc"}, {"fields": {"graph": "G1", "ui_id": 4}, "model": "graph.node", "pk": "add5eef3-d568-4ec8-8ce2-4165b6fb129f"}, {"fields": {"graph": "G1", "ui_id": 1}, "model": "graph.node", "pk": "b837963e-a63b-4854-b67e-ebaa4953ed38"}, {"fields": {"graph": "G1", "ui_id": 2}, "model": "graph.node", "pk": "d1de5f7d-bdbb-40f3-a25d-1179a65e1663"}, {"fields": {"destination_node": "5a92b8f1-a3b4-41e5-b47a-6b8a5258bfbc", "graph": "G1", "in_use": true, "flow": 1.0, "normalization_const": 0.7077884466581221, "start_node": "b837963e-a63b-4854-b67e-ebaa4953ed38", "historic_player": "user_1ai_playeruser_2"}, "model": "graph.playermodel", "pk": "G1_PM1"}, {"fields": {"graph": "G1", "cost_function": "x", "to_node": "5a92b8f1-a3b4-41e5-b47a-6b8a5258bfbc", "from_node": "010e73e4-c023-4401-8b10-8eb68be1c75e"}, "model": "graph.edge", "pk": "13ad62e4ea5367c5c0744dbf95619c94"}, {"fields": {"graph": "G1", "cost_function": "x", "to_node": "d1de5f7d-bdbb-40f3-a25d-1179a65e1663", "from_node": "add5eef3-d568-4ec8-8ce2-4165b6fb129f"}, "model": "graph.edge", "pk": "175ca831d92b39d2db28eb31e9b0a26b"}, {"fields": {"graph": "G1", "cost_function": "x", "to_node": "010e73e4-c023-4401-8b10-8eb68be1c75e", "from_node": "add5eef3-d568-4ec8-8ce2-4165b6fb129f"}, "model": "graph.edge", "pk": "2d730e2573a07fda1918ba3f32c92a55"}, {"fields": {"graph": "G1", "cost_function": "x", "to_node": "5a92b8f1-a3b4-41e5-b47a-6b8a5258bfbc", "from_node": "d1de5f7d-bdbb-40f3-a25d-1179a65e1663"}, "model": "graph.edge", "pk": "6a286d89d27563413f4e0dfc5d7eb714"}, {"fields": {"graph": "G1", "cost_function": "x", "to_node": "5a92b8f1-a3b4-41e5-b47a-6b8a5258bfbc", "from_node": "add5eef3-d568-4ec8-8ce2-4165b6fb129f"}, "model": "graph.edge", "pk": "90dbafdb4f7a61f4e247158e8fd76ec4"}, {"fields": {"graph": "G1", "cost_function": "x", "to_node": "d1de5f7d-bdbb-40f3-a25d-1179a65e1663", "from_node": "b837963e-a63b-4854-b67e-ebaa4953ed38"}, "model": "graph.edge", "pk": "9bd0597b19ba9d536215502225a06bf7"}, {"fields": {"graph": "G1", "cost_function": "x", "to_node": "add5eef3-d568-4ec8-8ce2-4165b6fb129f", "from_node": "b837963e-a63b-4854-b67e-ebaa4953ed38"}, "model": "graph.edge", "pk": "a84a1dca6589c826ec01f3c198e87d9c"}, {"fields": {"graph": "G1", "cost_function": "x", "to_node": "d1de5f7d-bdbb-40f3-a25d-1179a65e1663", "from_node": "010e73e4-c023-4401-8b10-8eb68be1c75e"}, "model": "graph.edge", "pk": "ddc3b6fc049764ea432beec22f07866c"}, {"fields": {"graph": "G1", "cost_function": "x", "to_node": "010e73e4-c023-4401-8b10-8eb68be1c75e", "from_node": "b837963e-a63b-4854-b67e-ebaa4953ed38"}, "model": "graph.edge", "pk": "e3de3a730766ae7e1ba2564e7bebfa1e"}, {"fields": {"graph": "G1", "edges": ["6a286d89d27563413f4e0dfc5d7eb714", "9bd0597b19ba9d536215502225a06bf7"], "player_model": "G1_PM1"}, "model": "graph.path", "pk": 1}, {"fields": {"graph": "G1", "edges": ["6a286d89d27563413f4e0dfc5d7eb714", "ddc3b6fc049764ea432beec22f07866c", "e3de3a730766ae7e1ba2564e7bebfa1e"], "player_model": "G1_PM1"}, "model": "graph.path", "pk": 2}, {"fields": {"graph": "G1", "edges": ["13ad62e4ea5367c5c0744dbf95619c94", "e3de3a730766ae7e1ba2564e7bebfa1e"], "player_model": "G1_PM1"}, "model": "graph.path", "pk": 3}, {"fields": {"graph": "G1", "edges": ["175ca831d92b39d2db28eb31e9b0a26b", "6a286d89d27563413f4e0dfc5d7eb714", "a84a1dca6589c826ec01f3c198e87d9c"], "player_model": "G1_PM1"}, "model": "graph.path", "pk": 4}, {"fields": {"graph": "G1", "edges": ["2d730e2573a07fda1918ba3f32c92a55", "6a286d89d27563413f4e0dfc5d7eb714", "a84a1dca6589c826ec01f3c198e87d9c", "ddc3b6fc049764ea432beec22f07866c"], "player_model": "G1_PM1"}, "model": "graph.path", "pk": 5}, {"fields": {"graph": "G1", "edges": ["13ad62e4ea5367c5c0744dbf95619c94", "2d730e2573a07fda1918ba3f32c92a55", "a84a1dca6589c826ec01f3c198e87d9c"], "player_model": "G1_PM1"}, "model": "graph.path", "pk": 6}, {"fields": {"graph": "G1", "edges": ["90dbafdb4f7a61f4e247158e8fd76ec4", "a84a1dca6589c826ec01f3c198e87d9c"], "player_model": "G1_PM1"}, "model": "graph.path", "pk": 7}, {"fields": {"path": 1, "flow": 0.14285714285714288}, "model": "graph.pathflowassignment", "pk": 8}, {"fields": {"path": 2, "flow": 0.14285714285714288}, "model": "graph.pathflowassignment", "pk": 9}, {"fields": {"path": 3, "flow": 0.14285714285714288}, "model": "graph.pathflowassignment", "pk": 10}, {"fields": {"path": 4, "flow": 0.14285714285714288}, "model": "graph.pathflowassignment", "pk": 11}, {"fields": {"path": 5, "flow": 0.14285714285714288}, "model": "graph.pathflowassignment", "pk": 12}, {"fields": {"path": 6, "flow": 0.14285714285714288}, "model": "graph.pathflowassignment", "pk": 13}, {"fields": {"path": 7, "flow": 0.14285714285714288}, "model": "graph.pathflowassignment", "pk": 14}, {"fields": {"path": 1, "flow": 0.14285714285714285}, "model": "graph.pathflowassignment", "pk": 22}, {"fields": {"path": 2, "flow": 0.14285714285714285}, "model": "graph.pathflowassignment", "pk": 23}, {"fields": {"path": 3, "flow": 0.14285714285714285}, "model": "graph.pathflowassignment", "pk": 24}, {"fields": {"path": 4, "flow": 0.14285714285714285}, "model": "graph.pathflowassignment", "pk": 25}, {"fields": {"path": 5, "flow": 0.14285714285714285}, "model": "graph.pathflowassignment", "pk": 26}, {"fields": {"path": 6, "flow": 0.14285714285714285}, "model": "graph.pathflowassignment", "pk": 27}, {"fields": {"path": 7, "flow": 0.14285714285714285}, "model": "graph.pathflowassignment", "pk": 28}, {"fields": {"path": 1, "flow": 0.14285714285714288}, "model": "graph.pathflowassignment", "pk": 36}, {"fields": {"path": 2, "flow": 0.14285714285714288}, "model": "graph.pathflowassignment", "pk": 37}, {"fields": {"path": 3, "flow": 0.14285714285714288}, "model": "graph.pathflowassignment", "pk": 38}, {"fields": {"path": 4, "flow": 0.14285714285714288}, "model": "graph.pathflowassignment", "pk": 39}, {"fields": {"path": 5, "flow": 0.14285714285714288}, "model": "graph.pathflowassignment", "pk": 40}, {"fields": {"path": 6, "flow": 0.14285714285714288}, "model": "graph.pathflowassignment", "pk": 41}, {"fields": {"path": 7, "flow": 0.14285714285714288}, "model": "graph.pathflowassignment", "pk": 42}, {"fields": {"path": 1, "flow": 0.14285714285714285}, "model": "graph.pathflowassignment", "pk": 50}, {"fields": {"path": 2, "flow": 0.14285714285714285}, "model": "graph.pathflowassignment", "pk": 51}, {"fields": {"path": 3, "flow": 0.14285714285714285}, "model": "graph.pathflowassignment", "pk": 52}, {"fields": {"path": 4, "flow": 0.14285714285714285}, "model": "graph.pathflowassignment", "pk": 53}, {"fields": {"path": 5, "flow": 0.14285714285714285}, "model": "graph.pathflowassignment", "pk": 54}, {"fields": {"path": 6, "flow": 0.14285714285714285}, "model": "graph.pathflowassignment", "pk": 55}, {"fields": {"path": 7, "flow": 0.14285714285714285}, "model": "graph.pathflowassignment", "pk": 56}, {"fields": {"path": 1, "flow": 0.07142857142857144}, "model": "graph.pathflowassignment", "pk": 57}, {"fields": {"path": 2, "flow": 0.07142857142857144}, "model": "graph.pathflowassignment", "pk": 58}, {"fields": {"path": 3, "flow": 0.07142857142857144}, "model": "graph.pathflowassignment", "pk": 59}, {"fields": {"path": 4, "flow": 0.07142857142857144}, "model": "graph.pathflowassignment", "pk": 60}, {"fields": {"path": 5, "flow": 0.07142857142857144}, "model": "graph.pathflowassignment", "pk": 61}, {"fields": {"path": 6, "flow": 0.07142857142857144}, "model": "graph.pathflowassignment", "pk": 62}, {"fields": {"path": 7, "flow": 0.07142857142857144}, "model": "graph.pathflowassignment", "pk": 63}, {"fields": {"path": 1, "flow": 0.04761904761904762}, "model": "graph.pathflowassignment", "pk": 64}, {"fields": {"path": 2, "flow": 0.04761904761904762}, "model": "graph.pathflowassignment", "pk": 65}, {"fields": {"path": 3, "flow": 0.04761904761904762}, "model": "graph.pathflowassignment", "pk": 66}, {"fields": {"path": 4, "flow": 0.04761904761904762}, "model": "graph.pathflowassignment", "pk": 67}, {"fields": {"path": 5, "flow": 0.04761904761904762}, "model": "graph.pathflowassignment", "pk": 68}, {"fields": {"path": 6, "flow": 0.04761904761904762}, "model": "graph.pathflowassignment", "pk": 69}, {"fields": {"path": 7, "flow": 0.04761904761904762}, "model": "graph.pathflowassignment", "pk": 70}, {"fields": {"path": 1, "flow": 0.047619047619047616}, "model": "graph.pathflowassignment", "pk": 71}, {"fields": {"path": 2, "flow": 0.047619047619047616}, "model": "graph.pathflowassignment", "pk": 72}, {"fields": {"path": 3, "flow": 0.047619047619047616}, "model": "graph.pathflowassignment", "pk": 73}, {"fields": {"path": 4, "flow": 0.047619047619047616}, "model": "graph.pathflowassignment", "pk": 74}, {"fields": {"path": 5, "flow": 0.047619047619047616}, "model": "graph.pathflowassignment", "pk": 75}, {"fields": {"path": 6, "flow": 0.047619047619047616}, "model": "graph.pathflowassignment", "pk": 76}, {"fields": {"path": 7, "flow": 0.047619047619047616}, "model": "graph.pathflowassignment", "pk": 77}, {"fields": {"path": 1, "flow": 0.047619047619047616}, "model": "graph.pathflowassignment", "pk": 78}, {"fields": {"path": 2, "flow": 0.047619047619047616}, "model": "graph.pathflowassignment", "pk": 79}, {"fields": {"path": 3, "flow": 0.047619047619047616}, "model": "graph.pathflowassignment", "pk": 80}, {"fields": {"path": 4, "flow": 0.047619047619047616}, "model": "graph.pathflowassignment", "pk": 81}, {"fields": {"path": 5, "flow": 0.047619047619047616}, "model": "graph.pathflowassignment", "pk": 82}, {"fields": {"path": 6, "flow": 0.047619047619047616}, "model": "graph.pathflowassignment", "pk": 83}, {"fields": {"path": 7, "flow": 0.047619047619047616}, "model": "graph.pathflowassignment", "pk": 84}, {"fields": {"path": 1, "flow": 0.05747619109122215}, "model": "graph.pathflowassignment", "pk": 85}, {"fields": {"path": 2, "flow": 0.043192052497509494}, "model": "graph.pathflowassignment", "pk": 86}, {"fields": {"path": 3, "flow": 0.06321925290366806}, "model": "graph.pathflowassignment", "pk": 87}, {"fields": {"path": 4, "flow": 0.03926833280917998}, "model": "graph.pathflowassignment", "pk": 88}, {"fields": {"path": 5, "flow": 0.029509260443022014}, "model": "graph.pathflowassignment", "pk": 89}, {"fields": {"path": 6, "flow": 0.043192052497509494}, "model": "graph.pathflowassignment", "pk": 90}, {"fields": {"path": 7, "flow": 0.05747619109122215}, "model": "graph.pathflowassignment", "pk": 91}, {"fields": {"path": 1, "flow": 0.02277432712215321}, "model": "graph.pathflowassignment", "pk": 92}, {"fields": {"path": 2, "flow": 0.051759834368530024}, "model": "graph.pathflowassignment", "pk": 93}, {"fields": {"path": 3, "flow": 0.051759834368530024}, "model": "graph.pathflowassignment", "pk": 94}, {"fields": {"path": 4, "flow": 0.051759834368530024}, "model": "graph.pathflowassignment", "pk": 95}, {"fields": {"path": 5, "flow": 0.051759834368530024}, "model": "graph.pathflowassignment", "pk": 96}, {"fields": {"path": 6, "flow": 0.051759834368530024}, "model": "graph.pathflowassignment", "pk": 97}, {"fields": {"path": 7, "flow": 0.051759834368530024}, "model": "graph.pathflowassignment", "pk": 98}, {"fields": {"path": 1, "flow": 0.06525283255506054}, "model": "graph.pathflowassignment", "pk": 99}, {"fields": {"path": 2, "flow": 0.03949800599321439}, "model": "graph.pathflowassignment", "pk": 100}, {"fields": {"path": 3, "flow": 0.07217439745915963}, "model": "graph.pathflowassignment", "pk": 101}, {"fields": {"path": 4, "flow": 0.03390223382205712}, "model": "graph.pathflowassignment", "pk": 102}, {"fields": {"path": 5, "flow": 0.021177073397552548}, "model": "graph.pathflowassignment", "pk": 103}, {"fields": {"path": 6, "flow": 0.03869670060507191}, "model": "graph.pathflowassignment", "pk": 104}, {"fields": {"path": 7, "flow": 0.06263208950121722}, "model": "graph.pathflowassignment", "pk": 105}, {"fields": {"path": 1, "flow": 0.02277432712215321}, "model": "graph.pathflowassignment", "pk": 106}, {"fields": {"path": 2, "flow": 0.051759834368530024}, "model": "graph.pathflowassignment", "pk": 107}, {"fields": {"path": 3, "flow": 0.051759834368530024}, "model": "graph.pathflowassignment", "pk": 108}, {"fields": {"path": 4, "flow": 0.051759834368530024}, "model": "graph.pathflowassignment", "pk": 109}, {"fields": {"path": 5, "flow": 0.051759834368530024}, "model": "graph.pathflowassignment", "pk": 110}, {"fields": {"path": 6, "flow": 0.051759834368530024}, "model": "graph.pathflowassignment", "pk": 111}, {"fields": {"path": 7, "flow": 0.051759834368530024}, "model": "graph.pathflowassignment", "pk": 112}, {"fields": {"path": 1, "flow": 0.07104234512612644}, "model": "graph.pathflowassignment", "pk": 113}, {"fields": {"path": 2, "flow": 0.03634440472577478}, "model": "graph.pathflowassignment", "pk": 114}, {"fields": {"path": 3, "flow": 0.07841162321836652}, "model": "graph.pathflowassignment", "pk": 115}, {"fields": {"path": 4, "flow": 0.029964596615986078}, "model": "graph.pathflowassignment", "pk": 116}, {"fields": {"path": 5, "flow": 0.01627741731234549}, "model": "graph.pathflowassignment", "pk": 117}, {"fields": {"path": 6, "flow": 0.03511788741331605}, "model": "graph.pathflowassignment", "pk": 118}, {"fields": {"path": 7, "flow": 0.066175058921418}, "model": "graph.pathflowassignment", "pk": 119}, {"fields": {"path": 1, "flow": 0.02277432712215321}, "model": "graph.pathflowassignment", "pk": 120}, {"fields": {"path": 2, "flow": 0.051759834368530024}, "model": "graph.pathflowassignment", "pk": 121}, {"fields": {"path": 3, "flow": 0.051759834368530024}, "model": "graph.pathflowassignment", "pk": 122}, {"fields": {"path": 4, "flow": 0.051759834368530024}, "model": "graph.pathflowassignment", "pk": 123}, {"fields": {"path": 5, "flow": 0.051759834368530024}, "model": "graph.pathflowassignment", "pk": 124}, {"fields": {"path": 6, "flow": 0.051759834368530024}, "model": "graph.pathflowassignment", "pk": 125}, {"fields": {"path": 7, "flow": 0.051759834368530024}, "model": "graph.pathflowassignment", "pk": 126}, {"fields": {"path": 1, "flow": 0.07566148955900624}, "model": "graph.pathflowassignment", "pk": 127}, {"fields": {"path": 2, "flow": 0.033640584288797924}, "model": "graph.pathflowassignment", "pk": 128}, {"fields": {"path": 3, "flow": 0.08310065333532085}, "model": "graph.pathflowassignment", "pk": 129}, {"fields": {"path": 4, "flow": 0.026890383737121406}, "model": "graph.pathflowassignment", "pk": 130}, {"fields": {"path": 5, "flow": 0.013024925377380758}, "model": "graph.pathflowassignment", "pk": 131}, {"fields": {"path": 6, "flow": 0.03217482191189426}, "model": "graph.pathflowassignment", "pk": 132}, {"fields": {"path": 7, "flow": 0.06884047512381193}, "model": "graph.pathflowassignment", "pk": 133}, {"fields": {"path": 1, "flow": 0.02277432712215321}, "model": "graph.pathflowassignment", "pk": 134}, {"fields": {"path": 2, "flow": 0.051759834368530024}, "model": "graph.pathflowassignment", "pk": 135}, {"fields": {"path": 3, "flow": 0.051759834368530024}, "model": "graph.pathflowassignment", "pk": 136}, {"fields": {"path": 4, "flow": 0.051759834368530024}, "model": "graph.pathflowassignment", "pk": 137}, {"fields": {"path": 5, "flow": 0.051759834368530024}, "model": "graph.pathflowassignment", "pk": 138}, {"fields": {"path": 6, "flow": 0.051759834368530024}, "model": "graph.pathflowassignment", "pk": 139}, {"fields": {"path": 7, "flow": 0.051759834368530024}, "model": "graph.pathflowassignment", "pk": 140}, {"fields": {"path": 1, "flow": 0.0794937038434874}, "model": "graph.pathflowassignment", "pk": 141}, {"fields": {"path": 2, "flow": 0.03129614818718233}, "model": "graph.pathflowassignment", "pk": 142}, {"fields": {"path": 3, "flow": 0.08678998331969882}, "model": "graph.pathflowassignment", "pk": 143}, {"fields": {"path": 4, "flow": 0.024395745562597923}, "model": "graph.pathflowassignment", "pk": 144}, {"fields": {"path": 5, "flow": 0.010708139154831986}, "model": "graph.pathflowassignment", "pk": 145}, {"fields": {"path": 6, "flow": 0.029695642194508487}, "model": "graph.pathflowassignment", "pk": 146}, {"fields": {"path": 7, "flow": 0.07095397107102641}, "model": "graph.pathflowassignment", "pk": 147}, {"fields": {"path": 1, "flow": 0.02277432712215321}, "model": "graph.pathflowassignment", "pk": 148}, {"fields": {"path": 2, "flow": 0.051759834368530024}, "model": "graph.pathflowassignment", "pk": 149}, {"fields": {"path": 3, "flow": 0.051759834368530024}, "model": "graph.pathflowassignment", "pk": 150}, {"fields": {"path": 4, "flow": 0.051759834368530024}, "model": "graph.pathflowassignment", "pk": 151}, {"fields": {"path": 5, "flow": 0.051759834368530024}, "model": "graph.pathflowassignment", "pk": 152}, {"fields": {"path": 6, "flow": 0.051759834368530024}, "model": "graph.pathflowassignment", "pk": 153}, {"fields": {"path": 7, "flow": 0.051759834368530024}, "model": "graph.pathflowassignment", "pk": 154}, {"fields": {"path": 1, "flow": 0.08275475649909265}, "model": "graph.pathflowassignment", "pk": 155}, {"fields": {"path": 2, "flow": 0.02924092747134156}, "model": "graph.pathflowassignment", "pk": 156}, {"fields": {"path": 3, "flow": 0.08978426180799425}, "model": "graph.pathflowassignment", "pk": 157}, {"fields": {"path": 4, "flow": 0.022316542078525375}, "model": "graph.pathflowassignment", "pk": 158}, {"fields": {"path": 5, "flow": 0.008978632100368563}, "model": "graph.pathflowassignment", "pk": 159}, {"fields": {"path": 6, "flow": 0.027568888024062623}, "model": "graph.pathflowassignment", "pk": 160}, {"fields": {"path": 7, "flow": 0.07268932535194833}, "model": "graph.pathflowassignment", "pk": 161}, {"fields": {"path": 1, "flow": 0.02277432712215321}, "model": "graph.pathflowassignment", "pk": 162}, {"fields": {"path": 2, "flow": 0.051759834368530024}, "model": "graph.pathflowassignment", "pk": 163}, {"fields": {"path": 3, "flow": 0.051759834368530024}, "model": "graph.pathflowassignment", "pk": 164}, {"fields": {"path": 4, "flow": 0.051759834368530024}, "model": "graph.pathflowassignment", "pk": 165}, {"fields": {"path": 5, "flow": 0.051759834368530024}, "model": "graph.pathflowassignment", "pk": 166}, {"fields": {"path": 6, "flow": 0.051759834368530024}, "model": "graph.pathflowassignment", "pk": 167}, {"fields": {"path": 7, "flow": 0.051759834368530024}, "model": "graph.pathflowassignment", "pk": 168}, {"fields": {"path": 1, "flow": 0.08558000676010648}, "model": "graph.pathflowassignment", "pk": 169}, {"fields": {"path": 2, "flow": 0.02742182837990138}, "model": "graph.pathflowassignment", "pk": 170}, {"fields": {"path": 3, "flow": 0.09227072237912136}, "model": "graph.pathflowassignment", "pk": 171}, {"fields": {"path": 4, "flow": 0.020548961055387383}, "model": "graph.pathflowassignment", "pk": 172}, {"fields": {"path": 5, "flow": 0.007643190723982926}, "model": "graph.pathflowassignment", "pk": 173}, {"fields": {"path": 6, "flow": 0.02571829710305554}, "model": "graph.pathflowassignment", "pk": 174}, {"fields": {"path": 7, "flow": 0.0741503269317783}, "model": "graph.pathflowassignment", "pk": 175}, {"fields": {"path": 1, "flow": 0.02277432712215321}, "model": "graph.pathflowassignment", "pk": 176}, {"fields": {"path": 2, "flow": 0.051759834368530024}, "model": "graph.pathflowassignment", "pk": 177}, {"fields": {"path": 3, "flow": 0.051759834368530024}, "model": "graph.pathflowassignment", "pk": 178}, {"fields": {"path": 4, "flow": 0.051759834368530024}, "model": "graph.pathflowassignment", "pk": 179}, {"fields": {"path": 5, "flow": 0.051759834368530024}, "model": "graph.pathflowassignment", "pk": 180}, {"fields": {"path": 6, "flow": 0.051759834368530024}, "model": "graph.pathflowassignment", "pk": 181}, {"fields": {"path": 7, "flow": 0.051759834368530024}, "model": "graph.pathflowassignment", "pk": 182}, {"fields": {"path": 1, "flow": 0.08806079741755762}, "model": "graph.pathflowassignment", "pk": 183}, {"fields": {"path": 2, "flow": 0.025798326796156287}, "model": "graph.pathflowassignment", "pk": 184}, {"fields": {"path": 3, "flow": 0.09437255139571314}, "model": "graph.pathflowassignment", "pk": 185}, {"fields": {"path": 4, "flow": 0.019023106836406553}, "model": "graph.pathflowassignment", "pk": 186}, {"fields": {"path": 5, "flow": 0.006585249959023944}, "model": "graph.pathflowassignment", "pk": 187}, {"fields": {"path": 6, "flow": 0.024089424291818696}, "model": "graph.pathflowassignment", "pk": 188}, {"fields": {"path": 7, "flow": 0.0754038766366571}, "model": "graph.pathflowassignment", "pk": 189}, {"fields": {"path": 1, "flow": 0.02277432712215321}, "model": "graph.pathflowassignment", "pk": 190}, {"fields": {"path": 2, "flow": 0.051759834368530024}, "model": "graph.pathflowassignment", "pk": 191}, {"fields": {"path": 3, "flow": 0.051759834368530024}, "model": "graph.pathflowassignment", "pk": 192}, {"fields": {"path": 4, "flow": 0.051759834368530024}, "model": "graph.pathflowassignment", "pk": 193}, {"fields": {"path": 5, "flow": 0.051759834368530024}, "model": "graph.pathflowassignment", "pk": 194}, {"fields": {"path": 6, "flow": 0.051759834368530024}, "model": "graph.pathflowassignment", "pk": 195}, {"fields": {"path": 7, "flow": 0.051759834368530024}, "model": "graph.pathflowassignment", "pk": 196}, {"fields": {"path": 1, "flow": 0.09026208899574938}, "model": "graph.pathflowassignment", "pk": 197}, {"fields": {"path": 2, "flow": 0.024339003932674044}, "model": "graph.pathflowassignment", "pk": 198}, {"fields": {"path": 3, "flow": 0.09617490163716157}, "model": "graph.pathflowassignment", "pk": 199}, {"fields": {"path": 4, "flow": 0.017689682055875167}, "model": "graph.pathflowassignment", "pk": 200}, {"fields": {"path": 5, "flow": 0.005730032616454825}, "model": "graph.pathflowassignment", "pk": 201}, {"fields": {"path": 6, "flow": 0.022642065582867254}, "model": "graph.pathflowassignment", "pk": 202}, {"fields": {"path": 7, "flow": 0.0764955585125511}, "model": "graph.pathflowassignment", "pk": 203}, {"fields": {"path": 1, "flow": 0.02277432712215321}, "model": "graph.pathflowassignment", "pk": 204}, {"fields": {"path": 2, "flow": 0.051759834368530024}, "model": "graph.pathflowassignment", "pk": 205}, {"fields": {"path": 3, "flow": 0.051759834368530024}, "model": "graph.pathflowassignment", "pk": 206}, {"fields": {"path": 4, "flow": 0.051759834368530024}, "model": "graph.pathflowassignment", "pk": 207}, {"fields": {"path": 5, "flow": 0.051759834368530024}, "model": "graph.pathflowassignment", "pk": 208}, {"fields": {"path": 6, "flow": 0.051759834368530024}, "model": "graph.pathflowassignment", "pk": 209}, {"fields": {"path": 7, "flow": 0.051759834368530024}, "model": "graph.pathflowassignment", "pk": 210}, {"fields": {"path": 1, "flow": 0.09223194412246409}, "model": "graph.pathflowassignment", "pk": 211}, {"fields": {"path": 2, "flow": 0.023019100325083506}, "model": "graph.pathflowassignment", "pk": 212}, {"fields": {"path": 3, "flow": 0.09773889626374442}, "model": "graph.pathflowassignment", "pk": 213}, {"fields": {"path": 4, "flow": 0.016512642505562128}, "model": "graph.pathflowassignment", "pk": 214}, {"fields": {"path": 5, "flow": 0.005027262275821193}, "model": "graph.pathflowassignment", "pk": 215}, {"fields": {"path": 6, "flow": 0.02134571113240674}, "model": "graph.pathflowassignment", "pk": 216}, {"fields": {"path": 7, "flow": 0.0774577767082513}, "model": "graph.pathflowassignment", "pk": 217}, {"fields": {"path": 1, "flow": 0.02277432712215321}, "model": "graph.pathflowassignment", "pk": 218}, {"fields": {"path": 2, "flow": 0.051759834368530024}, "model": "graph.pathflowassignment", "pk": 219}, {"fields": {"path": 3, "flow": 0.051759834368530024}, "model": "graph.pathflowassignment", "pk": 220}, {"fields": {"path": 4, "flow": 0.051759834368530024}, "model": "graph.pathflowassignment", "pk": 221}, {"fields": {"path": 5, "flow": 0.051759834368530024}, "model": "graph.pathflowassignment", "pk": 222}, {"fields": {"path": 6, "flow": 0.051759834368530024}, "model": "graph.pathflowassignment", "pk": 223}, {"fields": {"path": 7, "flow": 0.051759834368530024}, "model": "graph.pathflowassignment", "pk": 224}, {"fields": {"path": 1, "flow": 0.09400703850823754}, "model": "graph.pathflowassignment", "pk": 225}, {"fields": {"path": 2, "flow": 0.021818805277877548}, "model": "graph.pathflowassignment", "pk": 226}, {"fields": {"path": 3, "flow": 0.09910973925515863}, "model": "graph.pathflowassignment", "pk": 227}, {"fields": {"path": 4, "flow": 0.01546486355278711}, "model": "graph.pathflowassignment", "pk": 228}, {"fields": {"path": 5, "flow": 0.004441854680422839}, "model": "graph.pathflowassignment", "pk": 229}, {"fields": {"path": 6, "flow": 0.020176680325955824}, "model": "graph.pathflowassignment", "pk": 230}, {"fields": {"path": 7, "flow": 0.07831435173289382}, "model": "graph.pathflowassignment", "pk": 231}, {"fields": {"path": 1, "flow": 0.02277432712215321}, "model": "graph.pathflowassignment", "pk": 232}, {"fields": {"path": 2, "flow": 0.051759834368530024}, "model": "graph.pathflowassignment", "pk": 233}, {"fields": {"path": 3, "flow": 0.051759834368530024}, "model": "graph.pathflowassignment", "pk": 234}, {"fields": {"path": 4, "flow": 0.051759834368530024}, "model": "graph.pathflowassignment", "pk": 235}, {"fields": {"path": 5, "flow": 0.051759834368530024}, "model": "graph.pathflowassignment", "pk": 236}, {"fields": {"path": 6, "flow": 0.051759834368530024}, "model": "graph.pathflowassignment", "pk": 237}, {"fields": {"path": 7, "flow": 0.051759834368530024}, "model": "graph.pathflowassignment", "pk": 238}, {"fields": {"path": 1, "flow": 0.09561606038257747}, "model": "graph.pathflowassignment", "pk": 239}, {"fields": {"path": 2, "flow": 0.020722048413310237}, "model": "graph.pathflowassignment", "pk": 240}, {"fields": {"path": 3, "flow": 0.10032168446550445}, "model": "graph.pathflowassignment", "pk": 241}, {"fields": {"path": 4, "flow": 0.014525444578802983}, "model": "graph.pathflowassignment", "pk": 242}, {"fields": {"path": 5, "flow": 0.003948575056616864}, "model": "graph.pathflowassignment", "pk": 243}, {"fields": {"path": 6, "flow": 0.019116242420504918}, "model": "graph.pathflowassignment", "pk": 244}, {"fields": {"path": 7, "flow": 0.07908327801601643}, "model": "graph.pathflowassignment", "pk": 245}, {"fields": {"path": 1, "flow": 0.02277432712215321}, "model": "graph.pathflowassignment", "pk": 246}, {"fields": {"path": 2, "flow": 0.051759834368530024}, "model": "graph.pathflowassignment", "pk": 247}, {"fields": {"path": 3, "flow": 0.051759834368530024}, "model": "graph.pathflowassignment", "pk": 248}, {"fields": {"path": 4, "flow": 0.051759834368530024}, "model": "graph.pathflowassignment", "pk": 249}, {"fields": {"path": 5, "flow": 0.051759834368530024}, "model": "graph.pathflowassignment", "pk": 250}, {"fields": {"path": 6, "flow": 0.051759834368530024}, "model": "graph.pathflowassignment", "pk": 251}, {"fields": {"path": 7, "flow": 0.051759834368530024}, "model": "graph.pathflowassignment", "pk": 252}, {"fields": {"path": 1, "flow": 0.09708190986759957}, "model": "graph.pathflowassignment", "pk": 253}, {"fields": {"path": 2, "flow": 0.01971563233002758}, "model": "graph.pathflowassignment", "pk": 254}, {"fields": {"path": 3, "flow": 0.10140121945936664}, "model": "graph.pathflowassignment", "pk": 255}, {"fields": {"path": 4, "flow": 0.013677959215909646}, "model": "graph.pathflowassignment", "pk": 256}, {"fields": {"path": 5, "flow": 0.0035288110399581845}, "model": "graph.pathflowassignment", "pk": 257}, {"fields": {"path": 6, "flow": 0.018149341431390683}, "model": "graph.pathflowassignment", "pk": 258}, {"fields": {"path": 7, "flow": 0.07977845998908108}, "model": "graph.pathflowassignment", "pk": 259}, {"fields": {"path": 1, "flow": 0.02277432712215321}, "model": "graph.pathflowassignment", "pk": 260}, {"fields": {"path": 2, "flow": 0.051759834368530024}, "model": "graph.pathflowassignment", "pk": 261}, {"fields": {"path": 3, "flow": 0.051759834368530024}, "model": "graph.pathflowassignment", "pk": 262}, {"fields": {"path": 4, "flow": 0.051759834368530024}, "model": "graph.pathflowassignment", "pk": 263}, {"fields": {"path": 5, "flow": 0.051759834368530024}, "model": "graph.pathflowassignment", "pk": 264}, {"fields": {"path": 6, "flow": 0.051759834368530024}, "model": "graph.pathflowassignment", "pk": 265}, {"fields": {"path": 7, "flow": 0.051759834368530024}, "model": "graph.pathflowassignment", "pk": 266}, {"fields": {"path": 1, "flow": 0.09842317850144738}, "model": "graph.pathflowassignment", "pk": 267}, {"fields": {"path": 2, "flow": 0.01878859945690341}, "model": "graph.pathflowassignment", "pk": 268}, {"fields": {"path": 3, "flow": 0.1023691814764416}, "model": "graph.pathflowassignment", "pk": 269}, {"fields": {"path": 4, "flow": 0.012909278792407696}, "model": "graph.pathflowassignment", "pk": 270}, {"fields": {"path": 5, "flow": 0.0031685400926072453}, "model": "graph.pathflowassignment", "pk": 271}, {"fields": {"path": 6, "flow": 0.01726370592440903}, "model": "graph.pathflowassignment", "pk": 272}, {"fields": {"path": 7, "flow": 0.08041084908911696}, "model": "graph.pathflowassignment", "pk": 273}, {"fields": {"path": 1, "flow": 0.02277432712215321}, "model": "graph.pathflowassignment", "pk": 274}, {"fields": {"path": 2, "flow": 0.051759834368530024}, "model": "graph.pathflowassignment", "pk": 275}, {"fields": {"path": 3, "flow": 0.051759834368530024}, "model": "graph.pathflowassignment", "pk": 276}, {"fields": {"path": 4, "flow": 0.051759834368530024}, "model": "graph.pathflowassignment", "pk": 277}, {"fields": {"path": 5, "flow": 0.051759834368530024}, "model": "graph.pathflowassignment", "pk": 278}, {"fields": {"path": 6, "flow": 0.051759834368530024}, "model": "graph.pathflowassignment", "pk": 279}, {"fields": {"path": 7, "flow": 0.051759834368530024}, "model": "graph.pathflowassignment", "pk": 280}, {"fields": {"path": 1, "flow": 0.09965517736760005}, "model": "graph.pathflowassignment", "pk": 281}, {"fields": {"path": 2, "flow": 0.01793176220737738}, "model": "graph.pathflowassignment", "pk": 282}, {"fields": {"path": 3, "flow": 0.10324220721661213}, "model": "graph.pathflowassignment", "pk": 283}, {"fields": {"path": 4, "flow": 0.01220875740276125}, "model": "graph.pathflowassignment", "pk": 284}, {"fields": {"path": 5, "flow": 0.0028570036252470042}, "model": "graph.pathflowassignment", "pk": 285}, {"fields": {"path": 6, "flow": 0.016449212123447115}, "model": "graph.pathflowassignment", "pk": 286}, {"fields": {"path": 7, "flow": 0.08098921339028846}, "model": "graph.pathflowassignment", "pk": 287}, {"fields": {"path": 1, "flow": 0.02277432712215321}, "model": "graph.pathflowassignment", "pk": 288}, {"fields": {"path": 2, "flow": 0.051759834368530024}, "model": "graph.pathflowassignment", "pk": 289}, {"fields": {"path": 3, "flow": 0.051759834368530024}, "model": "graph.pathflowassignment", "pk": 290}, {"fields": {"path": 4, "flow": 0.051759834368530024}, "model": "graph.pathflowassignment", "pk": 291}, {"fields": {"path": 5, "flow": 0.051759834368530024}, "model": "graph.pathflowassignment", "pk": 292}, {"fields": {"path": 6, "flow": 0.051759834368530024}, "model": "graph.pathflowassignment", "pk": 293}, {"fields": {"path": 7, "flow": 0.051759834368530024}, "model": "graph.pathflowassignment", "pk": 294}, {"fields": {"path": 1, "flow": 0.10079067144514241}, "model": "graph.pathflowassignment", "pk": 295}, {"fields": {"path": 2, "flow": 0.01713734891298918}, "model": "graph.pathflowassignment", "pk": 296}, {"fields": {"path": 3, "flow": 0.10403375218207422}, "model": "graph.pathflowassignment", "pk": 297}, {"fields": {"path": 4, "flow": 0.011567652979382505}, "model": "graph.pathflowassignment", "pk": 298}, {"fields": {"path": 5, "flow": 0.0025858159673698825}, "model": "graph.pathflowassignment", "pk": 299}, {"fields": {"path": 6, "flow": 0.015697418480749483}, "model": "graph.pathflowassignment", "pk": 300}, {"fields": {"path": 7, "flow": 0.08152067336562564}, "model": "graph.pathflowassignment", "pk": 301}, {"fields": {"path": 1, "flow": 0.02277432712215321}, "model": "graph.pathflowassignment", "pk": 302}, {"fields": {"path": 2, "flow": 0.051759834368530024}, "model": "graph.pathflowassignment", "pk": 303}, {"fields": {"path": 3, "flow": 0.051759834368530024}, "model": "graph.pathflowassignment", "pk": 304}, {"fields": {"path": 4, "flow": 0.051759834368530024}, "model": "graph.pathflowassignment", "pk": 305}, {"fields": {"path": 5, "flow": 0.051759834368530024}, "model": "graph.pathflowassignment", "pk": 306}, {"fields": {"path": 6, "flow": 0.051759834368530024}, "model": "graph.pathflowassignment", "pk": 307}, {"fields": {"path": 7, "flow": 0.051759834368530024}, "model": "graph.pathflowassignment", "pk": 308}, {"fields": {"path": 1, "flow": 0.10184041661508568}, "model": "graph.pathflowassignment", "pk": 309}, {"fields": {"path": 2, "flow": 0.016398733197860168}, "model": "graph.pathflowassignment", "pk": 310}, {"fields": {"path": 3, "flow": 0.10475482347201694}, "model": "graph.pathflowassignment", "pk": 311}, {"fields": {"path": 4, "flow": 0.010978706914520764}, "model": "graph.pathflowassignment", "pk": 312}, {"fields": {"path": 5, "flow": 0.002348350011496345}, "model": "graph.pathflowassignment", "pk": 313}, {"fields": {"path": 6, "flow": 0.015001219175692686}, "model": "graph.pathflowassignment", "pk": 314}, {"fields": {"path": 7, "flow": 0.08201108394666076}, "model": "graph.pathflowassignment", "pk": 315}, {"fields": {"path": 1, "flow": 0.02277432712215321}, "model": "graph.pathflowassignment", "pk": 316}, {"fields": {"path": 2, "flow": 0.051759834368530024}, "model": "graph.pathflowassignment", "pk": 317}, {"fields": {"path": 3, "flow": 0.051759834368530024}, "model": "graph.pathflowassignment", "pk": 318}, {"fields": {"path": 4, "flow": 0.051759834368530024}, "model": "graph.pathflowassignment", "pk": 319}, {"fields": {"path": 5, "flow": 0.051759834368530024}, "model": "graph.pathflowassignment", "pk": 320}, {"fields": {"path": 6, "flow": 0.051759834368530024}, "model": "graph.pathflowassignment", "pk": 321}, {"fields": {"path": 7, "flow": 0.051759834368530024}, "model": "graph.pathflowassignment", "pk": 322}, {"fields": {"iteration": 0, "graph_cost": 1, "game_object": null}, "model": "graph.gameturn", "pk": 1}, {"fields": {"iteration": 1, "graph_cost": 2, "game_object": "game_1"}, "model": "graph.gameturn", "pk": 2}, {"fields": {"iteration": 2, "graph_cost": 3, "game_object": "game_1"}, "model": "graph.gameturn", "pk": 3}, {"fields": {"iteration": 3, "graph_cost": null, "game_object": "game_1"}, "model": "graph.gameturn", "pk": 4}, {"fields": {"iteration": 0, "graph_cost": 4, "game_object": null}, "model": "graph.gameturn", "pk": 5}, {"fields": {"iteration": 1, "graph_cost": 5, "game_object": "game_2"}, "model": "graph.gameturn", "pk": 6}, {"fields": {"iteration": 2, "graph_cost": 6, "game_object": "game_2"}, "model": "graph.gameturn", "pk": 7}, {"fields": {"iteration": 3, "graph_cost": 7, "game_object": "game_2"}, "model": "graph.gameturn", "pk": 8}, {"fields": {"iteration": 4, "graph_cost": 8, "game_object": "game_2"}, "model": "graph.gameturn", "pk": 9}, {"fields": {"iteration": 5, "graph_cost": 9, "game_object": "game_2"}, "model": "graph.gameturn", "pk": 10}, {"fields": {"iteration": 6, "graph_cost": 10, "game_object": "game_2"}, "model": "graph.gameturn", "pk": 11}, {"fields": {"iteration": 7, "graph_cost": 11, "game_object": "game_2"}, "model": "graph.gameturn", "pk": 12}, {"fields": {"iteration": 8, "graph_cost": 12, "game_object": "game_2"}, "model": "graph.gameturn", "pk": 13}, {"fields": {"iteration": 9, "graph_cost": 13, "game_object": "game_2"}, "model": "graph.gameturn", "pk": 14}, {"fields": {"iteration": 10, "graph_cost": 14, "game_object": "game_2"}, "model": "graph.gameturn", "pk": 15}, {"fields": {"iteration": 11, "graph_cost": 15, "game_object": "game_2"}, "model": "graph.gameturn", "pk": 16}, {"fields": {"iteration": 12, "graph_cost": 16, "game_object": "game_2"}, "model": "graph.gameturn", "pk": 17}, {"fields": {"iteration": 13, "graph_cost": 17, "game_object": "game_2"}, "model": "graph.gameturn", "pk": 18}, {"fields": {"iteration": 14, "graph_cost": 18, "game_object": "game_2"}, "model": "graph.gameturn", "pk": 19}, {"fields": {"iteration": 15, "graph_cost": 19, "game_object": "game_2"}, "model": "graph.gameturn", "pk": 20}, {"fields": {"iteration": 16, "graph_cost": 20, "game_object": "game_2"}, "model": "graph.gameturn", "pk": 21}, {"fields": {"iteration": 17, "graph_cost": 21, "game_object": "game_2"}, "model": "graph.gameturn", "pk": 22}, {"fields": {"iteration": 18, "graph_cost": null, "game_object": "game_2"}, "model": "graph.gameturn", "pk": 23}, {"fields": {"player": 3, "path_assignments": [], "turn": 1}, "model": "graph.flowdistribution", "pk": 1}, {"fields": {"player": 2, "path_assignments": [22, 23, 24, 25, 26, 27, 28], "turn": 1}, "model": "graph.flowdistribution", "pk": 2}, {"fields": {"player": 3, "path_assignments": [], "turn": 2}, "model": "graph.flowdistribution", "pk": 3}, {"fields": {"player": 2, "path_assignments": [36, 37, 38, 39, 40, 41, 42], "turn": 2}, "model": "graph.flowdistribution", "pk": 4}, {"fields": {"player": 3, "path_assignments": [], "turn": 3}, "model": "graph.flowdistribution", "pk": 5}, {"fields": {"player": 2, "path_assignments": [50, 51, 52, 53, 54, 55, 56], "turn": 3}, "model": "graph.flowdistribution", "pk": 6}, {"fields": {"player": 3, "path_assignments": [71, 72, 73, 74, 75, 76, 77], "turn": 5}, "model": "graph.flowdistribution", "pk": 7}, {"fields": {"player": 4, "path_assignments": [78, 79, 80, 81, 82, 83, 84], "turn": 5}, "model": "graph.flowdistribution", "pk": 8}, {"fields": {"player": 3, "path_assignments": [85, 86, 87, 88, 89, 90, 91], "turn": 6}, "model": "graph.flowdistribution", "pk": 9}, {"fields": {"player": 4, "path_assignments": [92, 93, 94, 95, 96, 97, 98], "turn": 6}, "model": "graph.flowdistribution", "pk": 10}, {"fields": {"player": 3, "path_assignments": [99, 100, 101, 102, 103, 104, 105], "turn": 7}, "model": "graph.flowdistribution", "pk": 11}, {"fields": {"player": 4, "path_assignments": [106, 107, 108, 109, 110, 111, 112], "turn": 7}, "model": "graph.flowdistribution", "pk": 12}, {"fields": {"player": 3, "path_assignments": [113, 114, 115, 116, 117, 118, 119], "turn": 8}, "model": "graph.flowdistribution", "pk": 13}, {"fields": {"player": 4, "path_assignments": [120, 121, 122, 123, 124, 125, 126], "turn": 8}, "model": "graph.flowdistribution", "pk": 14}, {"fields": {"player": 3, "path_assignments": [127, 128, 129, 130, 131, 132, 133], "turn": 9}, "model": "graph.flowdistribution", "pk": 15}, {"fields": {"player": 4, "path_assignments": [134, 135, 136, 137, 138, 139, 140], "turn": 9}, "model": "graph.flowdistribution", "pk": 16}, {"fields": {"player": 3, "path_assignments": [141, 142, 143, 144, 145, 146, 147], "turn": 10}, "model": "graph.flowdistribution", "pk": 17}, {"fields": {"player": 4, "path_assignments": [148, 149, 150, 151, 152, 153, 154], "turn": 10}, "model": "graph.flowdistribution", "pk": 18}, {"fields": {"player": 3, "path_assignments": [155, 156, 157, 158, 159, 160, 161], "turn": 11}, "model": "graph.flowdistribution", "pk": 19}, {"fields": {"player": 4, "path_assignments": [162, 163, 164, 165, 166, 167, 168], "turn": 11}, "model": "graph.flowdistribution", "pk": 20}, {"fields": {"player": 3, "path_assignments": [169, 170, 171, 172, 173, 174, 175], "turn": 12}, "model": "graph.flowdistribution", "pk": 21}, {"fields": {"player": 4, "path_assignments": [176, 177, 178, 179, 180, 181, 182], "turn": 12}, "model": "graph.flowdistribution", "pk": 22}, {"fields": {"player": 3, "path_assignments": [183, 184, 185, 186, 187, 188, 189], "turn": 13}, "model": "graph.flowdistribution", "pk": 23}, {"fields": {"player": 4, "path_assignments": [190, 191, 192, 193, 194, 195, 196], "turn": 13}, "model": "graph.flowdistribution", "pk": 24}, {"fields": {"player": 3, "path_assignments": [197, 198, 199, 200, 201, 202, 203], "turn": 14}, "model": "graph.flowdistribution", "pk": 25}, {"fields": {"player": 4, "path_assignments": [204, 205, 206, 207, 208, 209, 210], "turn": 14}, "model": "graph.flowdistribution", "pk": 26}, {"fields": {"player": 3, "path_assignments": [211, 212, 213, 214, 215, 216, 217], "turn": 15}, "model": "graph.flowdistribution", "pk": 27}, {"fields": {"player": 4, "path_assignments": [218, 219, 220, 221, 222, 223, 224], "turn": 15}, "model": "graph.flowdistribution", "pk": 28}, {"fields": {"player": 3, "path_assignments": [225, 226, 227, 228, 229, 230, 231], "turn": 16}, "model": "graph.flowdistribution", "pk": 29}, {"fields": {"player": 4, "path_assignments": [232, 233, 234, 235, 236, 237, 238], "turn": 16}, "model": "graph.flowdistribution", "pk": 30}, {"fields": {"player": 3, "path_assignments": [239, 240, 241, 242, 243, 244, 245], "turn": 17}, "model": "graph.flowdistribution", "pk": 31}, {"fields": {"player": 4, "path_assignments": [246, 247, 248, 249, 250, 251, 252], "turn": 17}, "model": "graph.flowdistribution", "pk": 32}, {"fields": {"player": 3, "path_assignments": [253, 254, 255, 256, 257, 258, 259], "turn": 18}, "model": "graph.flowdistribution", "pk": 33}, {"fields": {"player": 4, "path_assignments": [260, 261, 262, 263, 264, 265, 266], "turn": 18}, "model": "graph.flowdistribution", "pk": 34}, {"fields": {"player": 3, "path_assignments": [267, 268, 269, 270, 271, 272, 273], "turn": 19}, "model": "graph.flowdistribution", "pk": 35}, {"fields": {"player": 4, "path_assignments": [274, 275, 276, 277, 278, 279, 280], "turn": 19}, "model": "graph.flowdistribution", "pk": 36}, {"fields": {"player": 3, "path_assignments": [281, 282, 283, 284, 285, 286, 287], "turn": 20}, "model": "graph.flowdistribution", "pk": 37}, {"fields": {"player": 4, "path_assignments": [288, 289, 290, 291, 292, 293, 294], "turn": 20}, "model": "graph.flowdistribution", "pk": 38}, {"fields": {"player": 3, "path_assignments": [295, 296, 297, 298, 299, 300, 301], "turn": 21}, "model": "graph.flowdistribution", "pk": 39}, {"fields": {"player": 4, "path_assignments": [302, 303, 304, 305, 306, 307, 308], "turn": 21}, "model": "graph.flowdistribution", "pk": 40}, {"fields": {"player": 3, "path_assignments": [309, 310, 311, 312, 313, 314, 315], "turn": 22}, "model": "graph.flowdistribution", "pk": 41}, {"fields": {"player": 4, "path_assignments": [316, 317, 318, 319, 320, 321, 322], "turn": 22}, "model": "graph.flowdistribution", "pk": 42}, {"fields": {"player": 3, "learning_rate": 0.9994243755145752, "turn": 5}, "model": "graph.learningrate", "pk": 1}, {"fields": {"player": 4, "learning_rate": 0.001, "turn": 5}, "model": "graph.learningrate", "pk": 2}, {"fields": {"player": 3, "learning_rate": 0.707477167052361, "turn": 6}, "model": "graph.learningrate", "pk": 3}, {"fields": {"player": 4, "learning_rate": 0.001, "turn": 6}, "model": "graph.learningrate", "pk": 4}, {"fields": {"player": 3, "learning_rate": 0.5776841110242475, "turn": 7}, "model": "graph.learningrate", "pk": 5}, {"fields": {"player": 3, "learning_rate": 0.4996600978316071, "turn": 8}, "model": "graph.learningrate", "pk": 6}, {"fields": {"player": 4, "learning_rate": 0.001, "turn": 7}, "model": "graph.learningrate", "pk": 7}, {"fields": {"player": 4, "learning_rate": 0.001, "turn": 8}, "model": "graph.learningrate", "pk": 8}, {"fields": {"player": 3, "learning_rate": 0.44736568191695203, "turn": 9}, "model": "graph.learningrate", "pk": 9}, {"fields": {"player": 4, "learning_rate": 0.001, "turn": 9}, "model": "graph.learningrate", "pk": 10}, {"fields": {"player": 3, "learning_rate": 0.4079929542217687, "turn": 10}, "model": "graph.learningrate", "pk": 11}, {"fields": {"player": 4, "learning_rate": 0.001, "turn": 10}, "model": "graph.learningrate", "pk": 12}, {"fields": {"player": 3, "learning_rate": 0.3781328527015611, "turn": 11}, "model": "graph.learningrate", "pk": 13}, {"fields": {"player": 4, "learning_rate": 0.001, "turn": 11}, "model": "graph.learningrate", "pk": 14}, {"fields": {"player": 3, "learning_rate": 0.3537017098677478, "turn": 12}, "model": "graph.learningrate", "pk": 15}, {"fields": {"player": 4, "learning_rate": 0.001, "turn": 12}, "model": "graph.learningrate", "pk": 16}, {"fields": {"player": 3, "learning_rate": 0.3331429734273181, "turn": 13}, "model": "graph.learningrate", "pk": 17}, {"fields": {"player": 4, "learning_rate": 0.001, "turn": 13}, "model": "graph.learningrate", "pk": 18}, {"fields": {"player": 3, "learning_rate": 0.3159547626454836, "turn": 14}, "model": "graph.learningrate", "pk": 19}, {"fields": {"player": 4, "learning_rate": 0.001, "turn": 14}, "model": "graph.learningrate", "pk": 20}, {"fields": {"player": 3, "learning_rate": 0.30173098114962726, "turn": 15}, "model": "graph.learningrate", "pk": 21}, {"fields": {"player": 4, "learning_rate": 0.001, "turn": 15}, "model": "graph.learningrate", "pk": 22}, {"fields": {"player": 3, "learning_rate": 0.28881194665832055, "turn": 16}, "model": "graph.learningrate", "pk": 23}, {"fields": {"player": 4, "learning_rate": 0.001, "turn": 16}, "model": "graph.learningrate", "pk": 24}, {"fields": {"player": 3, "learning_rate": 0.2770834922430835, "turn": 17}, "model": "graph.learningrate", "pk": 25}, {"fields": {"player": 4, "learning_rate": 0.001, "turn": 17}, "model": "graph.learningrate", "pk": 26}, {"fields": {"player": 3, "learning_rate": 0.26705865146348, "turn": 18}, "model": "graph.learningrate", "pk": 27}, {"fields": {"player": 4, "learning_rate": 0.001, "turn": 18}, "model": "graph.learningrate", "pk": 28}, {"fields": {"player": 3, "learning_rate": 0.25799001675657574, "turn": 19}, "model": "graph.learningrate", "pk": 29}, {"fields": {"player": 4, "learning_rate": 0.001, "turn": 19}, "model": "graph.learningrate", "pk": 30}, {"fields": {"player": 3, "learning_rate": 0.24980400666788669, "turn": 20}, "model": "graph.learningrate", "pk": 31}, {"fields": {"player": 4, "learning_rate": 0.001, "turn": 20}, "model": "graph.learningrate", "pk": 32}, {"fields": {"player": 3, "learning_rate": 0.2424354636266522, "turn": 21}, "model": "graph.learningrate", "pk": 33}, {"fields": {"player": 4, "learning_rate": 0.001, "turn": 21}, "model": "graph.learningrate", "pk": 34}, {"fields": {"edge": "13ad62e4ea5367c5c0744dbf95619c94", "cost": 0.5714285714285714}, "model": "graph.edgecost", "pk": 1}, {"fields": {"edge": "175ca831d92b39d2db28eb31e9b0a26b", "cost": 0.2857142857142857}, "model": "graph.edgecost", "pk": 2}, {"fields": {"edge": "2d730e2573a07fda1918ba3f32c92a55", "cost": 0.5714285714285714}, "model": "graph.edgecost", "pk": 3}, {"fields": {"edge": "6a286d89d27563413f4e0dfc5d7eb714", "cost": 1.1428571428571426}, "model": "graph.edgecost", "pk": 4}, {"fields": {"edge": "90dbafdb4f7a61f4e247158e8fd76ec4", "cost": 0.2857142857142857}, "model": "graph.edgecost", "pk": 5}, {"fields": {"edge": "9bd0597b19ba9d536215502225a06bf7", "cost": 0.2857142857142857}, "model": "graph.edgecost", "pk": 6}, {"fields": {"edge": "a84a1dca6589c826ec01f3c198e87d9c", "cost": 1.1428571428571426}, "model": "graph.edgecost", "pk": 7}, {"fields": {"edge": "ddc3b6fc049764ea432beec22f07866c", "cost": 0.5714285714285714}, "model": "graph.edgecost", "pk": 8}, {"fields": {"edge": "e3de3a730766ae7e1ba2564e7bebfa1e", "cost": 0.5714285714285714}, "model": "graph.edgecost", "pk": 9}, {"fields": {"edge": "13ad62e4ea5367c5c0744dbf95619c94", "cost": 0.6644796666480252}, "model": "graph.edgecost", "pk": 10}, {"fields": {"edge": "175ca831d92b39d2db28eb31e9b0a26b", "cost": 0.21168045380739542}, "model": "graph.edgecost", "pk": 11}, {"fields": {"edge": "2d730e2573a07fda1918ba3f32c92a55", "cost": 0.4065050493813669}, "model": "graph.edgecost", "pk": 12}, {"fields": {"edge": "6a286d89d27563413f4e0dfc5d7eb714", "cost": 0.9768529182703687}, "model": "graph.edgecost", "pk": 13}, {"fields": {"edge": "90dbafdb4f7a61f4e247158e8fd76ec4", "cost": 0.3586674150816064}, "model": "graph.edgecost", "pk": 14}, {"fields": {"edge": "9bd0597b19ba9d536215502225a06bf7", "cost": 0.3586674150816064}, "model": "graph.edgecost", "pk": 15}, {"fields": {"edge": "a84a1dca6589c826ec01f3c198e87d9c", "cost": 0.9768529182703688}, "model": "graph.edgecost", "pk": 16}, {"fields": {"edge": "ddc3b6fc049764ea432beec22f07866c", "cost": 0.4065050493813669}, "model": "graph.edgecost", "pk": 17}, {"fields": {"edge": "e3de3a730766ae7e1ba2564e7bebfa1e", "cost": 0.6644796666480252}, "model": "graph.edgecost", "pk": 18}, {"fields": {"edge": "13ad62e4ea5367c5c0744dbf95619c94", "cost": 0.6765920884114145}, "model": "graph.edgecost", "pk": 19}, {"fields": {"edge": "175ca831d92b39d2db28eb31e9b0a26b", "cost": 0.18636302281439227}, "model": "graph.edgecost", "pk": 20}, {"fields": {"edge": "2d730e2573a07fda1918ba3f32c92a55", "cost": 0.36069373914322833}, "model": "graph.edgecost", "pk": 21}, {"fields": {"edge": "6a286d89d27563413f4e0dfc5d7eb714", "cost": 0.9352323367731028}, "model": "graph.edgecost", "pk": 22}, {"fields": {"edge": "90dbafdb4f7a61f4e247158e8fd76ec4", "cost": 0.38817557481548237}, "model": "graph.edgecost", "pk": 23}, {"fields": {"edge": "9bd0597b19ba9d536215502225a06bf7", "cost": 0.38817557481548237}, "model": "graph.edgecost", "pk": 24}, {"fields": {"edge": "a84a1dca6589c826ec01f3c198e87d9c", "cost": 0.9352323367731028}, "model": "graph.edgecost", "pk": 25}, {"fields": {"edge": "ddc3b6fc049764ea432beec22f07866c", "cost": 0.36069373914322833}, "model": "graph.edgecost", "pk": 26}, {"fields": {"edge": "e3de3a730766ae7e1ba2564e7bebfa1e", "cost": 0.6765920884114145}, "model": "graph.edgecost", "pk": 27}, {"fields": {"edge": "13ad62e4ea5367c5c0744dbf95619c94", "cost": 0.19047619047619047}, "model": "graph.edgecost", "pk": 28}, {"fields": {"edge": "175ca831d92b39d2db28eb31e9b0a26b", "cost": 0.09523809523809523}, "model": "graph.edgecost", "pk": 29}, {"fields": {"edge": "2d730e2573a07fda1918ba3f32c92a55", "cost": 0.19047619047619047}, "model": "graph.edgecost", "pk": 30}, {"fields": {"edge": "6a286d89d27563413f4e0dfc5d7eb714", "cost": 0.38095238095238093}, "model": "graph.edgecost", "pk": 31}, {"fields": {"edge": "90dbafdb4f7a61f4e247158e8fd76ec4", "cost": 0.09523809523809523}, "model": "graph.edgecost", "pk": 32}, {"fields": {"edge": "9bd0597b19ba9d536215502225a06bf7", "cost": 0.09523809523809523}, "model": "graph.edgecost", "pk": 33}, {"fields": {"edge": "a84a1dca6589c826ec01f3c198e87d9c", "cost": 0.38095238095238093}, "model": "graph.edgecost", "pk": 34}, {"fields": {"edge": "ddc3b6fc049764ea432beec22f07866c", "cost": 0.19047619047619047}, "model": "graph.edgecost", "pk": 35}, {"fields": {"edge": "e3de3a730766ae7e1ba2564e7bebfa1e", "cost": 0.19047619047619047}, "model": "graph.edgecost", "pk": 36}, {"fields": {"edge": "13ad62e4ea5367c5c0744dbf95619c94", "cost": 0.20993097413823758}, "model": "graph.edgecost", "pk": 37}, {"fields": {"edge": "175ca831d92b39d2db28eb31e9b0a26b", "cost": 0.09102816717771}, "model": "graph.edgecost", "pk": 38}, {"fields": {"edge": "2d730e2573a07fda1918ba3f32c92a55", "cost": 0.17622098167759154}, "model": "graph.edgecost", "pk": 39}, {"fields": {"edge": "6a286d89d27563413f4e0dfc5d7eb714", "cost": 0.34749966706867697}, "model": "graph.edgecost", "pk": 40}, {"fields": {"edge": "90dbafdb4f7a61f4e247158e8fd76ec4", "cost": 0.10923602545975217}, "model": "graph.edgecost", "pk": 41}, {"fields": {"edge": "9bd0597b19ba9d536215502225a06bf7", "cost": 0.08025051821337537}, "model": "graph.edgecost", "pk": 42}, {"fields": {"edge": "a84a1dca6589c826ec01f3c198e87d9c", "cost": 0.3764851743150538}, "model": "graph.edgecost", "pk": 43}, {"fields": {"edge": "ddc3b6fc049764ea432beec22f07866c", "cost": 0.17622098167759154}, "model": "graph.edgecost", "pk": 44}, {"fields": {"edge": "e3de3a730766ae7e1ba2564e7bebfa1e", "cost": 0.20993097413823758}, "model": "graph.edgecost", "pk": 45}, {"fields": {"edge": "13ad62e4ea5367c5c0744dbf95619c94", "cost": 0.21439076680129157}, "model": "graph.edgecost", "pk": 46}, {"fields": {"edge": "175ca831d92b39d2db28eb31e9b0a26b", "cost": 0.08566206819058714}, "model": "graph.edgecost", "pk": 47}, {"fields": {"edge": "2d730e2573a07fda1918ba3f32c92a55", "cost": 0.1633934427396845}, "model": "graph.edgecost", "pk": 48}, {"fields": {"edge": "6a286d89d27563413f4e0dfc5d7eb714", "cost": 0.33788397599562786}, "model": "graph.edgecost", "pk": 49}, {"fields": {"edge": "90dbafdb4f7a61f4e247158e8fd76ec4", "cost": 0.11439192386974725}, "model": "graph.edgecost", "pk": 50}, {"fields": {"edge": "9bd0597b19ba9d536215502225a06bf7", "cost": 0.08802715967721375}, "model": "graph.edgecost", "pk": 51}, {"fields": {"edge": "a84a1dca6589c826ec01f3c198e87d9c", "cost": 0.36344743480001895}, "model": "graph.edgecost", "pk": 52}, {"fields": {"edge": "ddc3b6fc049764ea432beec22f07866c", "cost": 0.16419474812782697}, "model": "graph.edgecost", "pk": 53}, {"fields": {"edge": "e3de3a730766ae7e1ba2564e7bebfa1e", "cost": 0.21519207218943406}, "model": "graph.edgecost", "pk": 54}, {"fields": {"edge": "13ad62e4ea5367c5c0744dbf95619c94", "cost": 0.2170491793687426}, "model": "graph.edgecost", "pk": 55}, {"fields": {"edge": "175ca831d92b39d2db28eb31e9b0a26b", "cost": 0.0817244309845161}, "model": "graph.edgecost", "pk": 56}, {"fields": {"edge": "2d730e2573a07fda1918ba3f32c92a55", "cost": 0.15491497346272157}, "model": "graph.edgecost", "pk": 57}, {"fields": {"edge": "6a286d89d27563413f4e0dfc5d7eb714", "cost": 0.3316825940079761}, "model": "graph.edgecost", "pk": 58}, {"fields": {"edge": "90dbafdb4f7a61f4e247158e8fd76ec4", "cost": 0.11793489328994802}, "model": "graph.edgecost", "pk": 59}, {"fields": {"edge": "9bd0597b19ba9d536215502225a06bf7", "cost": 0.09381667224827965}, "model": "graph.edgecost", "pk": 60}, {"fields": {"edge": "a84a1dca6589c826ec01f3c198e87d9c", "cost": 0.35457429773718574}, "model": "graph.edgecost", "pk": 61}, {"fields": {"edge": "ddc3b6fc049764ea432beec22f07866c", "cost": 0.1561414907751803}, "model": "graph.edgecost", "pk": 62}, {"fields": {"edge": "e3de3a730766ae7e1ba2564e7bebfa1e", "cost": 0.21827569668120134}, "model": "graph.edgecost", "pk": 63}, {"fields": {"edge": "13ad62e4ea5367c5c0744dbf95619c94", "cost": 0.21879514398427516}, "model": "graph.edgecost", "pk": 64}, {"fields": {"edge": "175ca831d92b39d2db28eb31e9b0a26b", "cost": 0.07865021810565143}, "model": "graph.edgecost", "pk": 65}, {"fields": {"edge": "2d730e2573a07fda1918ba3f32c92a55", "cost": 0.14871941602633507}, "model": "graph.edgecost", "pk": 66}, {"fields": {"edge": "6a286d89d27563413f4e0dfc5d7eb714", "cost": 0.32727121319004965}, "model": "graph.edgecost", "pk": 67}, {"fields": {"edge": "90dbafdb4f7a61f4e247158e8fd76ec4", "cost": 0.12060030949234196}, "model": "graph.edgecost", "pk": 68}, {"fields": {"edge": "9bd0597b19ba9d536215502225a06bf7", "cost": 0.09843581668115946}, "model": "graph.edgecost", "pk": 69}, {"fields": {"edge": "a84a1dca6589c826ec01f3c198e87d9c", "cost": 0.3479699436243285}, "model": "graph.edgecost", "pk": 70}, {"fields": {"edge": "ddc3b6fc049764ea432beec22f07866c", "cost": 0.15018517840323872}, "model": "graph.edgecost", "pk": 71}, {"fields": {"edge": "e3de3a730766ae7e1ba2564e7bebfa1e", "cost": 0.22026090636117882}, "model": "graph.edgecost", "pk": 72}, {"fields": {"edge": "13ad62e4ea5367c5c0744dbf95619c94", "cost": 0.22000529425126736}, "model": "graph.edgecost", "pk": 73}, {"fields": {"edge": "175ca831d92b39d2db28eb31e9b0a26b", "cost": 0.07615557993112795}, "model": "graph.edgecost", "pk": 74}, {"fields": {"edge": "2d730e2573a07fda1918ba3f32c92a55", "cost": 0.1439234500864005}, "model": "graph.edgecost", "pk": 75}, {"fields": {"edge": "6a286d89d27563413f4e0dfc5d7eb714", "cost": 0.3239475669758429}, "model": "graph.edgecost", "pk": 76}, {"fields": {"edge": "90dbafdb4f7a61f4e247158e8fd76ec4", "cost": 0.12271380543955643}, "model": "graph.edgecost", "pk": 77}, {"fields": {"edge": "9bd0597b19ba9d536215502225a06bf7", "cost": 0.10226803096564062}, "model": "graph.edgecost", "pk": 78}, {"fields": {"edge": "a84a1dca6589c826ec01f3c198e87d9c", "cost": 0.34279283545708494}, "model": "graph.edgecost", "pk": 79}, {"fields": {"edge": "ddc3b6fc049764ea432beec22f07866c", "cost": 0.14552395607907437}, "model": "graph.edgecost", "pk": 80}, {"fields": {"edge": "e3de3a730766ae7e1ba2564e7bebfa1e", "cost": 0.2216058002439412}, "model": "graph.edgecost", "pk": 81}, {"fields": {"edge": "13ad62e4ea5367c5c0744dbf95619c94", "cost": 0.22087281856911692}, "model": "graph.edgecost", "pk": 82}, {"fields": {"edge": "175ca831d92b39d2db28eb31e9b0a26b", "cost": 0.07407637644705539}, "model": "graph.edgecost", "pk": 83}, {"fields": {"edge": "2d730e2573a07fda1918ba3f32c92a55", "cost": 0.14006718886149122}, "model": "graph.edgecost", "pk": 84}, {"fields": {"edge": "6a286d89d27563413f4e0dfc5d7eb714", "cost": 0.3213446883770715}, "model": "graph.edgecost", "pk": 85}, {"fields": {"edge": "90dbafdb4f7a61f4e247158e8fd76ec4", "cost": 0.12444915972047835}, "model": "graph.edgecost", "pk": 86}, {"fields": {"edge": "9bd0597b19ba9d536215502225a06bf7", "cost": 0.10552908362124587}, "model": "graph.edgecost", "pk": 87}, {"fields": {"edge": "a84a1dca6589c826ec01f3c198e87d9c", "cost": 0.338592725029025}, "model": "graph.edgecost", "pk": 88}, {"fields": {"edge": "ddc3b6fc049764ea432beec22f07866c", "cost": 0.14173922830877017}, "model": "graph.edgecost", "pk": 89}, {"fields": {"edge": "e3de3a730766ae7e1ba2564e7bebfa1e", "cost": 0.22254485801639584}, "model": "graph.edgecost", "pk": 90}, {"fields": {"edge": "13ad62e4ea5367c5c0744dbf95619c94", "cost": 0.22150868821923694}, "model": "graph.edgecost", "pk": 91}, {"fields": {"edge": "175ca831d92b39d2db28eb31e9b0a26b", "cost": 0.07230879542391741}, "model": "graph.edgecost", "pk": 92}, {"fields": {"edge": "2d730e2573a07fda1918ba3f32c92a55", "cost": 0.13688115656409852}, "model": "graph.edgecost", "pk": 93}, {"fields": {"edge": "6a286d89d27563413f4e0dfc5d7eb714", "cost": 0.31924781714712147}, "model": "graph.edgecost", "pk": 94}, {"fields": {"edge": "90dbafdb4f7a61f4e247158e8fd76ec4", "cost": 0.12591016130030833}, "model": "graph.edgecost", "pk": 95}, {"fields": {"edge": "9bd0597b19ba9d536215502225a06bf7", "cost": 0.10835433388225969}, "model": "graph.edgecost", "pk": 96}, {"fields": {"edge": "a84a1dca6589c826ec01f3c198e87d9c", "cost": 0.3351001132883243}, "model": "graph.edgecost", "pk": 97}, {"fields": {"edge": "ddc3b6fc049764ea432beec22f07866c", "cost": 0.13858468784094435}, "model": "graph.edgecost", "pk": 98}, {"fields": {"edge": "e3de3a730766ae7e1ba2564e7bebfa1e", "cost": 0.22321221949608278}, "model": "graph.edgecost", "pk": 99}, {"fields": {"edge": "13ad62e4ea5367c5c0744dbf95619c94", "cost": 0.22198164442459187}, "model": "graph.edgecost", "pk": 100}, {"fields": {"edge": "175ca831d92b39d2db28eb31e9b0a26b", "cost": 0.07078294120493658}, "model": "graph.edgecost", "pk": 101}, {"fields": {"edge": "2d730e2573a07fda1918ba3f32c92a55", "cost": 0.1341943429879027}, "model": "graph.edgecost", "pk": 102}, {"fields": {"edge": "6a286d89d27563413f4e0dfc5d7eb714", "cost": 0.3175213112368877}, "model": "graph.edgecost", "pk": 103}, {"fields": {"edge": "90dbafdb4f7a61f4e247158e8fd76ec4", "cost": 0.1271637110051871}, "model": "graph.edgecost", "pk": 104}, {"fields": {"edge": "9bd0597b19ba9d536215502225a06bf7", "cost": 0.11083512453971084}, "model": "graph.edgecost", "pk": 105}, {"fields": {"edge": "a84a1dca6589c826ec01f3c198e87d9c", "cost": 0.3321409951980264}, "model": "graph.edgecost", "pk": 106}, {"fields": {"edge": "ddc3b6fc049764ea432beec22f07866c", "cost": 0.13590324549224028}, "model": "graph.edgecost", "pk": 107}, {"fields": {"edge": "e3de3a730766ae7e1ba2564e7bebfa1e", "cost": 0.22369054692892948}, "model": "graph.edgecost", "pk": 108}, {"fields": {"edge": "13ad62e4ea5367c5c0744dbf95619c94", "cost": 0.22233663595708886}, "model": "graph.edgecost", "pk": 109}, {"fields": {"edge": "175ca831d92b39d2db28eb31e9b0a26b", "cost": 0.0694495164244052}, "model": "graph.edgecost", "pk": 110}, {"fields": {"edge": "2d730e2573a07fda1918ba3f32c92a55", "cost": 0.13189176693638213}, "model": "graph.edgecost", "pk": 111}, {"fields": {"edge": "6a286d89d27563413f4e0dfc5d7eb714", "cost": 0.3160746378284967}, "model": "graph.edgecost", "pk": 112}, {"fields": {"edge": "90dbafdb4f7a61f4e247158e8fd76ec4", "cost": 0.12825539288108112}, "model": "graph.edgecost", "pk": 113}, {"fields": {"edge": "9bd0597b19ba9d536215502225a06bf7", "cost": 0.11303641611790259}, "model": "graph.edgecost", "pk": 114}, {"fields": {"edge": "a84a1dca6589c826ec01f3c198e87d9c", "cost": 0.32959667624186845}, "model": "graph.edgecost", "pk": 115}, {"fields": {"edge": "ddc3b6fc049764ea432beec22f07866c", "cost": 0.1335887052861889}, "model": "graph.edgecost", "pk": 116}, {"fields": {"edge": "e3de3a730766ae7e1ba2564e7bebfa1e", "cost": 0.22403357430689566}, "model": "graph.edgecost", "pk": 117}, {"fields": {"edge": "13ad62e4ea5367c5c0744dbf95619c94", "cost": 0.2226042761332112}, "model": "graph.edgecost", "pk": 118}, {"fields": {"edge": "175ca831d92b39d2db28eb31e9b0a26b", "cost": 0.06827247687409216}, "model": "graph.edgecost", "pk": 119}, {"fields": {"edge": "2d730e2573a07fda1918ba3f32c92a55", "cost": 0.12989264214528798}, "model": "graph.edgecost", "pk": 120}, {"fields": {"edge": "6a286d89d27563413f4e0dfc5d7eb714", "cost": 0.3148447794566742}, "model": "graph.edgecost", "pk": 121}, {"fields": {"edge": "90dbafdb4f7a61f4e247158e8fd76ec4", "cost": 0.1292176110767813}, "model": "graph.edgecost", "pk": 122}, {"fields": {"edge": "9bd0597b19ba9d536215502225a06bf7", "cost": 0.1150062712446173}, "model": "graph.edgecost", "pk": 123}, {"fields": {"edge": "a84a1dca6589c826ec01f3c198e87d9c", "cost": 0.3273827300961615}, "model": "graph.edgecost", "pk": 124}, {"fields": {"edge": "ddc3b6fc049764ea432beec22f07866c", "cost": 0.13156603133796474}, "model": "graph.edgecost", "pk": 125}, {"fields": {"edge": "e3de3a730766ae7e1ba2564e7bebfa1e", "cost": 0.22427766532588797}, "model": "graph.edgecost", "pk": 126}, {"fields": {"edge": "13ad62e4ea5367c5c0744dbf95619c94", "cost": 0.2228060883181745}, "model": "graph.edgecost", "pk": 127}, {"fields": {"edge": "175ca831d92b39d2db28eb31e9b0a26b", "cost": 0.06722469792131713}, "model": "graph.edgecost", "pk": 128}, {"fields": {"edge": "2d730e2573a07fda1918ba3f32c92a55", "cost": 0.1281382037434387}, "model": "graph.edgecost", "pk": 129}, {"fields": {"edge": "6a286d89d27563413f4e0dfc5d7eb714", "cost": 0.31378639224706834}, "model": "graph.edgecost", "pk": 130}, {"fields": {"edge": "90dbafdb4f7a61f4e247158e8fd76ec4", "cost": 0.13007418610142385}, "model": "graph.edgecost", "pk": 131}, {"fields": {"edge": "9bd0597b19ba9d536215502225a06bf7", "cost": 0.11678136563039075}, "model": "graph.edgecost", "pk": 132}, {"fields": {"edge": "a84a1dca6589c826ec01f3c198e87d9c", "cost": 0.3254370877661797}, "model": "graph.edgecost", "pk": 133}, {"fields": {"edge": "ddc3b6fc049764ea432beec22f07866c", "cost": 0.12978032869536044}, "model": "graph.edgecost", "pk": 134}, {"fields": {"edge": "e3de3a730766ae7e1ba2564e7bebfa1e", "cost": 0.22444821327009623}, "model": "graph.edgecost", "pk": 135}, {"fields": {"edge": "13ad62e4ea5367c5c0744dbf95619c94", "cost": 0.2229575956230694}, "model": "graph.edgecost", "pk": 136}, {"fields": {"edge": "175ca831d92b39d2db28eb31e9b0a26b", "cost": 0.066285278947333}, "model": "graph.edgecost", "pk": 137}, {"fields": {"edge": "2d730e2573a07fda1918ba3f32c92a55", "cost": 0.12658448621418183}, "model": "graph.edgecost", "pk": 138}, {"fields": {"edge": "6a286d89d27563413f4e0dfc5d7eb714", "cost": 0.31286595865905087}, "model": "graph.edgecost", "pk": 139}, {"fields": {"edge": "90dbafdb4f7a61f4e247158e8fd76ec4", "cost": 0.13084311238454646}, "model": "graph.edgecost", "pk": 140}, {"fields": {"edge": "9bd0597b19ba9d536215502225a06bf7", "cost": 0.11839038750473069}, "model": "graph.edgecost", "pk": 141}, {"fields": {"edge": "a84a1dca6589c826ec01f3c198e87d9c", "cost": 0.3237128775460613}, "model": "graph.edgecost", "pk": 142}, {"fields": {"edge": "ddc3b6fc049764ea432beec22f07866c", "cost": 0.12819029220698713}, "model": "graph.edgecost", "pk": 143}, {"fields": {"edge": "e3de3a730766ae7e1ba2564e7bebfa1e", "cost": 0.22456340161587474}, "model": "graph.edgecost", "pk": 144}, {"fields": {"edge": "13ad62e4ea5367c5c0744dbf95619c94", "cost": 0.22307022962781736}, "model": "graph.edgecost", "pk": 145}, {"fields": {"edge": "175ca831d92b39d2db28eb31e9b0a26b", "cost": 0.06543779358443967}, "model": "graph.edgecost", "pk": 146}, {"fields": {"edge": "2d730e2573a07fda1918ba3f32c92a55", "cost": 0.12519782120840892}, "model": "graph.edgecost", "pk": 147}, {"fields": {"edge": "6a286d89d27563413f4e0dfc5d7eb714", "cost": 0.31205814268123827}, "model": "graph.edgecost", "pk": 148}, {"fields": {"edge": "90dbafdb4f7a61f4e247158e8fd76ec4", "cost": 0.1315382943576111}, "model": "graph.edgecost", "pk": 149}, {"fields": {"edge": "9bd0597b19ba9d536215502225a06bf7", "cost": 0.11985623698975278}, "model": "graph.edgecost", "pk": 150}, {"fields": {"edge": "a84a1dca6589c826ec01f3c198e87d9c", "cost": 0.3221739091504597}, "model": "graph.edgecost", "pk": 151}, {"fields": {"edge": "ddc3b6fc049764ea432beec22f07866c", "cost": 0.1267641121070458}, "model": "graph.edgecost", "pk": 152}, {"fields": {"edge": "e3de3a730766ae7e1ba2564e7bebfa1e", "cost": 0.22463652052645425}, "model": "graph.edgecost", "pk": 153}, {"fields": {"edge": "13ad62e4ea5367c5c0744dbf95619c94", "cost": 0.22315255613791066}, "model": "graph.edgecost", "pk": 154}, {"fields": {"edge": "175ca831d92b39d2db28eb31e9b0a26b", "cost": 0.06466911316093772}, "model": "graph.edgecost", "pk": 155}, {"fields": {"edge": "2d730e2573a07fda1918ba3f32c92a55", "cost": 0.12395191475407633}, "model": "graph.edgecost", "pk": 156}, {"fields": {"edge": "6a286d89d27563413f4e0dfc5d7eb714", "cost": 0.31134342707110907}, "model": "graph.edgecost", "pk": 157}, {"fields": {"edge": "90dbafdb4f7a61f4e247158e8fd76ec4", "cost": 0.132170683457647}, "model": "graph.edgecost", "pk": 158}, {"fields": {"edge": "9bd0597b19ba9d536215502225a06bf7", "cost": 0.1211975056236006}, "model": "graph.edgecost", "pk": 159}, {"fields": {"edge": "a84a1dca6589c826ec01f3c198e87d9c", "cost": 0.32079171137266105}, "model": "graph.edgecost", "pk": 160}, {"fields": {"edge": "ddc3b6fc049764ea432beec22f07866c", "cost": 0.1254768082865707}, "model": "graph.edgecost", "pk": 161}, {"fields": {"edge": "e3de3a730766ae7e1ba2564e7bebfa1e", "cost": 0.22467744967040504}, "model": "graph.edgecost", "pk": 162}, {"fields": {"edge": "13ad62e4ea5367c5c0744dbf95619c94", "cost": 0.22321108807711929}, "model": "graph.edgecost", "pk": 163}, {"fields": {"edge": "175ca831d92b39d2db28eb31e9b0a26b", "cost": 0.06396859177129127}, "model": "graph.edgecost", "pk": 164}, {"fields": {"edge": "2d730e2573a07fda1918ba3f32c92a55", "cost": 0.12282588448575416}, "model": "graph.edgecost", "pk": 165}, {"fields": {"edge": "6a286d89d27563413f4e0dfc5d7eb714", "cost": 0.310706530830729}, "model": "graph.edgecost", "pk": 166}, {"fields": {"edge": "90dbafdb4f7a61f4e247158e8fd76ec4", "cost": 0.1327490477588185}, "model": "graph.edgecost", "pk": 167}, {"fields": {"edge": "9bd0597b19ba9d536215502225a06bf7", "cost": 0.12242950448975326}, "model": "graph.edgecost", "pk": 168}, {"fields": {"edge": "a84a1dca6589c826ec01f3c198e87d9c", "cost": 0.31954352401586394}, "model": "graph.edgecost", "pk": 169}, {"fields": {"edge": "ddc3b6fc049764ea432beec22f07866c", "cost": 0.12430843456968443}, "model": "graph.edgecost", "pk": 170}, {"fields": {"edge": "e3de3a730766ae7e1ba2564e7bebfa1e", "cost": 0.22469363816104956}, "model": "graph.edgecost", "pk": 171}, {"fields": {"edge": "13ad62e4ea5367c5c0744dbf95619c94", "cost": 0.22325083939988374}, "model": "graph.edgecost", "pk": 172}, {"fields": {"edge": "175ca831d92b39d2db28eb31e9b0a26b", "cost": 0.06332748734791253}, "model": "graph.edgecost", "pk": 173}, {"fields": {"edge": "2d730e2573a07fda1918ba3f32c92a55", "cost": 0.12180290318517942}, "model": "graph.edgecost", "pk": 174}, {"fields": {"edge": "6a286d89d27563413f4e0dfc5d7eb714", "cost": 0.3101353195326273}, "model": "graph.edgecost", "pk": 175}, {"fields": {"edge": "90dbafdb4f7a61f4e247158e8fd76ec4", "cost": 0.13328050773415567}, "model": "graph.edgecost", "pk": 176}, {"fields": {"edge": "9bd0597b19ba9d536215502225a06bf7", "cost": 0.12356499856729562}, "model": "graph.edgecost", "pk": 177}, {"fields": {"edge": "a84a1dca6589c826ec01f3c198e87d9c", "cost": 0.3184108982672476}, "model": "graph.edgecost", "pk": 178}, {"fields": {"edge": "ddc3b6fc049764ea432beec22f07866c", "cost": 0.12324283361741911}, "model": "graph.edgecost", "pk": 179}, {"fields": {"edge": "e3de3a730766ae7e1ba2564e7bebfa1e", "cost": 0.22469076983212344}, "model": "graph.edgecost", "pk": 180}, {"fields": {"edge": "13ad62e4ea5367c5c0744dbf95619c94", "cost": 0.22327571138476965}, "model": "graph.edgecost", "pk": 181}, {"fields": {"edge": "175ca831d92b39d2db28eb31e9b0a26b", "cost": 0.06273854128305079}, "model": "graph.edgecost", "pk": 182}, {"fields": {"edge": "2d730e2573a07fda1918ba3f32c92a55", "cost": 0.12086923792424908}, "model": "graph.edgecost", "pk": 183}, {"fields": {"edge": "6a286d89d27563413f4e0dfc5d7eb714", "cost": 0.30962003696670626}, "model": "graph.edgecost", "pk": 184}, {"fields": {"edge": "90dbafdb4f7a61f4e247158e8fd76ec4", "cost": 0.13377091831519078}, "model": "graph.edgecost", "pk": 185}, {"fields": {"edge": "9bd0597b19ba9d536215502225a06bf7", "cost": 0.1246147437372389}, "model": "graph.edgecost", "pk": 186}, {"fields": {"edge": "a84a1dca6589c826ec01f3c198e87d9c", "cost": 0.31737869752249065}, "model": "graph.edgecost", "pk": 187}, {"fields": {"edge": "ddc3b6fc049764ea432beec22f07866c", "cost": 0.12226675194641656}, "model": "graph.edgecost", "pk": 188}, {"fields": {"edge": "e3de3a730766ae7e1ba2564e7bebfa1e", "cost": 0.22467322540693715}, "model": "graph.edgecost", "pk": 189}, {"fields": {"graph": "G1", "edge_costs": [1, 2, 3, 4, 5, 6, 7, 8, 9]}, "model": "graph.graphcost", "pk": 1}, {"fields": {"graph": "G1", "edge_costs": [10, 11, 12, 13, 14, 15, 16, 17, 18]}, "model": "graph.graphcost", "pk": 2}, {"fields": {"graph": "G1", "edge_costs": [19, 20, 21, 22, 23, 24, 25, 26, 27]}, "model": "graph.graphcost", "pk": 3}, {"fields": {"graph": "G1", "edge_costs": [28, 29, 30, 31, 32, 33, 34, 35, 36]}, "model": "graph.graphcost", "pk": 4}, {"fields": {"graph": "G1", "edge_costs": [37, 38, 39, 40, 41, 42, 43, 44, 45]}, "model": "graph.graphcost", "pk": 5}, {"fields": {"graph": "G1", "edge_costs": [46, 47, 48, 49, 50, 51, 52, 53, 54]}, "model": "graph.graphcost", "pk": 6}, {"fields": {"graph": "G1", "edge_costs": [55, 56, 57, 58, 59, 60, 61, 62, 63]}, "model": "graph.graphcost", "pk": 7}, {"fields": {"graph": "G1", "edge_costs": [64, 65, 66, 67, 68, 69, 70, 71, 72]}, "model": "graph.graphcost", "pk": 8}, {"fields": {"graph": "G1", "edge_costs": [73, 74, 75, 76, 77, 78, 79, 80, 81]}, "model": "graph.graphcost", "pk": 9}, {"fields": {"graph": "G1", "edge_costs": [82, 83, 84, 85, 86, 87, 88, 89, 90]}, "model": "graph.graphcost", "pk": 10}, {"fields": {"graph": "G1", "edge_costs": [91, 92, 93, 94, 95, 96, 97, 98, 99]}, "model": "graph.graphcost", "pk": 11}, {"fields": {"graph": "G1", "edge_costs": [100, 101, 102, 103, 104, 105, 106, 107, 108]}, "model": "graph.graphcost", "pk": 12}, {"fields": {"graph": "G1", "edge_costs": [109, 110, 111, 112, 113, 114, 115, 116, 117]}, "model": "graph.graphcost", "pk": 13}, {"fields": {"graph": "G1", "edge_costs": [118, 119, 120, 121, 122, 123, 124, 125, 126]}, "model": "graph.graphcost", "pk": 14}, {"fields": {"graph": "G1", "edge_costs": [127, 128, 129, 130, 131, 132, 133, 134, 135]}, "model": "graph.graphcost", "pk": 15}, {"fields": {"graph": "G1", "edge_costs": [136, 137, 138, 139, 140, 141, 142, 143, 144]}, "model": "graph.graphcost", "pk": 16}, {"fields": {"graph": "G1", "edge_costs": [145, 146, 147, 148, 149, 150, 151, 152, 153]}, "model": "graph.graphcost", "pk": 17}, {"fields": {"graph": "G1", "edge_costs": [154, 155, 156, 157, 158, 159, 160, 161, 162]}, "model": "graph.graphcost", "pk": 18}, {"fields": {"graph": "G1", "edge_costs": [163, 164, 165, 166, 167, 168, 169, 170, 171]}, "model": "graph.graphcost", "pk": 19}, {"fields": {"graph": "G1", "edge_costs": [172, 173, 174, 175, 176, 177, 178, 179, 180]}, "model": "graph.graphcost", "pk": 20}, {"fields": {"graph": "G1", "edge_costs": [181, 182, 183, 184, 185, 186, 187, 188, 189]}, "model": "graph.graphcost", "pk": 21}, {"fields": {"current_turn": 4, "single_slider_mode": false, "started": true, "graph": "useless_2", "game_loop_time": "2016-05-26T22:06:19.522Z", "currently_in_use": false, "edge_highlight": true, "stopped": true, "turns": [1, 2, 3], "duration": 30}, "model": "graph.game", "pk": "game_1"}, {"fields": {"current_turn": 23, "single_slider_mode": false, "started": true, "graph": "G1", "game_loop_time": "2016-05-26T22:16:46.498Z", "currently_in_use": true, "edge_highlight": true, "stopped": false, "turns": [5, 6, 7, 8, 9, 10, 11, 12, 13, 14, 15, 16, 17, 18, 19, 20, 21, 22], "duration": 30}, "model": "graph.game", "pk": "game_2"}, {"fields": {"codename": "add_permission", "name": "Can add permission", "content_type": 1}, "model": "auth.permission", "pk": 1}, {"fields": {"codename": "change_permission", "name": "Can change permission", "content_type": 1}, "model": "auth.permission", "pk": 2}, {"fields": {"codename": "delete_permission", "name": "Can delete permission", "content_type": 1}, "model": "auth.permission", "pk": 3}, {"fields": {"codename": "add_group", "name": "Can add group", "content_type": 2}, "model": "auth.permission", "pk": 4}, {"fields": {"codename": "change_group", "name": "Can change group", "content_type": 2}, "model": "auth.permission", "pk": 5}, {"fields": {"codename": "delete_group", "name": "Can delete group", "content_type": 2}, "model": "auth.permission", "pk": 6}, {"fields": {"codename": "add_user", "name": "Can add user", "content_type": 3}, "model": "auth.permission", "pk": 7}, {"fields": {"codename": "change_user", "name": "Can change user", "content_type": 3}, "model": "auth.permission", "pk": 8}, {"fields": {"codename": "delete_user", "name": "Can delete user", "content_type": 3}, "model": "auth.permission", "pk": 9}, {"fields": {"codename": "add_contenttype", "name": "Can add content type", "content_type": 4}, "model": "auth.permission", "pk": 10}, {"fields": {"codename": "change_contenttype", "name": "Can change content type", "content_type": 4}, "model": "auth.permission", "pk": 11}, {"fields": {"codename": "delete_contenttype", "name": "Can delete content type", "content_type": 4}, "model": "auth.permission", "pk": 12}, {"fields": {"codename": "add_session", "name": "Can add session", "content_type": 5}, "model": "auth.permission", "pk": 13}, {"fields": {"codename": "change_session", "name": "Can change session", "content_type": 5}, "model": "auth.permission", "pk": 14}, {"fields": {"codename": "delete_session", "name": "Can delete session", "content_type": 5}, "model": "auth.permission", "pk": 15}, {"fields": {"codename": "add_taskmeta", "name": "Can add task state", "content_type": 6}, "model": "auth.permission", "pk": 16}, {"fields": {"codename": "change_taskmeta", "name": "Can change task state", "content_type": 6}, "model": "auth.permission", "pk": 17}, {"fields": {"codename": "delete_taskmeta", "name": "Can delete task state", "content_type": 6}, "model": "auth.permission", "pk": 18}, {"fields": {"codename": "add_tasksetmeta", "name": "Can add saved group result", "content_type": 7}, "model": "auth.permission", "pk": 19}, {"fields": {"codename": "change_tasksetmeta", "name": "Can change saved group result", "content_type": 7}, "model": "auth.permission", "pk": 20}, {"fields": {"codename": "delete_tasksetmeta", "name": "Can delete saved group result", "content_type": 7}, "model": "auth.permission", "pk": 21}, {"fields": {"codename": "add_intervalschedule", "name": "Can add interval", "content_type": 8}, "model": "auth.permission", "pk": 22}, {"fields": {"codename": "change_intervalschedule", "name": "Can change interval", "content_type": 8}, "model": "auth.permission", "pk": 23}, {"fields": {"codename": "delete_intervalschedule", "name": "Can delete interval", "content_type": 8}, "model": "auth.permission", "pk": 24}, {"fields": {"codename": "add_crontabschedule", "name": "Can add crontab", "content_type": 9}, "model": "auth.permission", "pk": 25}, {"fields": {"codename": "change_crontabschedule", "name": "Can change crontab", "content_type": 9}, "model": "auth.permission", "pk": 26}, {"fields": {"codename": "delete_crontabschedule", "name": "Can delete crontab", "content_type": 9}, "model": "auth.permission", "pk": 27}, {"fields": {"codename": "add_periodictasks", "name": "Can add periodic tasks", "content_type": 10}, "model": "auth.permission", "pk": 28}, {"fields": {"codename": "change_periodictasks", "name": "Can change periodic tasks", "content_type": 10}, "model": "auth.permission", "pk": 29}, {"fields": {"codename": "delete_periodictasks", "name": "Can delete periodic tasks", "content_type": 10}, "model": "auth.permission", "pk": 30}, {"fields": {"codename": "add_periodictask", "name": "Can add periodic task", "content_type": 11}, "model": "auth.permission", "pk": 31}, {"fields": {"codename": "change_periodictask", "name": "Can change periodic task", "content_type": 11}, "model": "auth.permission", "pk": 32}, {"fields": {"codename": "delete_periodictask", "name": "Can delete periodic task", "content_type": 11}, "model": "auth.permission", "pk": 33}, {"fields": {"codename": "add_workerstate", "name": "Can add worker", "content_type": 12}, "model": "auth.permission", "pk": 34}, {"fields": {"codename": "change_workerstate", "name": "Can change worker", "content_type": 12}, "model": "auth.permission", "pk": 35}, {"fields": {"codename": "delete_workerstate", "name": "Can delete worker", "content_type": 12}, "model": "auth.permission", "pk": 36}, {"fields": {"codename": "add_taskstate", "name": "Can add task", "content_type": 13}, "model": "auth.permission", "pk": 37}, {"fields": {"codename": "change_taskstate", "name": "Can change task", "content_type": 13}, "model": "auth.permission", "pk": 38}, {"fields": {"codename": "delete_taskstate", "name": "Can delete task", "content_type": 13}, "model": "auth.permission", "pk": 39}, {"fields": {"codename": "add_user", "name": "Can add user", "content_type": 14}, "model": "auth.permission", "pk": 40}, {"fields": {"codename": "change_user", "name": "Can change user", "content_type": 14}, "model": "auth.permission", "pk": 41}, {"fields": {"codename": "delete_user", "name": "Can delete user", "content_type": 14}, "model": "auth.permission", "pk": 42}, {"fields": {"codename": "add_graph", "name": "Can add graph", "content_type": 15}, "model": "auth.permission", "pk": 43}, {"fields": {"codename": "change_graph", "name": "Can change graph", "content_type": 15}, "model": "auth.permission", "pk": 44}, {"fields": {"codename": "delete_graph", "name": "Can delete graph", "content_type": 15}, "model": "auth.permission", "pk": 45}, {"fields": {"codename": "add_node", "name": "Can add node", "content_type": 16}, "model": "auth.permission", "pk": 46}, {"fields": {"codename": "change_node", "name": "Can change node", "content_type": 16}, "model": "auth.permission", "pk": 47}, {"fields": {"codename": "delete_node", "name": "Can delete node", "content_type": 16}, "model": "auth.permission", "pk": 48}, {"fields": {"codename": "add_playermodel", "name": "Can add player model", "content_type": 17}, "model": "auth.permission", "pk": 49}, {"fields": {"codename": "change_playermodel", "name": "Can change player model", "content_type": 17}, "model": "auth.permission", "pk": 50}, {"fields": {"codename": "delete_playermodel", "name": "Can delete player model", "content_type": 17}, "model": "auth.permission", "pk": 51}, {"fields": {"codename": "add_player", "name": "Can add player", "content_type": 18}, "model": "auth.permission", "pk": 52}, {"fields": {"codename": "change_player", "name": "Can change player", "content_type": 18}, "model": "auth.permission", "pk": 53}, {"fields": {"codename": "delete_player", "name": "Can delete player", "content_type": 18}, "model": "auth.permission", "pk": 54}, {"fields": {"codename": "add_edge", "name": "Can add edge", "content_type": 19}, "model": "auth.permission", "pk": 55}, {"fields": {"codename": "change_edge", "name": "Can change edge", "content_type": 19}, "model": "auth.permission", "pk": 56}, {"fields": {"codename": "delete_edge", "name": "Can delete edge", "content_type": 19}, "model": "auth.permission", "pk": 57}, {"fields": {"codename": "add_path", "name": "Can add path", "content_type": 20}, "model": "auth.permission", "pk": 58}, {"fields": {"codename": "change_path", "name": "Can change path", "content_type": 20}, "model": "auth.permission", "pk": 59}, {"fields": {"codename": "delete_path", "name": "Can delete path", "content_type": 20}, "model": "auth.permission", "pk": 60}, {"fields": {"codename": "add_pathflowassignment", "name": "Can add path flow assignment", "content_type": 21}, "model": "auth.permission", "pk": 61}, {"fields": {"codename": "change_pathflowassignment", "name": "Can change path flow assignment", "content_type": 21}, "model": "auth.permission", "pk": 62}, {"fields": {"codename": "delete_pathflowassignment", "name": "Can delete path flow assignment", "content_type": 21}, "model": "auth.permission", "pk": 63}, {"fields": {"codename": "add_gameturn", "name": "Can add game turn", "content_type": 22}, "model": "auth.permission", "pk": 64}, {"fields": {"codename": "change_gameturn", "name": "Can change game turn", "content_type": 22}, "model": "auth.permission", "pk": 65}, {"fields": {"codename": "delete_gameturn", "name": "Can delete game turn", "content_type": 22}, "model": "auth.permission", "pk": 66}, {"fields": {"codename": "add_flowdistribution", "name": "Can add flow distribution", "content_type": 23}, "model": "auth.permission", "pk": 67}, {"fields": {"codename": "change_flowdistribution", "name": "Can change flow distribution", "content_type": 23}, "model": "auth.permission", "pk": 68}, {"fields": {"codename": "delete_flowdistribution", "name": "Can delete flow distribution", "content_type": 23}, "model": "auth.permission", "pk": 69}, {"fields": {"codename": "add_learningrate", "name": "Can add learning rate", "content_type": 24}, "model": "auth.permission", "pk": 70}, {"fields": {"codename": "change_learningrate", "name": "Can change learning rate", "content_type": 24}, "model": "auth.permission", "pk": 71}, {"fields": {"codename": "delete_learningrate", "name": "Can delete learning rate", "content_type": 24}, "model": "auth.permission", "pk": 72}, {"fields": {"codename": "add_edgecost", "name": "Can add edge cost", "content_type": 25}, "model": "auth.permission", "pk": 73}, {"fields": {"codename": "change_edgecost", "name": "Can change edge cost", "content_type": 25}, "model": "auth.permission", "pk": 74}, {"fields": {"codename": "delete_edgecost", "name": "Can delete edge cost", "content_type": 25}, "model": "auth.permission", "pk": 75}, {"fields": {"codename": "add_graphcost", "name": "Can add graph cost", "content_type": 26}, "model": "auth.permission", "pk": 76}, {"fields": {"codename": "change_graphcost", "name": "Can change graph cost", "content_type": 26}, "model": "auth.permission", "pk": 77}, {"fields": {"codename": "delete_graphcost", "name": "Can delete graph cost", "content_type": 26}, "model": "auth.permission", "pk": 78}, {"fields": {"codename": "add_game", "name": "Can add game", "content_type": 27}, "model": "auth.permission", "pk": 79}, {"fields": {"codename": "change_game", "name": "Can change game", "content_type": 27}, "model": "auth.permission", "pk": 80}, {"fields": {"codename": "delete_game", "name": "Can delete game", "content_type": 27}, "model": "auth.permission", "pk": 81}, {"fields": {"codename": "add_request", "name": "Can add request", "content_type": 28}, "model": "auth.permission", "pk": 82}, {"fields": {"codename": "change_request", "name": "Can change request", "content_type": 28}, "model": "auth.permission", "pk": 83}, {"fields": {"codename": "delete_request", "name": "Can delete request", "content_type": 28}, "model": "auth.permission", "pk": 84}, {"fields": {"codename": "add_response", "name": "Can add response", "content_type": 29}, "model": "auth.permission", "pk": 85}, {"fields": {"codename": "change_response", "name": "Can change response", "content_type": 29}, "model": "auth.permission", "pk": 86}, {"fields": {"codename": "delete_response", "name": "Can delete response", "content_type": 29}, "model": "auth.permission", "pk": 87}, {"fields": {"codename": "add_sqlquery", "name": "Can add sql query", "content_type": 30}, "model": "auth.permission", "pk": 88}, {"fields": {"codename": "change_sqlquery", "name": "Can change sql query", "content_type": 30}, "model": "auth.permission", "pk": 89}, {"fields": {"codename": "delete_sqlquery", "name": "Can delete sql query", "content_type": 30}, "model": "auth.permission", "pk": 90}, {"fields": {"codename": "add_profile", "name": "Can add profile", "content_type": 31}, "model": "auth.permission", "pk": 91}, {"fields": {"codename": "change_profile", "name": "Can change profile", "content_type": 31}, "model": "auth.permission", "pk": 92}, {"fields": {"codename": "delete_profile", "name": "Can delete profile", "content_type": 31}, "model": "auth.permission", "pk": 93}, {"fields": {"username": "admin", "first_name": "", "last_name": "", "is_active": true, "is_superuser": false, "is_staff": false, "last_login": "2016-05-26T22:01:40.268Z", "groups": [], "user_permissions": [], "password": "pbkdf2_sha256$15000$Nk7Nl5DR55io$F6IdWixYAt1Aoh5t5LvxCfey5PG2SzHPkEkVDK0tLKQ=", "email": "", "date_joined": "2016-05-26T18:43:19.210Z"}, "model": "auth.user", "pk": 1}, {"fields": {"username": "user_1", "first_name": "", "last_name": "", "is_active": true, "is_superuser": false, "is_staff": false, "last_login": "2016-05-26T22:04:38.004Z", "groups": [], "user_permissions": [], "password": "pbkdf2_sha256$15000$gtWMHbmN0n7C$wymqyg1JfKnpI5WGTIbfgjFtMfESTqfrSPjWJiv4zuw=", "email": "", "date_joined": "2016-05-26T19:18:03.461Z"}, "model": "auth.user", "pk": 2}, {"fields": {"username": "ai_player", "first_name": "", "last_name": "", "is_active": true, "is_superuser": false, "is_staff": false, "last_login": "2016-05-26T21:23:56.185Z", "groups": [], "user_permissions": [], "password": "ai_lab", "email": "", "date_joined": "2016-05-26T21:23:56.185Z"}, "model": "auth.user", "pk": 3}, {"fields": {"username": "user_2", "first_name": "", "last_name": "", "is_active": true, "is_superuser": false, "is_staff": false, "last_login": "2016-05-26T22:07:19.713Z", "groups": [], "user_permissions": [], "password": "pbkdf2_sha256$15000$fwZM7HR1fmgI$HgPe/lx5Vjx/0139gDDk+Y4BKSDlQsWry6BapjePr9E=", "email": "", "date_joined": "2016-05-26T22:02:47.864Z"}, "model": "auth.user", "pk": 4}, {"fields": {"superuser": true, "tested": false, "game": "game_2", "user": 1, "is_a_bot": false, "player_model": null}, "model": "graph.player", "pk": 1}, {"fields": {"superuser": false, "tested": true, "game": "game_1", "user": 2, "is_a_bot": false, "player_model": "G1_PM1"}, "model": "graph.player", "pk": 2}, {"fields": {"superuser": false, "tested": true, "game": "game_2", "user": 3, "is_a_bot": true, "player_model": "G1_PM1"}, "model": "graph.player", "pk": 3}, {"fields": {"superuser": false, "tested": true, "game": "game_2", "user": 4, "is_a_bot": false, "player_model": "G1_PM1"}, "model": "graph.player", "pk": 4}]