[{"fields": {"model": "permission", "name": "permission", "app_label": "auth"}, "model": "contenttypes.contenttype", "pk": 1}, {"fields": {"model": "group", "name": "group", "app_label": "auth"}, "model": "contenttypes.contenttype", "pk": 2}, {"fields": {"model": "user", "name": "user", "app_label": "auth"}, "model": "contenttypes.contenttype", "pk": 3}, {"fields": {"model": "contenttype", "name": "content type", "app_label": "contenttypes"}, "model": "contenttypes.contenttype", "pk": 4}, {"fields": {"model": "session", "name": "session", "app_label": "sessions"}, "model": "contenttypes.contenttype", "pk": 5}, {"fields": {"model": "taskmeta", "name": "task state", "app_label": "djcelery"}, "model": "contenttypes.contenttype", "pk": 6}, {"fields": {"model": "tasksetmeta", "name": "saved group result", "app_label": "djcelery"}, "model": "contenttypes.contenttype", "pk": 7}, {"fields": {"model": "intervalschedule", "name": "interval", "app_label": "djcelery"}, "model": "contenttypes.contenttype", "pk": 8}, {"fields": {"model": "crontabschedule", "name": "crontab", "app_label": "djcelery"}, "model": "contenttypes.contenttype", "pk": 9}, {"fields": {"model": "periodictasks", "name": "periodic tasks", "app_label": "djcelery"}, "model": "contenttypes.contenttype", "pk": 10}, {"fields": {"model": "periodictask", "name": "periodic task", "app_label": "djcelery"}, "model": "contenttypes.contenttype", "pk": 11}, {"fields": {"model": "workerstate", "name": "worker", "app_label": "djcelery"}, "model": "contenttypes.contenttype", "pk": 12}, {"fields": {"model": "taskstate", "name": "task", "app_label": "djcelery"}, "model": "contenttypes.contenttype", "pk": 13}, {"fields": {"model": "user", "name": "user", "app_label": "id_counter"}, "model": "contenttypes.contenttype", "pk": 14}, {"fields": {"model": "graph", "name": "graph", "app_label": "graph"}, "model": "contenttypes.contenttype", "pk": 15}, {"fields": {"model": "node", "name": "node", "app_label": "graph"}, "model": "contenttypes.contenttype", "pk": 16}, {"fields": {"model": "playermodel", "name": "player model", "app_label": "graph"}, "model": "contenttypes.contenttype", "pk": 17}, {"fields": {"model": "player", "name": "player", "app_label": "graph"}, "model": "contenttypes.contenttype", "pk": 18}, {"fields": {"model": "edge", "name": "edge", "app_label": "graph"}, "model": "contenttypes.contenttype", "pk": 19}, {"fields": {"model": "path", "name": "path", "app_label": "graph"}, "model": "contenttypes.contenttype", "pk": 20}, {"fields": {"model": "pathflowassignment", "name": "path flow assignment", "app_label": "graph"}, "model": "contenttypes.contenttype", "pk": 21}, {"fields": {"model": "gameturn", "name": "game turn", "app_label": "graph"}, "model": "contenttypes.contenttype", "pk": 22}, {"fields": {"model": "flowdistribution", "name": "flow distribution", "app_label": "graph"}, "model": "contenttypes.contenttype", "pk": 23}, {"fields": {"model": "learningrate", "name": "learning rate", "app_label": "graph"}, "model": "contenttypes.contenttype", "pk": 24}, {"fields": {"model": "edgecost", "name": "edge cost", "app_label": "graph"}, "model": "contenttypes.contenttype", "pk": 25}, {"fields": {"model": "graphcost", "name": "graph cost", "app_label": "graph"}, "model": "contenttypes.contenttype", "pk": 26}, {"fields": {"model": "game", "name": "game", "app_label": "graph"}, "model": "contenttypes.contenttype", "pk": 27}, {"fields": {"model": "request", "name": "request", "app_label": "silk"}, "model": "contenttypes.contenttype", "pk": 28}, {"fields": {"model": "response", "name": "response", "app_label": "silk"}, "model": "contenttypes.contenttype", "pk": 29}, {"fields": {"model": "sqlquery", "name": "sql query", "app_label": "silk"}, "model": "contenttypes.contenttype", "pk": 30}, {"fields": {"model": "profile", "name": "profile", "app_label": "silk"}, "model": "contenttypes.contenttype", "pk": 31}, {"fields": {"expire_date": "2016-06-10T20:52:00.319Z", "session_data": "ZjRlMWI5OTgxZDA3OTlmNzczNjgxOTg0YjMyMmFhM2NiNmJiNzE5MDp7fQ=="}, "model": "sessions.session", "pk": "09v2grqtwtasm9gzh0i0wpivlk1fsc0k"}, {"fields": {"expire_date": "2016-06-10T20:52:00.153Z", "session_data": "ZjRlMWI5OTgxZDA3OTlmNzczNjgxOTg0YjMyMmFhM2NiNmJiNzE5MDp7fQ=="}, "model": "sessions.session", "pk": "0pv2nnxwt507j25dzvkh8udlecsewygy"}, {"fields": {"expire_date": "2016-06-10T20:52:09.586Z", "session_data": "ZjRlMWI5OTgxZDA3OTlmNzczNjgxOTg0YjMyMmFhM2NiNmJiNzE5MDp7fQ=="}, "model": "sessions.session", "pk": "12bmku6fhayu8hj097e6twhajhk17cta"}, {"fields": {"expire_date": "2016-06-10T20:52:06.530Z", "session_data": "ZjRlMWI5OTgxZDA3OTlmNzczNjgxOTg0YjMyMmFhM2NiNmJiNzE5MDp7fQ=="}, "model": "sessions.session", "pk": "1aztbjf8ttrs4hdmabloobp4y6t3g082"}, {"fields": {"expire_date": "2016-06-10T20:52:06.540Z", "session_data": "ZjRlMWI5OTgxZDA3OTlmNzczNjgxOTg0YjMyMmFhM2NiNmJiNzE5MDp7fQ=="}, "model": "sessions.session", "pk": "1cjztobcpwgoqw4dal50qxm4a11j58af"}, {"fields": {"expire_date": "2016-06-09T21:23:04.861Z", "session_data": "ZjRlMWI5OTgxZDA3OTlmNzczNjgxOTg0YjMyMmFhM2NiNmJiNzE5MDp7fQ=="}, "model": "sessions.session", "pk": "1q6kw1ylhbqyrv5c94uwmpob000y4ah6"}, {"fields": {"expire_date": "2016-06-10T20:52:06.590Z", "session_data": "ZjRlMWI5OTgxZDA3OTlmNzczNjgxOTg0YjMyMmFhM2NiNmJiNzE5MDp7fQ=="}, "model": "sessions.session", "pk": "24vndrmjjfk0fka9q0dtl0rjj1ipgd57"}, {"fields": {"expire_date": "2016-06-10T20:52:08.182Z", "session_data": "ZjRlMWI5OTgxZDA3OTlmNzczNjgxOTg0YjMyMmFhM2NiNmJiNzE5MDp7fQ=="}, "model": "sessions.session", "pk": "38w7n714nucmcltshfxiqgevkuw1v7up"}, {"fields": {"expire_date": "2016-06-10T20:52:08.331Z", "session_data": "ZjRlMWI5OTgxZDA3OTlmNzczNjgxOTg0YjMyMmFhM2NiNmJiNzE5MDp7fQ=="}, "model": "sessions.session", "pk": "38zmojvinuq215rx2ht4k318vq87dxar"}, {"fields": {"expire_date": "2016-06-10T20:52:00.335Z", "session_data": "ZjRlMWI5OTgxZDA3OTlmNzczNjgxOTg0YjMyMmFhM2NiNmJiNzE5MDp7fQ=="}, "model": "sessions.session", "pk": "3wvo559a8ck6dka8otd0d89cneq72nw9"}, {"fields": {"expire_date": "2016-06-10T20:52:00.587Z", "session_data": "ZjRlMWI5OTgxZDA3OTlmNzczNjgxOTg0YjMyMmFhM2NiNmJiNzE5MDp7fQ=="}, "model": "sessions.session", "pk": "45xpa1p13mobh74fcb49c5s7guml7wl1"}, {"fields": {"expire_date": "2016-06-10T20:52:00.142Z", "session_data": "ZjRlMWI5OTgxZDA3OTlmNzczNjgxOTg0YjMyMmFhM2NiNmJiNzE5MDp7fQ=="}, "model": "sessions.session", "pk": "4mmj0k229md17ihl0b807mfzd6ngs7ya"}, {"fields": {"expire_date": "2016-06-10T20:54:03.261Z", "session_data": "MmUwNTNiYTUwMjhmYmY1NjhiMjAwYTk5ODQ2MWI3MjU4YThiYjU5Mjp7Il9hdXRoX3VzZXJfaGFzaCI6IjkzOTQyZTdkNTUyODVmMmJlYjk3MjFmOTUxNDMxODc1M2FiNmViODgiLCJfYXV0aF91c2VyX2JhY2tlbmQiOiJkamFuZ28uY29udHJpYi5hdXRoLmJhY2tlbmRzLk1vZGVsQmFja2VuZCIsIl9hdXRoX3VzZXJfaWQiOjR9"}, "model": "sessions.session", "pk": "51lvjf1ii9w1ugqmvshntqw0ks4j3ghz"}, {"fields": {"expire_date": "2016-06-10T20:52:00.630Z", "session_data": "ZjRlMWI5OTgxZDA3OTlmNzczNjgxOTg0YjMyMmFhM2NiNmJiNzE5MDp7fQ=="}, "model": "sessions.session", "pk": "5j0wangtzmvotjeacgkdklr90d2k81z2"}, {"fields": {"expire_date": "2016-06-10T20:52:09.400Z", "session_data": "ZjRlMWI5OTgxZDA3OTlmNzczNjgxOTg0YjMyMmFhM2NiNmJiNzE5MDp7fQ=="}, "model": "sessions.session", "pk": "5mn5hr8o0igkuqhlq9322i5m19k98iej"}, {"fields": {"expire_date": "2016-06-09T21:23:42.400Z", "session_data": "NDk0OWM0OTM1NDZmYzc2NjgyMjUyNTkxMmQyMTA5NzU5YzBlNTExOTp7Il9hdXRoX3VzZXJfaGFzaCI6ImVjYTI2YmQyN2RlZTY0MmVlY2QwOWM0YzM5NTQwNDMyNDliMDlmNWIiLCJfYXV0aF91c2VyX2JhY2tlbmQiOiJkamFuZ28uY29udHJpYi5hdXRoLmJhY2tlbmRzLk1vZGVsQmFja2VuZCIsIl9hdXRoX3VzZXJfaWQiOjF9"}, "model": "sessions.session", "pk": "6un6qdkjo2x2pa1byznphreldxjpc5ko"}, {"fields": {"expire_date": "2016-06-10T20:52:00.657Z", "session_data": "ZjRlMWI5OTgxZDA3OTlmNzczNjgxOTg0YjMyMmFhM2NiNmJiNzE5MDp7fQ=="}, "model": "sessions.session", "pk": "7fk7pyeyul1dg1yid8t83d8m0126tz4k"}, {"fields": {"expire_date": "2016-06-10T20:52:00.634Z", "session_data": "ZjRlMWI5OTgxZDA3OTlmNzczNjgxOTg0YjMyMmFhM2NiNmJiNzE5MDp7fQ=="}, "model": "sessions.session", "pk": "7mc60um9bg6lss3ngzr8nikwx48nm01l"}, {"fields": {"expire_date": "2016-06-10T20:52:00.570Z", "session_data": "ZjRlMWI5OTgxZDA3OTlmNzczNjgxOTg0YjMyMmFhM2NiNmJiNzE5MDp7fQ=="}, "model": "sessions.session", "pk": "8hyxam40whne6fxlhnplgbyaj5w8qh07"}, {"fields": {"expire_date": "2016-06-10T20:52:07.337Z", "session_data": "ZjRlMWI5OTgxZDA3OTlmNzczNjgxOTg0YjMyMmFhM2NiNmJiNzE5MDp7fQ=="}, "model": "sessions.session", "pk": "9wsazfm9du7j7z57j06595jtuobbzwum"}, {"fields": {"expire_date": "2016-06-10T20:52:09.783Z", "session_data": "ZjRlMWI5OTgxZDA3OTlmNzczNjgxOTg0YjMyMmFhM2NiNmJiNzE5MDp7fQ=="}, "model": "sessions.session", "pk": "b71l9ezl5rg3kajun206uxcqnn6i2zqb"}, {"fields": {"expire_date": "2016-06-10T20:53:50.016Z", "session_data": "ZTVjOGMzZWFhOTcxNDI1NDkwZjlkNzA2YzAxZDdkOTk4OTk3YTQ3Njp7Il9hdXRoX3VzZXJfaGFzaCI6ImYwOGQ3MjNhMmQ4NTRjOWVlNTQwZDAxOTNjMmZhZGFkMWI3YzE3NzUiLCJfYXV0aF91c2VyX2JhY2tlbmQiOiJkamFuZ28uY29udHJpYi5hdXRoLmJhY2tlbmRzLk1vZGVsQmFja2VuZCIsIl9hdXRoX3VzZXJfaWQiOjZ9"}, "model": "sessions.session", "pk": "bu5vi3383vz0uzhzbsst0lhctv83qddg"}, {"fields": {"expire_date": "2016-06-10T20:52:07.483Z", "session_data": "ZjRlMWI5OTgxZDA3OTlmNzczNjgxOTg0YjMyMmFhM2NiNmJiNzE5MDp7fQ=="}, "model": "sessions.session", "pk": "ckzabvpbikscra7ien604s8krwtg1xdm"}, {"fields": {"expire_date": "2016-06-10T20:52:10.237Z", "session_data": "ZjRlMWI5OTgxZDA3OTlmNzczNjgxOTg0YjMyMmFhM2NiNmJiNzE5MDp7fQ=="}, "model": "sessions.session", "pk": "cm0kzkrnpflr4beur1h426mxiobql5z5"}, {"fields": {"expire_date": "2016-06-10T20:52:08.110Z", "session_data": "ZjRlMWI5OTgxZDA3OTlmNzczNjgxOTg0YjMyMmFhM2NiNmJiNzE5MDp7fQ=="}, "model": "sessions.session", "pk": "d0b4uaq1eqldaqj28fo8utord1g5rnkg"}, {"fields": {"expire_date": "2016-06-10T20:51:55.052Z", "session_data": "ZjRlMWI5OTgxZDA3OTlmNzczNjgxOTg0YjMyMmFhM2NiNmJiNzE5MDp7fQ=="}, "model": "sessions.session", "pk": "dctkd0fnqgsj6i6mmxckd4bdbt5wiw4s"}, {"fields": {"expire_date": "2016-06-10T20:52:08.970Z", "session_data": "ZjRlMWI5OTgxZDA3OTlmNzczNjgxOTg0YjMyMmFhM2NiNmJiNzE5MDp7fQ=="}, "model": "sessions.session", "pk": "dcuwsdafqmzm0zvufwt6mis1qa2akuie"}, {"fields": {"expire_date": "2016-06-10T20:52:07.975Z", "session_data": "ZjRlMWI5OTgxZDA3OTlmNzczNjgxOTg0YjMyMmFhM2NiNmJiNzE5MDp7fQ=="}, "model": "sessions.session", "pk": "ddil1mx63pqt4rj45zoaf19wl977srjp"}, {"fields": {"expire_date": "2016-06-10T20:52:06.495Z", "session_data": "ZjRlMWI5OTgxZDA3OTlmNzczNjgxOTg0YjMyMmFhM2NiNmJiNzE5MDp7fQ=="}, "model": "sessions.session", "pk": "dfgso30xopluf3wzc6ysx38bsdckr4pq"}, {"fields": {"expire_date": "2016-06-10T20:52:10.418Z", "session_data": "ZjRlMWI5OTgxZDA3OTlmNzczNjgxOTg0YjMyMmFhM2NiNmJiNzE5MDp7fQ=="}, "model": "sessions.session", "pk": "dmqincb0l4bmjz987t8pwmv15jaa8d9l"}, {"fields": {"expire_date": "2016-06-09T19:17:49.724Z", "session_data": "ZjRlMWI5OTgxZDA3OTlmNzczNjgxOTg0YjMyMmFhM2NiNmJiNzE5MDp7fQ=="}, "model": "sessions.session", "pk": "ekq42kbym1cdbl1nvhniou7ww1kbrmzf"}, {"fields": {"expire_date": "2016-06-10T20:52:06.285Z", "session_data": "ZjRlMWI5OTgxZDA3OTlmNzczNjgxOTg0YjMyMmFhM2NiNmJiNzE5MDp7fQ=="}, "model": "sessions.session", "pk": "g5y28o6zofp7kq3pevr0f1omzvimmkiz"}, {"fields": {"expire_date": "2016-06-09T19:17:54.760Z", "session_data": "ZjRlMWI5OTgxZDA3OTlmNzczNjgxOTg0YjMyMmFhM2NiNmJiNzE5MDp7fQ=="}, "model": "sessions.session", "pk": "g6wm3xhnwwcpi6hacmi4s7er5yukj2pv"}, {"fields": {"expire_date": "2016-06-10T20:52:05.666Z", "session_data": "ZjRlMWI5OTgxZDA3OTlmNzczNjgxOTg0YjMyMmFhM2NiNmJiNzE5MDp7fQ=="}, "model": "sessions.session", "pk": "gfzr3i72kpzlwdbst1bb9bc5fxz9pqlh"}, {"fields": {"expire_date": "2016-06-10T20:51:55.042Z", "session_data": "ZjRlMWI5OTgxZDA3OTlmNzczNjgxOTg0YjMyMmFhM2NiNmJiNzE5MDp7fQ=="}, "model": "sessions.session", "pk": "glzgbt60unxi67x3q8jdys0r4lxiljjp"}, {"fields": {"expire_date": "2016-06-10T20:52:08.710Z", "session_data": "ZjRlMWI5OTgxZDA3OTlmNzczNjgxOTg0YjMyMmFhM2NiNmJiNzE5MDp7fQ=="}, "model": "sessions.session", "pk": "grbmjhxevmmg44dtuhg36ffi6owuzoty"}, {"fields": {"expire_date": "2016-06-10T20:52:08.420Z", "session_data": "ZjRlMWI5OTgxZDA3OTlmNzczNjgxOTg0YjMyMmFhM2NiNmJiNzE5MDp7fQ=="}, "model": "sessions.session", "pk": "gua5gt4divc5cbg8w205efve3nth6vox"}, {"fields": {"expire_date": "2016-06-10T20:52:09.067Z", "session_data": "ZjRlMWI5OTgxZDA3OTlmNzczNjgxOTg0YjMyMmFhM2NiNmJiNzE5MDp7fQ=="}, "model": "sessions.session", "pk": "hk198kda6vnjwk02iu284t3lmovag3gw"}, {"fields": {"expire_date": "2016-06-10T20:52:10.719Z", "session_data": "ZjRlMWI5OTgxZDA3OTlmNzczNjgxOTg0YjMyMmFhM2NiNmJiNzE5MDp7fQ=="}, "model": "sessions.session", "pk": "hozlhmjrhcagz9c3xppr4vvr0klytjtc"}, {"fields": {"expire_date": "2016-06-10T20:52:06.687Z", "session_data": "ZjRlMWI5OTgxZDA3OTlmNzczNjgxOTg0YjMyMmFhM2NiNmJiNzE5MDp7fQ=="}, "model": "sessions.session", "pk": "i1gk02fjbrimk6hzr0osxohscuop4pzo"}, {"fields": {"expire_date": "2016-06-10T20:52:08.551Z", "session_data": "ZjRlMWI5OTgxZDA3OTlmNzczNjgxOTg0YjMyMmFhM2NiNmJiNzE5MDp7fQ=="}, "model": "sessions.session", "pk": "i5vfmvt4qnzr6g9fyt5wy0x4euyxjuap"}, {"fields": {"expire_date": "2016-06-10T20:52:07.277Z", "session_data": "ZjRlMWI5OTgxZDA3OTlmNzczNjgxOTg0YjMyMmFhM2NiNmJiNzE5MDp7fQ=="}, "model": "sessions.session", "pk": "ia38vcx3kyu9tycxucxde8izjucz3ubr"}, {"fields": {"expire_date": "2016-06-10T20:52:10.128Z", "session_data": "ZjRlMWI5OTgxZDA3OTlmNzczNjgxOTg0YjMyMmFhM2NiNmJiNzE5MDp7fQ=="}, "model": "sessions.session", "pk": "iw2pjc71jf83hej1yavf5sven5tt1c2o"}, {"fields": {"expire_date": "2016-06-10T20:52:10.329Z", "session_data": "ZjRlMWI5OTgxZDA3OTlmNzczNjgxOTg0YjMyMmFhM2NiNmJiNzE5MDp7fQ=="}, "model": "sessions.session", "pk": "ixtknbsj2spanhiw424fgvcvdgvcpedt"}, {"fields": {"expire_date": "2016-06-09T18:43:22.022Z", "session_data": "NDk0OWM0OTM1NDZmYzc2NjgyMjUyNTkxMmQyMTA5NzU5YzBlNTExOTp7Il9hdXRoX3VzZXJfaGFzaCI6ImVjYTI2YmQyN2RlZTY0MmVlY2QwOWM0YzM5NTQwNDMyNDliMDlmNWIiLCJfYXV0aF91c2VyX2JhY2tlbmQiOiJkamFuZ28uY29udHJpYi5hdXRoLmJhY2tlbmRzLk1vZGVsQmFja2VuZCIsIl9hdXRoX3VzZXJfaWQiOjF9"}, "model": "sessions.session", "pk": "j0kzien9288wr7ovk8j9rjzu7qftocg7"}, {"fields": {"expire_date": "2016-06-10T20:53:53.788Z", "session_data": "ZTE3ZTRiOGU5OWRjMzVmNDYyZDMzZDk5N2M2NGZmZmRjMGRhOWVjMDp7Il9hdXRoX3VzZXJfaGFzaCI6IjRjNzBiMTQ0OTZmODE0MmViMzM4NDQ5YjJkNzEzNzU3OGJiMDc1NGMiLCJfYXV0aF91c2VyX2JhY2tlbmQiOiJkamFuZ28uY29udHJpYi5hdXRoLmJhY2tlbmRzLk1vZGVsQmFja2VuZCIsIl9hdXRoX3VzZXJfaWQiOjV9"}, "model": "sessions.session", "pk": "jc1cjd0e2g95vsboro8c3tynvyb1p8rt"}, {"fields": {"expire_date": "2016-06-10T20:52:06.483Z", "session_data": "ZjRlMWI5OTgxZDA3OTlmNzczNjgxOTg0YjMyMmFhM2NiNmJiNzE5MDp7fQ=="}, "model": "sessions.session", "pk": "je1fvgur3jfyt1wko1t1m1ifyko2qfuz"}, {"fields": {"expire_date": "2016-06-10T20:52:09.874Z", "session_data": "ZjRlMWI5OTgxZDA3OTlmNzczNjgxOTg0YjMyMmFhM2NiNmJiNzE5MDp7fQ=="}, "model": "sessions.session", "pk": "jfsywvhyr1fwn25dzyjehcqssiz77pyt"}, {"fields": {"expire_date": "2016-06-10T20:52:10.029Z", "session_data": "ZjRlMWI5OTgxZDA3OTlmNzczNjgxOTg0YjMyMmFhM2NiNmJiNzE5MDp7fQ=="}, "model": "sessions.session", "pk": "jlxagifsep71yv6touo3oomppcsxw470"}, {"fields": {"expire_date": "2016-06-10T20:52:06.403Z", "session_data": "ZjRlMWI5OTgxZDA3OTlmNzczNjgxOTg0YjMyMmFhM2NiNmJiNzE5MDp7fQ=="}, "model": "sessions.session", "pk": "joarw6bjni3mzft7avbuapisrw89lq9o"}, {"fields": {"expire_date": "2016-06-10T20:52:06.518Z", "session_data": "ZjRlMWI5OTgxZDA3OTlmNzczNjgxOTg0YjMyMmFhM2NiNmJiNzE5MDp7fQ=="}, "model": "sessions.session", "pk": "kfq9po7p95svut0qgrij7x64gjuvfsga"}, {"fields": {"expire_date": "2016-06-10T20:52:08.638Z", "session_data": "ZjRlMWI5OTgxZDA3OTlmNzczNjgxOTg0YjMyMmFhM2NiNmJiNzE5MDp7fQ=="}, "model": "sessions.session", "pk": "l4vkwqc1r2z3lpo4gve6ynsq8tcqwess"}, {"fields": {"expire_date": "2016-06-10T20:52:07.422Z", "session_data": "ZjRlMWI5OTgxZDA3OTlmNzczNjgxOTg0YjMyMmFhM2NiNmJiNzE5MDp7fQ=="}, "model": "sessions.session", "pk": "lgkoaokldmsgt5l3uifmjtqnynmwqnu9"}, {"fields": {"expire_date": "2016-06-10T20:57:38.132Z", "session_data": "NjFhZWNhNzY1MWMyOTlmOTgwNGJhNTU3YWU3MmNjMGUzYTgxNzdhOTp7Il9hdXRoX3VzZXJfaGFzaCI6ImUwYzMzY2UwODEwMjllYTllYTRkZDgyMzg4YmQ2Zjc1YTNjY2MwYzMiLCJfYXV0aF91c2VyX2JhY2tlbmQiOiJkamFuZ28uY29udHJpYi5hdXRoLmJhY2tlbmRzLk1vZGVsQmFja2VuZCIsIl9hdXRoX3VzZXJfaWQiOjd9"}, "model": "sessions.session", "pk": "m9ui82ugl3k7gj6w0wu3qjjqittpvvf9"}, {"fields": {"expire_date": "2016-06-10T20:55:03.308Z", "session_data": "OGJiNzdiY2YwYTBmNjhhM2U1ZDBmMjA1OTJhNGFhZmZkMmY3NTU3Njp7Il9hdXRoX3VzZXJfaGFzaCI6ImU5ODRjYmEzNjYyZWRiMmE2MzQxODNkODY3NDJkY2Y1NjdhNzNjNGMiLCJfYXV0aF91c2VyX2JhY2tlbmQiOiJkamFuZ28uY29udHJpYi5hdXRoLmJhY2tlbmRzLk1vZGVsQmFja2VuZCIsIl9hdXRoX3VzZXJfaWQiOjJ9"}, "model": "sessions.session", "pk": "megextuysvv70wrpmfmbggrc27h0tvp2"}, {"fields": {"expire_date": "2016-06-10T20:52:07.675Z", "session_data": "ZjRlMWI5OTgxZDA3OTlmNzczNjgxOTg0YjMyMmFhM2NiNmJiNzE5MDp7fQ=="}, "model": "sessions.session", "pk": "ml43aordl10vfbgo6qbpuyjf4euh5vob"}, {"fields": {"expire_date": "2016-06-10T20:52:08.475Z", "session_data": "ZjRlMWI5OTgxZDA3OTlmNzczNjgxOTg0YjMyMmFhM2NiNmJiNzE5MDp7fQ=="}, "model": "sessions.session", "pk": "mm4aesqhxew5wctzej8r4b8tx0djotk3"}, {"fields": {"expire_date": "2016-06-10T20:52:08.033Z", "session_data": "ZjRlMWI5OTgxZDA3OTlmNzczNjgxOTg0YjMyMmFhM2NiNmJiNzE5MDp7fQ=="}, "model": "sessions.session", "pk": "n1iww84gd8izeuokus6y0mcuslie0vtt"}, {"fields": {"expire_date": "2016-06-10T20:52:06.336Z", "session_data": "ZjRlMWI5OTgxZDA3OTlmNzczNjgxOTg0YjMyMmFhM2NiNmJiNzE5MDp7fQ=="}, "model": "sessions.session", "pk": "n69mgzxsadegjtpnf3h7b7cqniejf41g"}, {"fields": {"expire_date": "2016-06-10T20:52:00.412Z", "session_data": "ZjRlMWI5OTgxZDA3OTlmNzczNjgxOTg0YjMyMmFhM2NiNmJiNzE5MDp7fQ=="}, "model": "sessions.session", "pk": "na1qj1p5yfauz84c2zh3hst1qzmkw1tr"}, {"fields": {"expire_date": "2016-06-10T20:52:09.216Z", "session_data": "ZjRlMWI5OTgxZDA3OTlmNzczNjgxOTg0YjMyMmFhM2NiNmJiNzE5MDp7fQ=="}, "model": "sessions.session", "pk": "ncnwo0fxnx0gbiqsjsobdk25213tqvdp"}, {"fields": {"expire_date": "2016-06-10T20:52:09.500Z", "session_data": "ZjRlMWI5OTgxZDA3OTlmNzczNjgxOTg0YjMyMmFhM2NiNmJiNzE5MDp7fQ=="}, "model": "sessions.session", "pk": "nikedm0nmv33t9v8h5zk8bayqupzvhtg"}, {"fields": {"expire_date": "2016-06-09T21:23:04.036Z", "session_data": "ZjRlMWI5OTgxZDA3OTlmNzczNjgxOTg0YjMyMmFhM2NiNmJiNzE5MDp7fQ=="}, "model": "sessions.session", "pk": "nlwvxnvyrcfsz6docou9mogf64ozphuq"}, {"fields": {"expire_date": "2016-06-10T20:52:00.375Z", "session_data": "ZjRlMWI5OTgxZDA3OTlmNzczNjgxOTg0YjMyMmFhM2NiNmJiNzE5MDp7fQ=="}, "model": "sessions.session", "pk": "ntr68ymt9re2j81uh5ulneqjazyq9up2"}, {"fields": {"expire_date": "2016-06-10T20:52:06.397Z", "session_data": "ZjRlMWI5OTgxZDA3OTlmNzczNjgxOTg0YjMyMmFhM2NiNmJiNzE5MDp7fQ=="}, "model": "sessions.session", "pk": "o5jfc6ervov80ansxs0caqsaritbg9y8"}, {"fields": {"expire_date": "2016-06-10T20:52:08.264Z", "session_data": "ZjRlMWI5OTgxZDA3OTlmNzczNjgxOTg0YjMyMmFhM2NiNmJiNzE5MDp7fQ=="}, "model": "sessions.session", "pk": "oc9hg8zuh5h0kl18omsoee34f5wjogdf"}, {"fields": {"expire_date": "2016-06-10T20:52:10.481Z", "session_data": "ZjRlMWI5OTgxZDA3OTlmNzczNjgxOTg0YjMyMmFhM2NiNmJiNzE5MDp7fQ=="}, "model": "sessions.session", "pk": "pca9tu5rokwkojj9yk8mmah0at2dxk22"}, {"fields": {"expire_date": "2016-06-10T20:52:09.306Z", "session_data": "ZjRlMWI5OTgxZDA3OTlmNzczNjgxOTg0YjMyMmFhM2NiNmJiNzE5MDp7fQ=="}, "model": "sessions.session", "pk": "psm207ohkt5o1yscwc9nifye9v24apm5"}, {"fields": {"expire_date": "2016-06-10T20:52:08.867Z", "session_data": "ZjRlMWI5OTgxZDA3OTlmNzczNjgxOTg0YjMyMmFhM2NiNmJiNzE5MDp7fQ=="}, "model": "sessions.session", "pk": "qof4avvzdyftagqjsrzn6bjobzv1np16"}, {"fields": {"expire_date": "2016-06-10T20:52:10.613Z", "session_data": "ZjRlMWI5OTgxZDA3OTlmNzczNjgxOTg0YjMyMmFhM2NiNmJiNzE5MDp7fQ=="}, "model": "sessions.session", "pk": "qq9gcphsggthhj098ubot906vcmvvh7k"}, {"fields": {"expire_date": "2016-06-10T20:52:09.137Z", "session_data": "ZjRlMWI5OTgxZDA3OTlmNzczNjgxOTg0YjMyMmFhM2NiNmJiNzE5MDp7fQ=="}, "model": "sessions.session", "pk": "rjws1hql477fopj8dnginr2569jnp81c"}, {"fields": {"expire_date": "2016-06-10T20:52:09.689Z", "session_data": "ZjRlMWI5OTgxZDA3OTlmNzczNjgxOTg0YjMyMmFhM2NiNmJiNzE5MDp7fQ=="}, "model": "sessions.session", "pk": "rsdn9mr35v2pgpykg2zacx01e33hgbjn"}, {"fields": {"expire_date": "2016-06-10T20:52:06.240Z", "session_data": "ZjRlMWI5OTgxZDA3OTlmNzczNjgxOTg0YjMyMmFhM2NiNmJiNzE5MDp7fQ=="}, "model": "sessions.session", "pk": "sgncvcyfkx5e0ejpietjuyu9gcmvor00"}, {"fields": {"expire_date": "2016-06-10T20:52:08.788Z", "session_data": "ZjRlMWI5OTgxZDA3OTlmNzczNjgxOTg0YjMyMmFhM2NiNmJiNzE5MDp7fQ=="}, "model": "sessions.session", "pk": "tpp7s14erazvdsy6na8u07uv5npjyhja"}, {"fields": {"expire_date": "2016-06-10T20:52:06.409Z", "session_data": "ZjRlMWI5OTgxZDA3OTlmNzczNjgxOTg0YjMyMmFhM2NiNmJiNzE5MDp7fQ=="}, "model": "sessions.session", "pk": "v1bk4n1o3jrc552oq8unfug28hjb6dkg"}, {"fields": {"expire_date": "2016-06-09T21:23:04.020Z", "session_data": "ZjRlMWI5OTgxZDA3OTlmNzczNjgxOTg0YjMyMmFhM2NiNmJiNzE5MDp7fQ=="}, "model": "sessions.session", "pk": "vb47stjdxvpwx2auuay7om305nzk38j8"}, {"fields": {"expire_date": "2016-06-10T20:52:07.588Z", "session_data": "ZjRlMWI5OTgxZDA3OTlmNzczNjgxOTg0YjMyMmFhM2NiNmJiNzE5MDp7fQ=="}, "model": "sessions.session", "pk": "w70o538xnte5mvss5zdj6xpb3na6nxn8"}, {"fields": {"expire_date": "2016-06-10T20:52:31.403Z", "session_data": "NDk0OWM0OTM1NDZmYzc2NjgyMjUyNTkxMmQyMTA5NzU5YzBlNTExOTp7Il9hdXRoX3VzZXJfaGFzaCI6ImVjYTI2YmQyN2RlZTY0MmVlY2QwOWM0YzM5NTQwNDMyNDliMDlmNWIiLCJfYXV0aF91c2VyX2JhY2tlbmQiOiJkamFuZ28uY29udHJpYi5hdXRoLmJhY2tlbmRzLk1vZGVsQmFja2VuZCIsIl9hdXRoX3VzZXJfaWQiOjF9"}, "model": "sessions.session", "pk": "wgt39zq95ltj0uuz2l8i9cfk1qvkjog5"}, {"fields": {"expire_date": "2016-06-10T20:52:07.137Z", "session_data": "ZjRlMWI5OTgxZDA3OTlmNzczNjgxOTg0YjMyMmFhM2NiNmJiNzE5MDp7fQ=="}, "model": "sessions.session", "pk": "x43f3pk1a9ezizv5t72w9eeb8niky8c8"}, {"fields": {"expire_date": "2016-06-10T20:52:06.559Z", "session_data": "ZjRlMWI5OTgxZDA3OTlmNzczNjgxOTg0YjMyMmFhM2NiNmJiNzE5MDp7fQ=="}, "model": "sessions.session", "pk": "xy7bsk3thzgujt3223lv2rsjmki41gu0"}, {"fields": {"expire_date": "2016-06-10T20:52:06.610Z", "session_data": "ZjRlMWI5OTgxZDA3OTlmNzczNjgxOTg0YjMyMmFhM2NiNmJiNzE5MDp7fQ=="}, "model": "sessions.session", "pk": "ycfgfqd3umbxd08oa63vvwdwkob5c63r"}, {"fields": {"expire_date": "2016-06-10T20:52:10.562Z", "session_data": "ZjRlMWI5OTgxZDA3OTlmNzczNjgxOTg0YjMyMmFhM2NiNmJiNzE5MDp7fQ=="}, "model": "sessions.session", "pk": "yda6f7z848nb1ypl94dt2egf8f7ur984"}, {"fields": {"expire_date": "2016-06-10T20:52:07.796Z", "session_data": "ZjRlMWI5OTgxZDA3OTlmNzczNjgxOTg0YjMyMmFhM2NiNmJiNzE5MDp7fQ=="}, "model": "sessions.session", "pk": "ymgw4k1ljvtcdbx8m0kso1h7lbiiz2fg"}, {"fields": {"expire_date": "2016-06-10T20:52:00.273Z", "session_data": "ZjRlMWI5OTgxZDA3OTlmNzczNjgxOTg0YjMyMmFhM2NiNmJiNzE5MDp7fQ=="}, "model": "sessions.session", "pk": "yqfrp6o4zyvegeiiyegra3aqqamfu456"}, {"fields": {"graph_ui": "{\"graph\": \"G1\", \"nodes\": [{\"index\": 0, \"reflexive\": false, \"weight\": 3, \"px\": 79, \"py\": 362, \"y\": 362, \"x\": 79, \"id\": 1}, {\"index\": 1, \"reflexive\": false, \"weight\": 4, \"px\": 102, \"py\": 248, \"y\": 248, \"x\": 102, \"id\": 2}, {\"index\": 2, \"reflexive\": false, \"weight\": 4, \"px\": 212, \"py\": 361, \"y\": 361, \"x\": 212, \"id\": 3}, {\"index\": 3, \"reflexive\": false, \"weight\": 4, \"px\": 153, \"py\": 304, \"y\": 304, \"x\": 153, \"id\": 4}, {\"index\": 4, \"reflexive\": false, \"weight\": 3, \"px\": 225, \"py\": 246, \"y\": 246, \"x\": 225, \"id\": 5}], \"game\": \"game_1\", \"links\": [{\"id\": \"9bd0597b19ba9d536215502225a06bf7\", \"source\": {\"index\": 0, \"reflexive\": false, \"weight\": 3, \"px\": 79, \"py\": 362, \"y\": 362, \"x\": 79, \"id\": 1}, \"right\": true, \"target\": {\"index\": 1, \"reflexive\": false, \"weight\": 4, \"px\": 102, \"py\": 248, \"y\": 248, \"x\": 102, \"id\": 2}, \"left\": false}, {\"id\": \"6a286d89d27563413f4e0dfc5d7eb714\", \"source\": {\"index\": 1, \"reflexive\": false, \"weight\": 4, \"px\": 102, \"py\": 248, \"y\": 248, \"x\": 102, \"id\": 2}, \"right\": true, \"target\": {\"index\": 4, \"reflexive\": false, \"weight\": 3, \"px\": 225, \"py\": 246, \"y\": 246, \"x\": 225, \"id\": 5}, \"left\": false}, {\"id\": \"175ca831d92b39d2db28eb31e9b0a26b\", \"source\": {\"index\": 1, \"reflexive\": false, \"weight\": 4, \"px\": 102, \"py\": 248, \"y\": 248, \"x\": 102, \"id\": 2}, \"right\": false, \"target\": {\"index\": 3, \"reflexive\": false, \"weight\": 4, \"px\": 153, \"py\": 304, \"y\": 304, \"x\": 153, \"id\": 4}, \"left\": true}, {\"id\": \"2d730e2573a07fda1918ba3f32c92a55\", \"source\": {\"index\": 2, \"reflexive\": false, \"weight\": 4, \"px\": 212, \"py\": 361, \"y\": 361, \"x\": 212, \"id\": 3}, \"right\": false, \"target\": {\"index\": 3, \"reflexive\": false, \"weight\": 4, \"px\": 153, \"py\": 304, \"y\": 304, \"x\": 153, \"id\": 4}, \"left\": true}, {\"id\": \"13ad62e4ea5367c5c0744dbf95619c94\", \"source\": {\"index\": 2, \"reflexive\": false, \"weight\": 4, \"px\": 212, \"py\": 361, \"y\": 361, \"x\": 212, \"id\": 3}, \"right\": true, \"target\": {\"index\": 4, \"reflexive\": false, \"weight\": 3, \"px\": 225, \"py\": 246, \"y\": 246, \"x\": 225, \"id\": 5}, \"left\": false}, {\"id\": \"90dbafdb4f7a61f4e247158e8fd76ec4\", \"source\": {\"index\": 3, \"reflexive\": false, \"weight\": 4, \"px\": 153, \"py\": 304, \"y\": 304, \"x\": 153, \"id\": 4}, \"right\": true, \"target\": {\"index\": 4, \"reflexive\": false, \"weight\": 3, \"px\": 225, \"py\": 246, \"y\": 246, \"x\": 225, \"id\": 5}, \"left\": false}, {\"id\": \"a84a1dca6589c826ec01f3c198e87d9c\", \"source\": {\"index\": 0, \"reflexive\": false, \"weight\": 3, \"px\": 79, \"py\": 362, \"y\": 362, \"x\": 79, \"id\": 1}, \"right\": true, \"target\": {\"index\": 3, \"reflexive\": false, \"weight\": 4, \"px\": 153, \"py\": 304, \"y\": 304, \"x\": 153, \"id\": 4}, \"left\": false}, {\"id\": \"e3de3a730766ae7e1ba2564e7bebfa1e\", \"source\": {\"index\": 0, \"reflexive\": false, \"weight\": 3, \"px\": 79, \"py\": 362, \"y\": 362, \"x\": 79, \"id\": 1}, \"right\": true, \"target\": {\"index\": 2, \"reflexive\": false, \"weight\": 4, \"px\": 212, \"py\": 361, \"y\": 361, \"x\": 212, \"id\": 3}, \"left\": false}, {\"id\": \"ddc3b6fc049764ea432beec22f07866c\", \"source\": {\"index\": 1, \"reflexive\": false, \"weight\": 4, \"px\": 102, \"py\": 248, \"y\": 248, \"x\": 102, \"id\": 2}, \"right\": false, \"target\": {\"index\": 2, \"reflexive\": false, \"weight\": 4, \"px\": 212, \"py\": 361, \"y\": 361, \"x\": 212, \"id\": 3}, \"left\": true}]}"}, "model": "graph.graph", "pk": "G1"}, {"fields": {"graph_ui": ""}, "model": "graph.graph", "pk": "useless_2"}, {"fields": {"graph_ui": ""}, "model": "graph.graph", "pk": "useless_3"}, {"fields": {"graph": "G1", "ui_id": 3}, "model": "graph.node", "pk": "010e73e4-c023-4401-8b10-8eb68be1c75e"}, {"fields": {"graph": "G1", "ui_id": 5}, "model": "graph.node", "pk": "5a92b8f1-a3b4-41e5-b47a-6b8a5258bfbc"}, {"fields": {"graph": "G1", "ui_id": 4}, "model": "graph.node", "pk": "add5eef3-d568-4ec8-8ce2-4165b6fb129f"}, {"fields": {"graph": "G1", "ui_id": 1}, "model": "graph.node", "pk": "b837963e-a63b-4854-b67e-ebaa4953ed38"}, {"fields": {"graph": "G1", "ui_id": 2}, "model": "graph.node", "pk": "d1de5f7d-bdbb-40f3-a25d-1179a65e1663"}, {"fields": {"destination_node": "5a92b8f1-a3b4-41e5-b47a-6b8a5258bfbc", "graph": "G1", "in_use": true, "flow": 1.0, "normalization_const": 0.7077884466581221, "start_node": "b837963e-a63b-4854-b67e-ebaa4953ed38", "historic_player": "user_1user_3ai_playeruser_2"}, "model": "graph.playermodel", "pk": "G1_PM2"}, {"fields": {"graph": "G1", "cost_function": "x", "to_node": "5a92b8f1-a3b4-41e5-b47a-6b8a5258bfbc", "from_node": "010e73e4-c023-4401-8b10-8eb68be1c75e"}, "model": "graph.edge", "pk": "13ad62e4ea5367c5c0744dbf95619c94"}, {"fields": {"graph": "G1", "cost_function": "x", "to_node": "d1de5f7d-bdbb-40f3-a25d-1179a65e1663", "from_node": "add5eef3-d568-4ec8-8ce2-4165b6fb129f"}, "model": "graph.edge", "pk": "175ca831d92b39d2db28eb31e9b0a26b"}, {"fields": {"graph": "G1", "cost_function": "x", "to_node": "010e73e4-c023-4401-8b10-8eb68be1c75e", "from_node": "add5eef3-d568-4ec8-8ce2-4165b6fb129f"}, "model": "graph.edge", "pk": "2d730e2573a07fda1918ba3f32c92a55"}, {"fields": {"graph": "G1", "cost_function": "x", "to_node": "5a92b8f1-a3b4-41e5-b47a-6b8a5258bfbc", "from_node": "d1de5f7d-bdbb-40f3-a25d-1179a65e1663"}, "model": "graph.edge", "pk": "6a286d89d27563413f4e0dfc5d7eb714"}, {"fields": {"graph": "G1", "cost_function": "x", "to_node": "5a92b8f1-a3b4-41e5-b47a-6b8a5258bfbc", "from_node": "add5eef3-d568-4ec8-8ce2-4165b6fb129f"}, "model": "graph.edge", "pk": "90dbafdb4f7a61f4e247158e8fd76ec4"}, {"fields": {"graph": "G1", "cost_function": "x", "to_node": "d1de5f7d-bdbb-40f3-a25d-1179a65e1663", "from_node": "b837963e-a63b-4854-b67e-ebaa4953ed38"}, "model": "graph.edge", "pk": "9bd0597b19ba9d536215502225a06bf7"}, {"fields": {"graph": "G1", "cost_function": "x", "to_node": "add5eef3-d568-4ec8-8ce2-4165b6fb129f", "from_node": "b837963e-a63b-4854-b67e-ebaa4953ed38"}, "model": "graph.edge", "pk": "a84a1dca6589c826ec01f3c198e87d9c"}, {"fields": {"graph": "G1", "cost_function": "x", "to_node": "d1de5f7d-bdbb-40f3-a25d-1179a65e1663", "from_node": "010e73e4-c023-4401-8b10-8eb68be1c75e"}, "model": "graph.edge", "pk": "ddc3b6fc049764ea432beec22f07866c"}, {"fields": {"graph": "G1", "cost_function": "x", "to_node": "010e73e4-c023-4401-8b10-8eb68be1c75e", "from_node": "b837963e-a63b-4854-b67e-ebaa4953ed38"}, "model": "graph.edge", "pk": "e3de3a730766ae7e1ba2564e7bebfa1e"}, {"fields": {"graph": "G1", "edges": ["6a286d89d27563413f4e0dfc5d7eb714", "9bd0597b19ba9d536215502225a06bf7"], "player_model": "G1_PM2"}, "model": "graph.path", "pk": 8}, {"fields": {"graph": "G1", "edges": ["6a286d89d27563413f4e0dfc5d7eb714", "ddc3b6fc049764ea432beec22f07866c", "e3de3a730766ae7e1ba2564e7bebfa1e"], "player_model": "G1_PM2"}, "model": "graph.path", "pk": 9}, {"fields": {"graph": "G1", "edges": ["13ad62e4ea5367c5c0744dbf95619c94", "e3de3a730766ae7e1ba2564e7bebfa1e"], "player_model": "G1_PM2"}, "model": "graph.path", "pk": 10}, {"fields": {"graph": "G1", "edges": ["175ca831d92b39d2db28eb31e9b0a26b", "6a286d89d27563413f4e0dfc5d7eb714", "a84a1dca6589c826ec01f3c198e87d9c"], "player_model": "G1_PM2"}, "model": "graph.path", "pk": 11}, {"fields": {"graph": "G1", "edges": ["2d730e2573a07fda1918ba3f32c92a55", "6a286d89d27563413f4e0dfc5d7eb714", "a84a1dca6589c826ec01f3c198e87d9c", "ddc3b6fc049764ea432beec22f07866c"], "player_model": "G1_PM2"}, "model": "graph.path", "pk": 12}, {"fields": {"graph": "G1", "edges": ["13ad62e4ea5367c5c0744dbf95619c94", "2d730e2573a07fda1918ba3f32c92a55", "a84a1dca6589c826ec01f3c198e87d9c"], "player_model": "G1_PM2"}, "model": "graph.path", "pk": 13}, {"fields": {"graph": "G1", "edges": ["90dbafdb4f7a61f4e247158e8fd76ec4", "a84a1dca6589c826ec01f3c198e87d9c"], "player_model": "G1_PM2"}, "model": "graph.path", "pk": 14}, {"fields": {"path": 8, "flow": 0.14285714285714288}, "model": "graph.pathflowassignment", "pk": 8}, {"fields": {"path": 9, "flow": 0.14285714285714288}, "model": "graph.pathflowassignment", "pk": 9}, {"fields": {"path": 10, "flow": 0.14285714285714288}, "model": "graph.pathflowassignment", "pk": 10}, {"fields": {"path": 11, "flow": 0.14285714285714288}, "model": "graph.pathflowassignment", "pk": 11}, {"fields": {"path": 12, "flow": 0.14285714285714288}, "model": "graph.pathflowassignment", "pk": 12}, {"fields": {"path": 13, "flow": 0.14285714285714288}, "model": "graph.pathflowassignment", "pk": 13}, {"fields": {"path": 14, "flow": 0.14285714285714288}, "model": "graph.pathflowassignment", "pk": 14}, {"fields": {"path": 8, "flow": 0.14285714285714285}, "model": "graph.pathflowassignment", "pk": 22}, {"fields": {"path": 9, "flow": 0.14285714285714285}, "model": "graph.pathflowassignment", "pk": 23}, {"fields": {"path": 10, "flow": 0.14285714285714285}, "model": "graph.pathflowassignment", "pk": 24}, {"fields": {"path": 11, "flow": 0.14285714285714285}, "model": "graph.pathflowassignment", "pk": 25}, {"fields": {"path": 12, "flow": 0.14285714285714285}, "model": "graph.pathflowassignment", "pk": 26}, {"fields": {"path": 13, "flow": 0.14285714285714285}, "model": "graph.pathflowassignment", "pk": 27}, {"fields": {"path": 14, "flow": 0.14285714285714285}, "model": "graph.pathflowassignment", "pk": 28}, {"fields": {"path": 8, "flow": 0.21782178217821782}, "model": "graph.pathflowassignment", "pk": 36}, {"fields": {"path": 9, "flow": 0.0891089108910891}, "model": "graph.pathflowassignment", "pk": 37}, {"fields": {"path": 10, "flow": 0.2871287128712871}, "model": "graph.pathflowassignment", "pk": 38}, {"fields": {"path": 11, "flow": 0.06930693069306931}, "model": "graph.pathflowassignment", "pk": 39}, {"fields": {"path": 12, "flow": 0.0297029702970297}, "model": "graph.pathflowassignment", "pk": 40}, {"fields": {"path": 13, "flow": 0.0891089108910891}, "model": "graph.pathflowassignment", "pk": 41}, {"fields": {"path": 14, "flow": 0.21782178217821782}, "model": "graph.pathflowassignment", "pk": 42}, {"fields": {"path": 8, "flow": 0.07142857142857144}, "model": "graph.pathflowassignment", "pk": 50}, {"fields": {"path": 9, "flow": 0.07142857142857144}, "model": "graph.pathflowassignment", "pk": 51}, {"fields": {"path": 10, "flow": 0.07142857142857144}, "model": "graph.pathflowassignment", "pk": 52}, {"fields": {"path": 11, "flow": 0.07142857142857144}, "model": "graph.pathflowassignment", "pk": 53}, {"fields": {"path": 12, "flow": 0.07142857142857144}, "model": "graph.pathflowassignment", "pk": 54}, {"fields": {"path": 13, "flow": 0.07142857142857144}, "model": "graph.pathflowassignment", "pk": 55}, {"fields": {"path": 14, "flow": 0.07142857142857144}, "model": "graph.pathflowassignment", "pk": 56}, {"fields": {"path": 8, "flow": 0.07142857142857142}, "model": "graph.pathflowassignment", "pk": 64}, {"fields": {"path": 9, "flow": 0.07142857142857142}, "model": "graph.pathflowassignment", "pk": 65}, {"fields": {"path": 10, "flow": 0.07142857142857142}, "model": "graph.pathflowassignment", "pk": 66}, {"fields": {"path": 11, "flow": 0.07142857142857142}, "model": "graph.pathflowassignment", "pk": 67}, {"fields": {"path": 12, "flow": 0.07142857142857142}, "model": "graph.pathflowassignment", "pk": 68}, {"fields": {"path": 13, "flow": 0.07142857142857142}, "model": "graph.pathflowassignment", "pk": 69}, {"fields": {"path": 14, "flow": 0.07142857142857142}, "model": "graph.pathflowassignment", "pk": 70}, {"fields": {"path": 8, "flow": 0.07142857142857142}, "model": "graph.pathflowassignment", "pk": 78}, {"fields": {"path": 9, "flow": 0.07142857142857142}, "model": "graph.pathflowassignment", "pk": 79}, {"fields": {"path": 10, "flow": 0.07142857142857142}, "model": "graph.pathflowassignment", "pk": 80}, {"fields": {"path": 11, "flow": 0.07142857142857142}, "model": "graph.pathflowassignment", "pk": 81}, {"fields": {"path": 12, "flow": 0.07142857142857142}, "model": "graph.pathflowassignment", "pk": 82}, {"fields": {"path": 13, "flow": 0.07142857142857142}, "model": "graph.pathflowassignment", "pk": 83}, {"fields": {"path": 14, "flow": 0.07142857142857142}, "model": "graph.pathflowassignment", "pk": 84}, {"fields": {"path": 8, "flow": 0.04761904761904762}, "model": "graph.pathflowassignment", "pk": 85}, {"fields": {"path": 9, "flow": 0.04761904761904762}, "model": "graph.pathflowassignment", "pk": 86}, {"fields": {"path": 10, "flow": 0.04761904761904762}, "model": "graph.pathflowassignment", "pk": 87}, {"fields": {"path": 11, "flow": 0.04761904761904762}, "model": "graph.pathflowassignment", "pk": 88}, {"fields": {"path": 12, "flow": 0.04761904761904762}, "model": "graph.pathflowassignment", "pk": 89}, {"fields": {"path": 13, "flow": 0.04761904761904762}, "model": "graph.pathflowassignment", "pk": 90}, {"fields": {"path": 14, "flow": 0.04761904761904762}, "model": "graph.pathflowassignment", "pk": 91}, {"fields": {"path": 8, "flow": 0.03571428571428572}, "model": "graph.pathflowassignment", "pk": 92}, {"fields": {"path": 9, "flow": 0.03571428571428572}, "model": "graph.pathflowassignment", "pk": 93}, {"fields": {"path": 10, "flow": 0.03571428571428572}, "model": "graph.pathflowassignment", "pk": 94}, {"fields": {"path": 11, "flow": 0.03571428571428572}, "model": "graph.pathflowassignment", "pk": 95}, {"fields": {"path": 12, "flow": 0.03571428571428572}, "model": "graph.pathflowassignment", "pk": 96}, {"fields": {"path": 13, "flow": 0.03571428571428572}, "model": "graph.pathflowassignment", "pk": 97}, {"fields": {"path": 14, "flow": 0.03571428571428572}, "model": "graph.pathflowassignment", "pk": 98}, {"fields": {"path": 8, "flow": 0.03571428571428571}, "model": "graph.pathflowassignment", "pk": 99}, {"fields": {"path": 9, "flow": 0.03571428571428571}, "model": "graph.pathflowassignment", "pk": 100}, {"fields": {"path": 10, "flow": 0.03571428571428571}, "model": "graph.pathflowassignment", "pk": 101}, {"fields": {"path": 11, "flow": 0.03571428571428571}, "model": "graph.pathflowassignment", "pk": 102}, {"fields": {"path": 12, "flow": 0.03571428571428571}, "model": "graph.pathflowassignment", "pk": 103}, {"fields": {"path": 13, "flow": 0.03571428571428571}, "model": "graph.pathflowassignment", "pk": 104}, {"fields": {"path": 14, "flow": 0.03571428571428571}, "model": "graph.pathflowassignment", "pk": 105}, {"fields": {"path": 8, "flow": 0.03571428571428571}, "model": "graph.pathflowassignment", "pk": 106}, {"fields": {"path": 9, "flow": 0.03571428571428571}, "model": "graph.pathflowassignment", "pk": 107}, {"fields": {"path": 10, "flow": 0.03571428571428571}, "model": "graph.pathflowassignment", "pk": 108}, {"fields": {"path": 11, "flow": 0.03571428571428571}, "model": "graph.pathflowassignment", "pk": 109}, {"fields": {"path": 12, "flow": 0.03571428571428571}, "model": "graph.pathflowassignment", "pk": 110}, {"fields": {"path": 13, "flow": 0.03571428571428571}, "model": "graph.pathflowassignment", "pk": 111}, {"fields": {"path": 14, "flow": 0.03571428571428571}, "model": "graph.pathflowassignment", "pk": 112}, {"fields": {"path": 8, "flow": 0.04134770442750778}, "model": "graph.pathflowassignment", "pk": 113}, {"fields": {"path": 9, "flow": 0.03337246604137484}, "model": "graph.pathflowassignment", "pk": 114}, {"fields": {"path": 10, "flow": 0.04440914762015497}, "model": "graph.pathflowassignment", "pk": 115}, {"fields": {"path": 11, "flow": 0.031071860998060558}, "model": "graph.pathflowassignment", "pk": 116}, {"fields": {"path": 12, "flow": 0.025078650444019263}, "model": "graph.pathflowassignment", "pk": 117}, {"fields": {"path": 13, "flow": 0.03337246604137484}, "model": "graph.pathflowassignment", "pk": 118}, {"fields": {"path": 14, "flow": 0.04134770442750778}, "model": "graph.pathflowassignment", "pk": 119}, {"fields": {"path": 8, "flow": 0.03571428571428571}, "model": "graph.pathflowassignment", "pk": 120}, {"fields": {"path": 9, "flow": 0.03571428571428571}, "model": "graph.pathflowassignment", "pk": 121}, {"fields": {"path": 10, "flow": 0.03571428571428571}, "model": "graph.pathflowassignment", "pk": 122}, {"fields": {"path": 11, "flow": 0.03571428571428571}, "model": "graph.pathflowassignment", "pk": 123}, {"fields": {"path": 12, "flow": 0.03571428571428571}, "model": "graph.pathflowassignment", "pk": 124}, {"fields": {"path": 13, "flow": 0.03571428571428571}, "model": "graph.pathflowassignment", "pk": 125}, {"fields": {"path": 14, "flow": 0.03571428571428571}, "model": "graph.pathflowassignment", "pk": 126}, {"fields": {"path": 8, "flow": 0.044827893292468765}, "model": "graph.pathflowassignment", "pk": 127}, {"fields": {"path": 9, "flow": 0.03136490408644874}, "model": "graph.pathflowassignment", "pk": 128}, {"fields": {"path": 10, "flow": 0.049963359397195935}, "model": "graph.pathflowassignment", "pk": 129}, {"fields": {"path": 11, "flow": 0.02796147292150909}, "model": "graph.pathflowassignment", "pk": 130}, {"fields": {"path": 12, "flow": 0.019689572923459984}, "model": "graph.pathflowassignment", "pk": 131}, {"fields": {"path": 13, "flow": 0.03136490408644874}, "model": "graph.pathflowassignment", "pk": 132}, {"fields": {"path": 14, "flow": 0.044827893292468765}, "model": "graph.pathflowassignment", "pk": 133}, {"fields": {"path": 8, "flow": 0.03571428571428571}, "model": "graph.pathflowassignment", "pk": 134}, {"fields": {"path": 9, "flow": 0.03571428571428571}, "model": "graph.pathflowassignment", "pk": 135}, {"fields": {"path": 10, "flow": 0.03571428571428571}, "model": "graph.pathflowassignment", "pk": 136}, {"fields": {"path": 11, "flow": 0.03571428571428571}, "model": "graph.pathflowassignment", "pk": 137}, {"fields": {"path": 12, "flow": 0.03571428571428571}, "model": "graph.pathflowassignment", "pk": 138}, {"fields": {"path": 13, "flow": 0.03571428571428571}, "model": "graph.pathflowassignment", "pk": 139}, {"fields": {"path": 14, "flow": 0.03571428571428571}, "model": "graph.pathflowassignment", "pk": 140}, {"fields": {"iteration": 0, "graph_cost": 1, "game_object": null}, "model": "graph.gameturn", "pk": 1}, {"fields": {"iteration": 1, "graph_cost": 2, "game_object": "game_1"}, "model": "graph.gameturn", "pk": 2}, {"fields": {"iteration": 2, "graph_cost": null, "game_object": "game_1"}, "model": "graph.gameturn", "pk": 3}, {"fields": {"iteration": 0, "graph_cost": 3, "game_object": null}, "model": "graph.gameturn", "pk": 4}, {"fields": {"iteration": 1, "graph_cost": 4, "game_object": "game_2"}, "model": "graph.gameturn", "pk": 5}, {"fields": {"iteration": 2, "graph_cost": null, "game_object": "game_2"}, "model": "graph.gameturn", "pk": 6}, {"fields": {"iteration": 0, "graph_cost": 5, "game_object": null}, "model": "graph.gameturn", "pk": 7}, {"fields": {"iteration": 1, "graph_cost": 6, "game_object": "game_3"}, "model": "graph.gameturn", "pk": 8}, {"fields": {"iteration": 2, "graph_cost": 7, "game_object": "game_3"}, "model": "graph.gameturn", "pk": 9}, {"fields": {"iteration": 3, "graph_cost": null, "game_object": "game_3"}, "model": "graph.gameturn", "pk": 10}, {"fields": {"player": 3, "path_assignments": [], "turn": 1}, "model": "graph.flowdistribution", "pk": 1}, {"fields": {"player": 2, "path_assignments": [22, 23, 24, 25, 26, 27, 28], "turn": 1}, "model": "graph.flowdistribution", "pk": 2}, {"fields": {"player": 3, "path_assignments": [], "turn": 2}, "model": "graph.flowdistribution", "pk": 3}, {"fields": {"player": 2, "path_assignments": [36, 37, 38, 39, 40, 41, 42], "turn": 2}, "model": "graph.flowdistribution", "pk": 4}, {"fields": {"player": 3, "path_assignments": [], "turn": 4}, "model": "graph.flowdistribution", "pk": 5}, {"fields": {"player": 4, "path_assignments": [64, 65, 66, 67, 68, 69, 70], "turn": 4}, "model": "graph.flowdistribution", "pk": 6}, {"fields": {"player": 3, "path_assignments": [], "turn": 5}, "model": "graph.flowdistribution", "pk": 7}, {"fields": {"player": 4, "path_assignments": [78, 79, 80, 81, 82, 83, 84], "turn": 5}, "model": "graph.flowdistribution", "pk": 8}, {"fields": {"player": 3, "path_assignments": [99, 100, 101, 102, 103, 104, 105], "turn": 7}, "model": "graph.flowdistribution", "pk": 9}, {"fields": {"player": 5, "path_assignments": [106, 107, 108, 109, 110, 111, 112], "turn": 7}, "model": "graph.flowdistribution", "pk": 10}, {"fields": {"player": 3, "path_assignments": [113, 114, 115, 116, 117, 118, 119], "turn": 8}, "model": "graph.flowdistribution", "pk": 11}, {"fields": {"player": 5, "path_assignments": [120, 121, 122, 123, 124, 125, 126], "turn": 8}, "model": "graph.flowdistribution", "pk": 12}, {"fields": {"player": 3, "path_assignments": [127, 128, 129, 130, 131, 132, 133], "turn": 9}, "model": "graph.flowdistribution", "pk": 13}, {"fields": {"player": 5, "path_assignments": [134, 135, 136, 137, 138, 139, 140], "turn": 9}, "model": "graph.flowdistribution", "pk": 14}, {"fields": {"player": 3, "learning_rate": 0.9994243755145752, "turn": 1}, "model": "graph.learningrate", "pk": 1}, {"fields": {"player": 2, "learning_rate": 1.0086742585398936, "turn": 1}, "model": "graph.learningrate", "pk": 2}, {"fields": {"edge": "13ad62e4ea5367c5c0744dbf95619c94", "cost": 0.5714285714285714}, "model": "graph.edgecost", "pk": 1}, {"fields": {"edge": "175ca831d92b39d2db28eb31e9b0a26b", "cost": 0.2857142857142857}, "model": "graph.edgecost", "pk": 2}, {"fields": {"edge": "2d730e2573a07fda1918ba3f32c92a55", "cost": 0.5714285714285714}, "model": "graph.edgecost", "pk": 3}, {"fields": {"edge": "6a286d89d27563413f4e0dfc5d7eb714", "cost": 1.1428571428571426}, "model": "graph.edgecost", "pk": 4}, {"fields": {"edge": "90dbafdb4f7a61f4e247158e8fd76ec4", "cost": 0.2857142857142857}, "model": "graph.edgecost", "pk": 5}, {"fields": {"edge": "9bd0597b19ba9d536215502225a06bf7", "cost": 0.2857142857142857}, "model": "graph.edgecost", "pk": 6}, {"fields": {"edge": "a84a1dca6589c826ec01f3c198e87d9c", "cost": 1.1428571428571426}, "model": "graph.edgecost", "pk": 7}, {"fields": {"edge": "ddc3b6fc049764ea432beec22f07866c", "cost": 0.5714285714285714}, "model": "graph.edgecost", "pk": 8}, {"fields": {"edge": "e3de3a730766ae7e1ba2564e7bebfa1e", "cost": 0.5714285714285714}, "model": "graph.edgecost", "pk": 9}, {"fields": {"edge": "13ad62e4ea5367c5c0744dbf95619c94", "cost": 0.7550030046961156}, "model": "graph.edgecost", "pk": 10}, {"fields": {"edge": "175ca831d92b39d2db28eb31e9b0a26b", "cost": 0.13813024164332185}, "model": "graph.edgecost", "pk": 11}, {"fields": {"edge": "2d730e2573a07fda1918ba3f32c92a55", "cost": 0.2396026448551999}, "model": "graph.edgecost", "pk": 12}, {"fields": {"edge": "6a286d89d27563413f4e0dfc5d7eb714", "cost": 0.8113649409012031}, "model": "graph.edgecost", "pk": 13}, {"fields": {"edge": "90dbafdb4f7a61f4e247158e8fd76ec4", "cost": 0.4336320544026814}, "model": "graph.edgecost", "pk": 14}, {"fields": {"edge": "9bd0597b19ba9d536215502225a06bf7", "cost": 0.4336320544026814}, "model": "graph.edgecost", "pk": 15}, {"fields": {"edge": "a84a1dca6589c826ec01f3c198e87d9c", "cost": 0.811364940901203}, "model": "graph.edgecost", "pk": 16}, {"fields": {"edge": "ddc3b6fc049764ea432beec22f07866c", "cost": 0.2396026448551999}, "model": "graph.edgecost", "pk": 17}, {"fields": {"edge": "e3de3a730766ae7e1ba2564e7bebfa1e", "cost": 0.7550030046961156}, "model": "graph.edgecost", "pk": 18}, {"fields": {"edge": "13ad62e4ea5367c5c0744dbf95619c94", "cost": 0.4285714285714285}, "model": "graph.edgecost", "pk": 19}, {"fields": {"edge": "175ca831d92b39d2db28eb31e9b0a26b", "cost": 0.21428571428571427}, "model": "graph.edgecost", "pk": 20}, {"fields": {"edge": "2d730e2573a07fda1918ba3f32c92a55", "cost": 0.4285714285714285}, "model": "graph.edgecost", "pk": 21}, {"fields": {"edge": "6a286d89d27563413f4e0dfc5d7eb714", "cost": 0.857142857142857}, "model": "graph.edgecost", "pk": 22}, {"fields": {"edge": "90dbafdb4f7a61f4e247158e8fd76ec4", "cost": 0.21428571428571427}, "model": "graph.edgecost", "pk": 23}, {"fields": {"edge": "9bd0597b19ba9d536215502225a06bf7", "cost": 0.21428571428571427}, "model": "graph.edgecost", "pk": 24}, {"fields": {"edge": "a84a1dca6589c826ec01f3c198e87d9c", "cost": 0.857142857142857}, "model": "graph.edgecost", "pk": 25}, {"fields": {"edge": "ddc3b6fc049764ea432beec22f07866c", "cost": 0.4285714285714285}, "model": "graph.edgecost", "pk": 26}, {"fields": {"edge": "e3de3a730766ae7e1ba2564e7bebfa1e", "cost": 0.4285714285714285}, "model": "graph.edgecost", "pk": 27}, {"fields": {"edge": "13ad62e4ea5367c5c0744dbf95619c94", "cost": 0.5002376072053675}, "model": "graph.edgecost", "pk": 28}, {"fields": {"edge": "175ca831d92b39d2db28eb31e9b0a26b", "cost": 0.15736783083855993}, "model": "graph.edgecost", "pk": 29}, {"fields": {"edge": "2d730e2573a07fda1918ba3f32c92a55", "cost": 0.2945197075019487}, "model": "graph.edgecost", "pk": 30}, {"fields": {"edge": "6a286d89d27563413f4e0dfc5d7eb714", "cost": 0.7258249655675705}, "model": "graph.edgecost", "pk": 31}, {"fields": {"edge": "90dbafdb4f7a61f4e247158e8fd76ec4", "cost": 0.2739374272270618}, "model": "graph.edgecost", "pk": 32}, {"fields": {"edge": "9bd0597b19ba9d536215502225a06bf7", "cost": 0.2739374272270618}, "model": "graph.edgecost", "pk": 33}, {"fields": {"edge": "a84a1dca6589c826ec01f3c198e87d9c", "cost": 0.7258249655675705}, "model": "graph.edgecost", "pk": 34}, {"fields": {"edge": "ddc3b6fc049764ea432beec22f07866c", "cost": 0.2945197075019487}, "model": "graph.edgecost", "pk": 35}, {"fields": {"edge": "e3de3a730766ae7e1ba2564e7bebfa1e", "cost": 0.5002376072053675}, "model": "graph.edgecost", "pk": 36}, {"fields": {"edge": "13ad62e4ea5367c5c0744dbf95619c94", "cost": 0.14285714285714285}, "model": "graph.edgecost", "pk": 37}, {"fields": {"edge": "175ca831d92b39d2db28eb31e9b0a26b", "cost": 0.07142857142857142}, "model": "graph.edgecost", "pk": 38}, {"fields": {"edge": "2d730e2573a07fda1918ba3f32c92a55", "cost": 0.14285714285714285}, "model": "graph.edgecost", "pk": 39}, {"fields": {"edge": "6a286d89d27563413f4e0dfc5d7eb714", "cost": 0.28571428571428564}, "model": "graph.edgecost", "pk": 40}, {"fields": {"edge": "90dbafdb4f7a61f4e247158e8fd76ec4", "cost": 0.07142857142857142}, "model": "graph.edgecost", "pk": 41}, {"fields": {"edge": "9bd0597b19ba9d536215502225a06bf7", "cost": 0.07142857142857142}, "model": "graph.edgecost", "pk": 42}, {"fields": {"edge": "a84a1dca6589c826ec01f3c198e87d9c", "cost": 0.28571428571428564}, "model": "graph.edgecost", "pk": 43}, {"fields": {"edge": "ddc3b6fc049764ea432beec22f07866c", "cost": 0.14285714285714285}, "model": "graph.edgecost", "pk": 44}, {"fields": {"edge": "e3de3a730766ae7e1ba2564e7bebfa1e", "cost": 0.14285714285714285}, "model": "graph.edgecost", "pk": 45}, {"fields": {"edge": "13ad62e4ea5367c5c0744dbf95619c94", "cost": 0.14921018509010123}, "model": "graph.edgecost", "pk": 46}, {"fields": {"edge": "175ca831d92b39d2db28eb31e9b0a26b", "cost": 0.06678614671234627}, "model": "graph.edgecost", "pk": 47}, {"fields": {"edge": "2d730e2573a07fda1918ba3f32c92a55", "cost": 0.12987968791396554}, "model": "graph.edgecost", "pk": 48}, {"fields": {"edge": "6a286d89d27563413f4e0dfc5d7eb714", "cost": 0.27372782476810525}, "model": "graph.edgecost", "pk": 49}, {"fields": {"edge": "90dbafdb4f7a61f4e247158e8fd76ec4", "cost": 0.07706199014179349}, "model": "graph.edgecost", "pk": 50}, {"fields": {"edge": "9bd0597b19ba9d536215502225a06bf7", "cost": 0.07706199014179349}, "model": "graph.edgecost", "pk": 51}, {"fields": {"edge": "a84a1dca6589c826ec01f3c198e87d9c", "cost": 0.27372782476810525}, "model": "graph.edgecost", "pk": 52}, {"fields": {"edge": "ddc3b6fc049764ea432beec22f07866c", "cost": 0.12987968791396554}, "model": "graph.edgecost", "pk": 53}, {"fields": {"edge": "e3de3a730766ae7e1ba2564e7bebfa1e", "cost": 0.14921018509010123}, "model": "graph.edgecost", "pk": 54}, {"fields": {"edge": "13ad62e4ea5367c5c0744dbf95619c94", "cost": 0.1527568349122161}, "model": "graph.edgecost", "pk": 55}, {"fields": {"edge": "175ca831d92b39d2db28eb31e9b0a26b", "cost": 0.0636757586357948}, "model": "graph.edgecost", "pk": 56}, {"fields": {"edge": "2d730e2573a07fda1918ba3f32c92a55", "cost": 0.12248304843848015}, "model": "graph.edgecost", "pk": 57}, {"fields": {"edge": "6a286d89d27563413f4e0dfc5d7eb714", "cost": 0.2667009860810294}, "model": "graph.edgecost", "pk": 58}, {"fields": {"edge": "90dbafdb4f7a61f4e247158e8fd76ec4", "cost": 0.08054217900675448}, "model": "graph.edgecost", "pk": 59}, {"fields": {"edge": "9bd0597b19ba9d536215502225a06bf7", "cost": 0.08054217900675448}, "model": "graph.edgecost", "pk": 60}, {"fields": {"edge": "a84a1dca6589c826ec01f3c198e87d9c", "cost": 0.2667009860810294}, "model": "graph.edgecost", "pk": 61}, {"fields": {"edge": "ddc3b6fc049764ea432beec22f07866c", "cost": 0.12248304843848015}, "model": "graph.edgecost", "pk": 62}, {"fields": {"edge": "e3de3a730766ae7e1ba2564e7bebfa1e", "cost": 0.1527568349122161}, "model": "graph.edgecost", "pk": 63}, {"fields": {"graph": "G1", "edge_costs": [1, 2, 3, 4, 5, 6, 7, 8, 9]}, "model": "graph.graphcost", "pk": 1}, {"fields": {"graph": "G1", "edge_costs": [10, 11, 12, 13, 14, 15, 16, 17, 18]}, "model": "graph.graphcost", "pk": 2}, {"fields": {"graph": "G1", "edge_costs": [19, 20, 21, 22, 23, 24, 25, 26, 27]}, "model": "graph.graphcost", "pk": 3}, {"fields": {"graph": "G1", "edge_costs": [28, 29, 30, 31, 32, 33, 34, 35, 36]}, "model": "graph.graphcost", "pk": 4}, {"fields": {"graph": "G1", "edge_costs": [37, 38, 39, 40, 41, 42, 43, 44, 45]}, "model": "graph.graphcost", "pk": 5}, {"fields": {"graph": "G1", "edge_costs": [46, 47, 48, 49, 50, 51, 52, 53, 54]}, "model": "graph.graphcost", "pk": 6}, {"fields": {"graph": "G1", "edge_costs": [55, 56, 57, 58, 59, 60, 61, 62, 63]}, "model": "graph.graphcost", "pk": 7}, {"fields": {"current_turn": 3, "single_slider_mode": false, "started": true, "graph": "useless_2", "game_loop_time": "2016-05-27T20:55:35.129Z", "currently_in_use": false, "edge_highlight": true, "stopped": true, "turns": [1, 2], "duration": 30}, "model": "graph.game", "pk": "game_1"}, {"fields": {"current_turn": 6, "single_slider_mode": false, "started": true, "graph": "useless_3", "game_loop_time": "2016-05-27T20:57:34.995Z", "currently_in_use": false, "edge_highlight": true, "stopped": true, "turns": [4, 5], "duration": 30}, "model": "graph.game", "pk": "game_2"}, {"fields": {"current_turn": 10, "single_slider_mode": false, "started": true, "graph": "G1", "game_loop_time": "2016-05-27T21:00:05.182Z", "currently_in_use": true, "edge_highlight": true, "stopped": false, "turns": [7, 8, 9], "duration": 30}, "model": "graph.game", "pk": "game_3"}, {"fields": {"codename": "add_permission", "name": "Can add permission", "content_type": 1}, "model": "auth.permission", "pk": 1}, {"fields": {"codename": "change_permission", "name": "Can change permission", "content_type": 1}, "model": "auth.permission", "pk": 2}, {"fields": {"codename": "delete_permission", "name": "Can delete permission", "content_type": 1}, "model": "auth.permission", "pk": 3}, {"fields": {"codename": "add_group", "name": "Can add group", "content_type": 2}, "model": "auth.permission", "pk": 4}, {"fields": {"codename": "change_group", "name": "Can change group", "content_type": 2}, "model": "auth.permission", "pk": 5}, {"fields": {"codename": "delete_group", "name": "Can delete group", "content_type": 2}, "model": "auth.permission", "pk": 6}, {"fields": {"codename": "add_user", "name": "Can add user", "content_type": 3}, "model": "auth.permission", "pk": 7}, {"fields": {"codename": "change_user", "name": "Can change user", "content_type": 3}, "model": "auth.permission", "pk": 8}, {"fields": {"codename": "delete_user", "name": "Can delete user", "content_type": 3}, "model": "auth.permission", "pk": 9}, {"fields": {"codename": "add_contenttype", "name": "Can add content type", "content_type": 4}, "model": "auth.permission", "pk": 10}, {"fields": {"codename": "change_contenttype", "name": "Can change content type", "content_type": 4}, "model": "auth.permission", "pk": 11}, {"fields": {"codename": "delete_contenttype", "name": "Can delete content type", "content_type": 4}, "model": "auth.permission", "pk": 12}, {"fields": {"codename": "add_session", "name": "Can add session", "content_type": 5}, "model": "auth.permission", "pk": 13}, {"fields": {"codename": "change_session", "name": "Can change session", "content_type": 5}, "model": "auth.permission", "pk": 14}, {"fields": {"codename": "delete_session", "name": "Can delete session", "content_type": 5}, "model": "auth.permission", "pk": 15}, {"fields": {"codename": "add_taskmeta", "name": "Can add task state", "content_type": 6}, "model": "auth.permission", "pk": 16}, {"fields": {"codename": "change_taskmeta", "name": "Can change task state", "content_type": 6}, "model": "auth.permission", "pk": 17}, {"fields": {"codename": "delete_taskmeta", "name": "Can delete task state", "content_type": 6}, "model": "auth.permission", "pk": 18}, {"fields": {"codename": "add_tasksetmeta", "name": "Can add saved group result", "content_type": 7}, "model": "auth.permission", "pk": 19}, {"fields": {"codename": "change_tasksetmeta", "name": "Can change saved group result", "content_type": 7}, "model": "auth.permission", "pk": 20}, {"fields": {"codename": "delete_tasksetmeta", "name": "Can delete saved group result", "content_type": 7}, "model": "auth.permission", "pk": 21}, {"fields": {"codename": "add_intervalschedule", "name": "Can add interval", "content_type": 8}, "model": "auth.permission", "pk": 22}, {"fields": {"codename": "change_intervalschedule", "name": "Can change interval", "content_type": 8}, "model": "auth.permission", "pk": 23}, {"fields": {"codename": "delete_intervalschedule", "name": "Can delete interval", "content_type": 8}, "model": "auth.permission", "pk": 24}, {"fields": {"codename": "add_crontabschedule", "name": "Can add crontab", "content_type": 9}, "model": "auth.permission", "pk": 25}, {"fields": {"codename": "change_crontabschedule", "name": "Can change crontab", "content_type": 9}, "model": "auth.permission", "pk": 26}, {"fields": {"codename": "delete_crontabschedule", "name": "Can delete crontab", "content_type": 9}, "model": "auth.permission", "pk": 27}, {"fields": {"codename": "add_periodictasks", "name": "Can add periodic tasks", "content_type": 10}, "model": "auth.permission", "pk": 28}, {"fields": {"codename": "change_periodictasks", "name": "Can change periodic tasks", "content_type": 10}, "model": "auth.permission", "pk": 29}, {"fields": {"codename": "delete_periodictasks", "name": "Can delete periodic tasks", "content_type": 10}, "model": "auth.permission", "pk": 30}, {"fields": {"codename": "add_periodictask", "name": "Can add periodic task", "content_type": 11}, "model": "auth.permission", "pk": 31}, {"fields": {"codename": "change_periodictask", "name": "Can change periodic task", "content_type": 11}, "model": "auth.permission", "pk": 32}, {"fields": {"codename": "delete_periodictask", "name": "Can delete periodic task", "content_type": 11}, "model": "auth.permission", "pk": 33}, {"fields": {"codename": "add_workerstate", "name": "Can add worker", "content_type": 12}, "model": "auth.permission", "pk": 34}, {"fields": {"codename": "change_workerstate", "name": "Can change worker", "content_type": 12}, "model": "auth.permission", "pk": 35}, {"fields": {"codename": "delete_workerstate", "name": "Can delete worker", "content_type": 12}, "model": "auth.permission", "pk": 36}, {"fields": {"codename": "add_taskstate", "name": "Can add task", "content_type": 13}, "model": "auth.permission", "pk": 37}, {"fields": {"codename": "change_taskstate", "name": "Can change task", "content_type": 13}, "model": "auth.permission", "pk": 38}, {"fields": {"codename": "delete_taskstate", "name": "Can delete task", "content_type": 13}, "model": "auth.permission", "pk": 39}, {"fields": {"codename": "add_user", "name": "Can add user", "content_type": 14}, "model": "auth.permission", "pk": 40}, {"fields": {"codename": "change_user", "name": "Can change user", "content_type": 14}, "model": "auth.permission", "pk": 41}, {"fields": {"codename": "delete_user", "name": "Can delete user", "content_type": 14}, "model": "auth.permission", "pk": 42}, {"fields": {"codename": "add_graph", "name": "Can add graph", "content_type": 15}, "model": "auth.permission", "pk": 43}, {"fields": {"codename": "change_graph", "name": "Can change graph", "content_type": 15}, "model": "auth.permission", "pk": 44}, {"fields": {"codename": "delete_graph", "name": "Can delete graph", "content_type": 15}, "model": "auth.permission", "pk": 45}, {"fields": {"codename": "add_node", "name": "Can add node", "content_type": 16}, "model": "auth.permission", "pk": 46}, {"fields": {"codename": "change_node", "name": "Can change node", "content_type": 16}, "model": "auth.permission", "pk": 47}, {"fields": {"codename": "delete_node", "name": "Can delete node", "content_type": 16}, "model": "auth.permission", "pk": 48}, {"fields": {"codename": "add_playermodel", "name": "Can add player model", "content_type": 17}, "model": "auth.permission", "pk": 49}, {"fields": {"codename": "change_playermodel", "name": "Can change player model", "content_type": 17}, "model": "auth.permission", "pk": 50}, {"fields": {"codename": "delete_playermodel", "name": "Can delete player model", "content_type": 17}, "model": "auth.permission", "pk": 51}, {"fields": {"codename": "add_player", "name": "Can add player", "content_type": 18}, "model": "auth.permission", "pk": 52}, {"fields": {"codename": "change_player", "name": "Can change player", "content_type": 18}, "model": "auth.permission", "pk": 53}, {"fields": {"codename": "delete_player", "name": "Can delete player", "content_type": 18}, "model": "auth.permission", "pk": 54}, {"fields": {"codename": "add_edge", "name": "Can add edge", "content_type": 19}, "model": "auth.permission", "pk": 55}, {"fields": {"codename": "change_edge", "name": "Can change edge", "content_type": 19}, "model": "auth.permission", "pk": 56}, {"fields": {"codename": "delete_edge", "name": "Can delete edge", "content_type": 19}, "model": "auth.permission", "pk": 57}, {"fields": {"codename": "add_path", "name": "Can add path", "content_type": 20}, "model": "auth.permission", "pk": 58}, {"fields": {"codename": "change_path", "name": "Can change path", "content_type": 20}, "model": "auth.permission", "pk": 59}, {"fields": {"codename": "delete_path", "name": "Can delete path", "content_type": 20}, "model": "auth.permission", "pk": 60}, {"fields": {"codename": "add_pathflowassignment", "name": "Can add path flow assignment", "content_type": 21}, "model": "auth.permission", "pk": 61}, {"fields": {"codename": "change_pathflowassignment", "name": "Can change path flow assignment", "content_type": 21}, "model": "auth.permission", "pk": 62}, {"fields": {"codename": "delete_pathflowassignment", "name": "Can delete path flow assignment", "content_type": 21}, "model": "auth.permission", "pk": 63}, {"fields": {"codename": "add_gameturn", "name": "Can add game turn", "content_type": 22}, "model": "auth.permission", "pk": 64}, {"fields": {"codename": "change_gameturn", "name": "Can change game turn", "content_type": 22}, "model": "auth.permission", "pk": 65}, {"fields": {"codename": "delete_gameturn", "name": "Can delete game turn", "content_type": 22}, "model": "auth.permission", "pk": 66}, {"fields": {"codename": "add_flowdistribution", "name": "Can add flow distribution", "content_type": 23}, "model": "auth.permission", "pk": 67}, {"fields": {"codename": "change_flowdistribution", "name": "Can change flow distribution", "content_type": 23}, "model": "auth.permission", "pk": 68}, {"fields": {"codename": "delete_flowdistribution", "name": "Can delete flow distribution", "content_type": 23}, "model": "auth.permission", "pk": 69}, {"fields": {"codename": "add_learningrate", "name": "Can add learning rate", "content_type": 24}, "model": "auth.permission", "pk": 70}, {"fields": {"codename": "change_learningrate", "name": "Can change learning rate", "content_type": 24}, "model": "auth.permission", "pk": 71}, {"fields": {"codename": "delete_learningrate", "name": "Can delete learning rate", "content_type": 24}, "model": "auth.permission", "pk": 72}, {"fields": {"codename": "add_edgecost", "name": "Can add edge cost", "content_type": 25}, "model": "auth.permission", "pk": 73}, {"fields": {"codename": "change_edgecost", "name": "Can change edge cost", "content_type": 25}, "model": "auth.permission", "pk": 74}, {"fields": {"codename": "delete_edgecost", "name": "Can delete edge cost", "content_type": 25}, "model": "auth.permission", "pk": 75}, {"fields": {"codename": "add_graphcost", "name": "Can add graph cost", "content_type": 26}, "model": "auth.permission", "pk": 76}, {"fields": {"codename": "change_graphcost", "name": "Can change graph cost", "content_type": 26}, "model": "auth.permission", "pk": 77}, {"fields": {"codename": "delete_graphcost", "name": "Can delete graph cost", "content_type": 26}, "model": "auth.permission", "pk": 78}, {"fields": {"codename": "add_game", "name": "Can add game", "content_type": 27}, "model": "auth.permission", "pk": 79}, {"fields": {"codename": "change_game", "name": "Can change game", "content_type": 27}, "model": "auth.permission", "pk": 80}, {"fields": {"codename": "delete_game", "name": "Can delete game", "content_type": 27}, "model": "auth.permission", "pk": 81}, {"fields": {"codename": "add_request", "name": "Can add request", "content_type": 28}, "model": "auth.permission", "pk": 82}, {"fields": {"codename": "change_request", "name": "Can change request", "content_type": 28}, "model": "auth.permission", "pk": 83}, {"fields": {"codename": "delete_request", "name": "Can delete request", "content_type": 28}, "model": "auth.permission", "pk": 84}, {"fields": {"codename": "add_response", "name": "Can add response", "content_type": 29}, "model": "auth.permission", "pk": 85}, {"fields": {"codename": "change_response", "name": "Can change response", "content_type": 29}, "model": "auth.permission", "pk": 86}, {"fields": {"codename": "delete_response", "name": "Can delete response", "content_type": 29}, "model": "auth.permission", "pk": 87}, {"fields": {"codename": "add_sqlquery", "name": "Can add sql query", "content_type": 30}, "model": "auth.permission", "pk": 88}, {"fields": {"codename": "change_sqlquery", "name": "Can change sql query", "content_type": 30}, "model": "auth.permission", "pk": 89}, {"fields": {"codename": "delete_sqlquery", "name": "Can delete sql query", "content_type": 30}, "model": "auth.permission", "pk": 90}, {"fields": {"codename": "add_profile", "name": "Can add profile", "content_type": 31}, "model": "auth.permission", "pk": 91}, {"fields": {"codename": "change_profile", "name": "Can change profile", "content_type": 31}, "model": "auth.permission", "pk": 92}, {"fields": {"codename": "delete_profile", "name": "Can delete profile", "content_type": 31}, "model": "auth.permission", "pk": 93}, {"fields": {"username": "admin", "first_name": "", "last_name": "", "is_active": true, "is_superuser": false, "is_staff": false, "last_login": "2016-05-27T20:52:31.398Z", "groups": [], "user_permissions": [], "password": "pbkdf2_sha256$15000$Nk7Nl5DR55io$F6IdWixYAt1Aoh5t5LvxCfey5PG2SzHPkEkVDK0tLKQ=", "email": "", "date_joined": "2016-05-26T18:43:19.210Z"}, "model": "auth.user", "pk": 1}, {"fields": {"username": "user_1", "first_name": "", "last_name": "", "is_active": true, "is_superuser": false, "is_staff": false, "last_login": "2016-05-27T20:55:03.306Z", "groups": [], "user_permissions": [], "password": "pbkdf2_sha256$15000$gtWMHbmN0n7C$wymqyg1JfKnpI5WGTIbfgjFtMfESTqfrSPjWJiv4zuw=", "email": "", "date_joined": "2016-05-26T19:18:03.461Z"}, "model": "auth.user", "pk": 2}, {"fields": {"username": "ai_player", "first_name": "", "last_name": "", "is_active": true, "is_superuser": false, "is_staff": false, "last_login": "2016-05-26T21:23:56.185Z", "groups": [], "user_permissions": [], "password": "ai_lab", "email": "", "date_joined": "2016-05-26T21:23:56.185Z"}, "model": "auth.user", "pk": 3}, {"fields": {"username": "user_3", "first_name": "", "last_name": "", "is_active": true, "is_superuser": false, "is_staff": false, "last_login": "2016-05-27T20:54:03.258Z", "groups": [], "user_permissions": [], "password": "pbkdf2_sha256$15000$JIAVSI08uoEJ$qUe1RC1hI+A8Cl8142hQ5WXJptnFru7027kTTRVDcnk=", "email": "", "date_joined": "2016-05-27T20:53:14.413Z"}, "model": "auth.user", "pk": 4}, {"fields": {"username": "user_2", "first_name": "", "last_name": "", "is_active": true, "is_superuser": false, "is_staff": false, "last_login": "2016-05-27T20:53:53.783Z", "groups": [], "user_permissions": [], "password": "pbkdf2_sha256$15000$yjcVfx4Gblgp$FGTkF5H+Q9x7LkqPU00nKeB+lA+mFSbX8Pbp3607Nhg=", "email": "", "date_joined": "2016-05-27T20:53:30.100Z"}, "model": "auth.user", "pk": 5}, {"fields": {"username": "user_4", "first_name": "", "last_name": "", "is_active": true, "is_superuser": false, "is_staff": false, "last_login": "2016-05-27T20:53:50.014Z", "groups": [], "user_permissions": [], "password": "pbkdf2_sha256$15000$jdU3xYCDlC9y$URHe0ByARrr51Kck+yhEWA54Mll1HqkV+1J2/yTZrns=", "email": "", "date_joined": "2016-05-27T20:53:43.993Z"}, "model": "auth.user", "pk": 6}, {"fields": {"username": "user_5", "first_name": "", "last_name": "", "is_active": true, "is_superuser": false, "is_staff": false, "last_login": "2016-05-27T20:57:38.129Z", "groups": [], "user_permissions": [], "password": "pbkdf2_sha256$15000$EnHyRSmiiRH1$cDlPPN6IOOU1uEcrHTZq9pnF49cq8DNauTPSrtEGslM=", "email": "", "date_joined": "2016-05-27T20:57:33.755Z"}, "model": "auth.user", "pk": 7}, {"fields": {"superuser": true, "rank": -3, "tested": false, "game": "game_3", "user": 1, "is_a_bot": false, "player_model": null}, "model": "graph.player", "pk": 1}, {"fields": {"superuser": false, "rank": 0, "tested": true, "game": "game_1", "user": 2, "is_a_bot": true, "player_model": "G1_PM2"}, "model": "graph.player", "pk": 2}, {"fields": {"superuser": false, "rank": 0, "tested": true, "game": "game_3", "user": 3, "is_a_bot": true, "player_model": "G1_PM2"}, "model": "graph.player", "pk": 3}, {"fields": {"superuser": false, "rank": 1, "tested": true, "game": "game_2", "user": 4, "is_a_bot": false, "player_model": "G1_PM2"}, "model": "graph.player", "pk": 4}, {"fields": {"superuser": false, "rank": 1, "tested": true, "game": "game_3", "user": 5, "is_a_bot": false, "player_model": "G1_PM2"}, "model": "graph.player", "pk": 5}, {"fields": {"superuser": false, "rank": 1, "tested": false, "game": null, "user": 6, "is_a_bot": false, "player_model": null}, "model": "graph.player", "pk": 6}, {"fields": {"superuser": false, "rank": 2, "tested": false, "game": null, "user": 7, "is_a_bot": false, "player_model": null}, "model": "graph.player", "pk": 7}]