[{"fields": {"model": "permission", "name": "permission", "app_label": "auth"}, "model": "contenttypes.contenttype", "pk": 1}, {"fields": {"model": "group", "name": "group", "app_label": "auth"}, "model": "contenttypes.contenttype", "pk": 2}, {"fields": {"model": "user", "name": "user", "app_label": "auth"}, "model": "contenttypes.contenttype", "pk": 3}, {"fields": {"model": "contenttype", "name": "content type", "app_label": "contenttypes"}, "model": "contenttypes.contenttype", "pk": 4}, {"fields": {"model": "session", "name": "session", "app_label": "sessions"}, "model": "contenttypes.contenttype", "pk": 5}, {"fields": {"model": "taskmeta", "name": "task state", "app_label": "djcelery"}, "model": "contenttypes.contenttype", "pk": 6}, {"fields": {"model": "tasksetmeta", "name": "saved group result", "app_label": "djcelery"}, "model": "contenttypes.contenttype", "pk": 7}, {"fields": {"model": "intervalschedule", "name": "interval", "app_label": "djcelery"}, "model": "contenttypes.contenttype", "pk": 8}, {"fields": {"model": "crontabschedule", "name": "crontab", "app_label": "djcelery"}, "model": "contenttypes.contenttype", "pk": 9}, {"fields": {"model": "periodictasks", "name": "periodic tasks", "app_label": "djcelery"}, "model": "contenttypes.contenttype", "pk": 10}, {"fields": {"model": "periodictask", "name": "periodic task", "app_label": "djcelery"}, "model": "contenttypes.contenttype", "pk": 11}, {"fields": {"model": "workerstate", "name": "worker", "app_label": "djcelery"}, "model": "contenttypes.contenttype", "pk": 12}, {"fields": {"model": "taskstate", "name": "task", "app_label": "djcelery"}, "model": "contenttypes.contenttype", "pk": 13}, {"fields": {"model": "user", "name": "user", "app_label": "id_counter"}, "model": "contenttypes.contenttype", "pk": 14}, {"fields": {"model": "graph", "name": "graph", "app_label": "graph"}, "model": "contenttypes.contenttype", "pk": 15}, {"fields": {"model": "node", "name": "node", "app_label": "graph"}, "model": "contenttypes.contenttype", "pk": 16}, {"fields": {"model": "playermodel", "name": "player model", "app_label": "graph"}, "model": "contenttypes.contenttype", "pk": 17}, {"fields": {"model": "player", "name": "player", "app_label": "graph"}, "model": "contenttypes.contenttype", "pk": 18}, {"fields": {"model": "edge", "name": "edge", "app_label": "graph"}, "model": "contenttypes.contenttype", "pk": 19}, {"fields": {"model": "path", "name": "path", "app_label": "graph"}, "model": "contenttypes.contenttype", "pk": 20}, {"fields": {"model": "pathflowassignment", "name": "path flow assignment", "app_label": "graph"}, "model": "contenttypes.contenttype", "pk": 21}, {"fields": {"model": "gameturn", "name": "game turn", "app_label": "graph"}, "model": "contenttypes.contenttype", "pk": 22}, {"fields": {"model": "flowdistribution", "name": "flow distribution", "app_label": "graph"}, "model": "contenttypes.contenttype", "pk": 23}, {"fields": {"model": "learningrate", "name": "learning rate", "app_label": "graph"}, "model": "contenttypes.contenttype", "pk": 24}, {"fields": {"model": "edgecost", "name": "edge cost", "app_label": "graph"}, "model": "contenttypes.contenttype", "pk": 25}, {"fields": {"model": "graphcost", "name": "graph cost", "app_label": "graph"}, "model": "contenttypes.contenttype", "pk": 26}, {"fields": {"model": "game", "name": "game", "app_label": "graph"}, "model": "contenttypes.contenttype", "pk": 27}, {"fields": {"model": "request", "name": "request", "app_label": "silk"}, "model": "contenttypes.contenttype", "pk": 28}, {"fields": {"model": "response", "name": "response", "app_label": "silk"}, "model": "contenttypes.contenttype", "pk": 29}, {"fields": {"model": "sqlquery", "name": "sql query", "app_label": "silk"}, "model": "contenttypes.contenttype", "pk": 30}, {"fields": {"model": "profile", "name": "profile", "app_label": "silk"}, "model": "contenttypes.contenttype", "pk": 31}, {"fields": {"expire_date": "2016-06-09T21:40:14.769Z", "session_data": "Y2JiNGM2MmU3ZDdkMjA4ZDhhMTg3NjVmZDVlOTAwNzllMWY0YTQyNDp7Il9hdXRoX3VzZXJfaGFzaCI6IjY5ZjhiYzRkYmE5MDQyYzZhODM3NWQ3ZDFlZTUzNGNkOTQyMzEyODQiLCJfYXV0aF91c2VyX2JhY2tlbmQiOiJkamFuZ28uY29udHJpYi5hdXRoLmJhY2tlbmRzLk1vZGVsQmFja2VuZCIsIl9hdXRoX3VzZXJfaWQiOjR9"}, "model": "sessions.session", "pk": "0nz6p5pymdmr7uuivl6khe745y7wo7qj"}, {"fields": {"expire_date": "2016-06-09T21:35:19.135Z", "session_data": "ZjRlMWI5OTgxZDA3OTlmNzczNjgxOTg0YjMyMmFhM2NiNmJiNzE5MDp7fQ=="}, "model": "sessions.session", "pk": "0upgkdud7yenb0q0yrnnhqr5uc91l0u5"}, {"fields": {"expire_date": "2016-06-09T21:23:04.861Z", "session_data": "ZjRlMWI5OTgxZDA3OTlmNzczNjgxOTg0YjMyMmFhM2NiNmJiNzE5MDp7fQ=="}, "model": "sessions.session", "pk": "1q6kw1ylhbqyrv5c94uwmpob000y4ah6"}, {"fields": {"expire_date": "2016-06-09T21:35:25.309Z", "session_data": "ZjRlMWI5OTgxZDA3OTlmNzczNjgxOTg0YjMyMmFhM2NiNmJiNzE5MDp7fQ=="}, "model": "sessions.session", "pk": "26gs5nq6dyn3upf4otkkzk9b3ui1u3hw"}, {"fields": {"expire_date": "2016-06-09T21:35:25.015Z", "session_data": "ZjRlMWI5OTgxZDA3OTlmNzczNjgxOTg0YjMyMmFhM2NiNmJiNzE5MDp7fQ=="}, "model": "sessions.session", "pk": "3fzmvim8strb7cug8gs68yg4lv3bauyk"}, {"fields": {"expire_date": "2016-06-09T21:35:24.905Z", "session_data": "ZjRlMWI5OTgxZDA3OTlmNzczNjgxOTg0YjMyMmFhM2NiNmJiNzE5MDp7fQ=="}, "model": "sessions.session", "pk": "45uyk7hvdnfgwl8s873sx5wxvhk349sz"}, {"fields": {"expire_date": "2016-06-09T21:23:42.400Z", "session_data": "NDk0OWM0OTM1NDZmYzc2NjgyMjUyNTkxMmQyMTA5NzU5YzBlNTExOTp7Il9hdXRoX3VzZXJfaGFzaCI6ImVjYTI2YmQyN2RlZTY0MmVlY2QwOWM0YzM5NTQwNDMyNDliMDlmNWIiLCJfYXV0aF91c2VyX2JhY2tlbmQiOiJkamFuZ28uY29udHJpYi5hdXRoLmJhY2tlbmRzLk1vZGVsQmFja2VuZCIsIl9hdXRoX3VzZXJfaWQiOjF9"}, "model": "sessions.session", "pk": "6un6qdkjo2x2pa1byznphreldxjpc5ko"}, {"fields": {"expire_date": "2016-06-09T21:37:31.012Z", "session_data": "NDk0OWM0OTM1NDZmYzc2NjgyMjUyNTkxMmQyMTA5NzU5YzBlNTExOTp7Il9hdXRoX3VzZXJfaGFzaCI6ImVjYTI2YmQyN2RlZTY0MmVlY2QwOWM0YzM5NTQwNDMyNDliMDlmNWIiLCJfYXV0aF91c2VyX2JhY2tlbmQiOiJkamFuZ28uY29udHJpYi5hdXRoLmJhY2tlbmRzLk1vZGVsQmFja2VuZCIsIl9hdXRoX3VzZXJfaWQiOjF9"}, "model": "sessions.session", "pk": "d1uwdkjctzz0ltxire5czdj7veb57lah"}, {"fields": {"expire_date": "2016-06-09T19:17:49.724Z", "session_data": "ZjRlMWI5OTgxZDA3OTlmNzczNjgxOTg0YjMyMmFhM2NiNmJiNzE5MDp7fQ=="}, "model": "sessions.session", "pk": "ekq42kbym1cdbl1nvhniou7ww1kbrmzf"}, {"fields": {"expire_date": "2016-06-09T21:35:19.799Z", "session_data": "ZjRlMWI5OTgxZDA3OTlmNzczNjgxOTg0YjMyMmFhM2NiNmJiNzE5MDp7fQ=="}, "model": "sessions.session", "pk": "fkzqjhk0qjyiuo0ues6at5476whbptnx"}, {"fields": {"expire_date": "2016-06-09T21:35:19.135Z", "session_data": "ZjRlMWI5OTgxZDA3OTlmNzczNjgxOTg0YjMyMmFhM2NiNmJiNzE5MDp7fQ=="}, "model": "sessions.session", "pk": "fwx2yx8b1pz46t6ucxej95og5nok73tv"}, {"fields": {"expire_date": "2016-06-09T19:17:54.760Z", "session_data": "ZjRlMWI5OTgxZDA3OTlmNzczNjgxOTg0YjMyMmFhM2NiNmJiNzE5MDp7fQ=="}, "model": "sessions.session", "pk": "g6wm3xhnwwcpi6hacmi4s7er5yukj2pv"}, {"fields": {"expire_date": "2016-06-09T18:43:22.022Z", "session_data": "NDk0OWM0OTM1NDZmYzc2NjgyMjUyNTkxMmQyMTA5NzU5YzBlNTExOTp7Il9hdXRoX3VzZXJfaGFzaCI6ImVjYTI2YmQyN2RlZTY0MmVlY2QwOWM0YzM5NTQwNDMyNDliMDlmNWIiLCJfYXV0aF91c2VyX2JhY2tlbmQiOiJkamFuZ28uY29udHJpYi5hdXRoLmJhY2tlbmRzLk1vZGVsQmFja2VuZCIsIl9hdXRoX3VzZXJfaWQiOjF9"}, "model": "sessions.session", "pk": "j0kzien9288wr7ovk8j9rjzu7qftocg7"}, {"fields": {"expire_date": "2016-06-09T21:40:33.367Z", "session_data": "OGJiNzdiY2YwYTBmNjhhM2U1ZDBmMjA1OTJhNGFhZmZkMmY3NTU3Njp7Il9hdXRoX3VzZXJfaGFzaCI6ImU5ODRjYmEzNjYyZWRiMmE2MzQxODNkODY3NDJkY2Y1NjdhNzNjNGMiLCJfYXV0aF91c2VyX2JhY2tlbmQiOiJkamFuZ28uY29udHJpYi5hdXRoLmJhY2tlbmRzLk1vZGVsQmFja2VuZCIsIl9hdXRoX3VzZXJfaWQiOjJ9"}, "model": "sessions.session", "pk": "lb3i52x0cj87msm14fn8bp2cirb9rz2p"}, {"fields": {"expire_date": "2016-06-09T21:23:04.036Z", "session_data": "ZjRlMWI5OTgxZDA3OTlmNzczNjgxOTg0YjMyMmFhM2NiNmJiNzE5MDp7fQ=="}, "model": "sessions.session", "pk": "nlwvxnvyrcfsz6docou9mogf64ozphuq"}, {"fields": {"expire_date": "2016-06-09T21:35:24.952Z", "session_data": "ZjRlMWI5OTgxZDA3OTlmNzczNjgxOTg0YjMyMmFhM2NiNmJiNzE5MDp7fQ=="}, "model": "sessions.session", "pk": "ols32fapb0vfeu2kq95bl4xo1x3q28hm"}, {"fields": {"expire_date": "2016-06-09T21:35:19.001Z", "session_data": "ZjRlMWI5OTgxZDA3OTlmNzczNjgxOTg0YjMyMmFhM2NiNmJiNzE5MDp7fQ=="}, "model": "sessions.session", "pk": "rgbr2y7bt0y35jsv2zszgaeg6cfq9v30"}, {"fields": {"expire_date": "2016-06-09T21:35:25.409Z", "session_data": "ZjRlMWI5OTgxZDA3OTlmNzczNjgxOTg0YjMyMmFhM2NiNmJiNzE5MDp7fQ=="}, "model": "sessions.session", "pk": "ue7q6jb6h2vyfo4mxdklbk5k3u9zwobq"}, {"fields": {"expire_date": "2016-06-09T21:23:04.020Z", "session_data": "ZjRlMWI5OTgxZDA3OTlmNzczNjgxOTg0YjMyMmFhM2NiNmJiNzE5MDp7fQ=="}, "model": "sessions.session", "pk": "vb47stjdxvpwx2auuay7om305nzk38j8"}, {"fields": {"expire_date": "2016-06-09T21:35:25.049Z", "session_data": "ZjRlMWI5OTgxZDA3OTlmNzczNjgxOTg0YjMyMmFhM2NiNmJiNzE5MDp7fQ=="}, "model": "sessions.session", "pk": "xthnngd77mz4rvlhahb1jqbr0olkugyp"}, {"fields": {"expire_date": "2016-06-09T21:35:24.916Z", "session_data": "ZjRlMWI5OTgxZDA3OTlmNzczNjgxOTg0YjMyMmFhM2NiNmJiNzE5MDp7fQ=="}, "model": "sessions.session", "pk": "z2fo2335mcsvuyf3njuzdonkek5brs23"}, {"fields": {"expire_date": "2016-06-09T21:35:24.800Z", "session_data": "ZjRlMWI5OTgxZDA3OTlmNzczNjgxOTg0YjMyMmFhM2NiNmJiNzE5MDp7fQ=="}, "model": "sessions.session", "pk": "zc04hsrn22iwnw0y3qg5fgt4rovp4dvv"}, {"fields": {"expire_date": "2016-06-09T21:35:25.151Z", "session_data": "ZjRlMWI5OTgxZDA3OTlmNzczNjgxOTg0YjMyMmFhM2NiNmJiNzE5MDp7fQ=="}, "model": "sessions.session", "pk": "zfdafgre3rfwuj66wlx4k7ljiv2bdnju"}, {"fields": {"graph_ui": "{\"graph\": \"G1\", \"nodes\": [{\"index\": 0, \"reflexive\": false, \"weight\": 3, \"px\": 79, \"py\": 362, \"y\": 362, \"x\": 79, \"id\": 1}, {\"index\": 1, \"reflexive\": false, \"weight\": 4, \"px\": 102, \"py\": 248, \"y\": 248, \"x\": 102, \"id\": 2}, {\"index\": 2, \"reflexive\": false, \"weight\": 4, \"px\": 212, \"py\": 361, \"y\": 361, \"x\": 212, \"id\": 3}, {\"index\": 3, \"reflexive\": false, \"weight\": 4, \"px\": 153, \"py\": 304, \"y\": 304, \"x\": 153, \"id\": 4}, {\"index\": 4, \"reflexive\": false, \"weight\": 3, \"px\": 225, \"py\": 246, \"y\": 246, \"x\": 225, \"id\": 5}], \"game\": \"game_1\", \"links\": [{\"id\": \"9bd0597b19ba9d536215502225a06bf7\", \"source\": {\"index\": 0, \"reflexive\": false, \"weight\": 3, \"px\": 79, \"py\": 362, \"y\": 362, \"x\": 79, \"id\": 1}, \"right\": true, \"target\": {\"index\": 1, \"reflexive\": false, \"weight\": 4, \"px\": 102, \"py\": 248, \"y\": 248, \"x\": 102, \"id\": 2}, \"left\": false}, {\"id\": \"6a286d89d27563413f4e0dfc5d7eb714\", \"source\": {\"index\": 1, \"reflexive\": false, \"weight\": 4, \"px\": 102, \"py\": 248, \"y\": 248, \"x\": 102, \"id\": 2}, \"right\": true, \"target\": {\"index\": 4, \"reflexive\": false, \"weight\": 3, \"px\": 225, \"py\": 246, \"y\": 246, \"x\": 225, \"id\": 5}, \"left\": false}, {\"id\": \"175ca831d92b39d2db28eb31e9b0a26b\", \"source\": {\"index\": 1, \"reflexive\": false, \"weight\": 4, \"px\": 102, \"py\": 248, \"y\": 248, \"x\": 102, \"id\": 2}, \"right\": false, \"target\": {\"index\": 3, \"reflexive\": false, \"weight\": 4, \"px\": 153, \"py\": 304, \"y\": 304, \"x\": 153, \"id\": 4}, \"left\": true}, {\"id\": \"2d730e2573a07fda1918ba3f32c92a55\", \"source\": {\"index\": 2, \"reflexive\": false, \"weight\": 4, \"px\": 212, \"py\": 361, \"y\": 361, \"x\": 212, \"id\": 3}, \"right\": false, \"target\": {\"index\": 3, \"reflexive\": false, \"weight\": 4, \"px\": 153, \"py\": 304, \"y\": 304, \"x\": 153, \"id\": 4}, \"left\": true}, {\"id\": \"13ad62e4ea5367c5c0744dbf95619c94\", \"source\": {\"index\": 2, \"reflexive\": false, \"weight\": 4, \"px\": 212, \"py\": 361, \"y\": 361, \"x\": 212, \"id\": 3}, \"right\": true, \"target\": {\"index\": 4, \"reflexive\": false, \"weight\": 3, \"px\": 225, \"py\": 246, \"y\": 246, \"x\": 225, \"id\": 5}, \"left\": false}, {\"id\": \"90dbafdb4f7a61f4e247158e8fd76ec4\", \"source\": {\"index\": 3, \"reflexive\": false, \"weight\": 4, \"px\": 153, \"py\": 304, \"y\": 304, \"x\": 153, \"id\": 4}, \"right\": true, \"target\": {\"index\": 4, \"reflexive\": false, \"weight\": 3, \"px\": 225, \"py\": 246, \"y\": 246, \"x\": 225, \"id\": 5}, \"left\": false}, {\"id\": \"a84a1dca6589c826ec01f3c198e87d9c\", \"source\": {\"index\": 0, \"reflexive\": false, \"weight\": 3, \"px\": 79, \"py\": 362, \"y\": 362, \"x\": 79, \"id\": 1}, \"right\": true, \"target\": {\"index\": 3, \"reflexive\": false, \"weight\": 4, \"px\": 153, \"py\": 304, \"y\": 304, \"x\": 153, \"id\": 4}, \"left\": false}, {\"id\": \"e3de3a730766ae7e1ba2564e7bebfa1e\", \"source\": {\"index\": 0, \"reflexive\": false, \"weight\": 3, \"px\": 79, \"py\": 362, \"y\": 362, \"x\": 79, \"id\": 1}, \"right\": true, \"target\": {\"index\": 2, \"reflexive\": false, \"weight\": 4, \"px\": 212, \"py\": 361, \"y\": 361, \"x\": 212, \"id\": 3}, \"left\": false}, {\"id\": \"ddc3b6fc049764ea432beec22f07866c\", \"source\": {\"index\": 1, \"reflexive\": false, \"weight\": 4, \"px\": 102, \"py\": 248, \"y\": 248, \"x\": 102, \"id\": 2}, \"right\": false, \"target\": {\"index\": 2, \"reflexive\": false, \"weight\": 4, \"px\": 212, \"py\": 361, \"y\": 361, \"x\": 212, \"id\": 3}, \"left\": true}]}"}, "model": "graph.graph", "pk": "G1"}, {"fields": {"graph_ui": ""}, "model": "graph.graph", "pk": "useless_2"}, {"fields": {"graph": "G1", "ui_id": 3}, "model": "graph.node", "pk": "010e73e4-c023-4401-8b10-8eb68be1c75e"}, {"fields": {"graph": "G1", "ui_id": 5}, "model": "graph.node", "pk": "5a92b8f1-a3b4-41e5-b47a-6b8a5258bfbc"}, {"fields": {"graph": "G1", "ui_id": 4}, "model": "graph.node", "pk": "add5eef3-d568-4ec8-8ce2-4165b6fb129f"}, {"fields": {"graph": "G1", "ui_id": 1}, "model": "graph.node", "pk": "b837963e-a63b-4854-b67e-ebaa4953ed38"}, {"fields": {"graph": "G1", "ui_id": 2}, "model": "graph.node", "pk": "d1de5f7d-bdbb-40f3-a25d-1179a65e1663"}, {"fields": {"destination_node": "5a92b8f1-a3b4-41e5-b47a-6b8a5258bfbc", "graph": "G1", "in_use": true, "flow": 1.0, "normalization_const": 1.3598740612881264, "start_node": "b837963e-a63b-4854-b67e-ebaa4953ed38", "historic_player": "user_1"}, "model": "graph.playermodel", "pk": "G1_PM1"}, {"fields": {"destination_node": "5a92b8f1-a3b4-41e5-b47a-6b8a5258bfbc", "graph": "G1", "in_use": true, "flow": 1.0, "normalization_const": 1.3598740612881264, "start_node": "b837963e-a63b-4854-b67e-ebaa4953ed38", "historic_player": "ai_playerai_playeruser_2"}, "model": "graph.playermodel", "pk": "G1_PM2"}, {"fields": {"graph": "G1", "cost_function": "x", "to_node": "5a92b8f1-a3b4-41e5-b47a-6b8a5258bfbc", "from_node": "010e73e4-c023-4401-8b10-8eb68be1c75e"}, "model": "graph.edge", "pk": "13ad62e4ea5367c5c0744dbf95619c94"}, {"fields": {"graph": "G1", "cost_function": "x", "to_node": "d1de5f7d-bdbb-40f3-a25d-1179a65e1663", "from_node": "add5eef3-d568-4ec8-8ce2-4165b6fb129f"}, "model": "graph.edge", "pk": "175ca831d92b39d2db28eb31e9b0a26b"}, {"fields": {"graph": "G1", "cost_function": "x", "to_node": "010e73e4-c023-4401-8b10-8eb68be1c75e", "from_node": "add5eef3-d568-4ec8-8ce2-4165b6fb129f"}, "model": "graph.edge", "pk": "2d730e2573a07fda1918ba3f32c92a55"}, {"fields": {"graph": "G1", "cost_function": "x", "to_node": "5a92b8f1-a3b4-41e5-b47a-6b8a5258bfbc", "from_node": "d1de5f7d-bdbb-40f3-a25d-1179a65e1663"}, "model": "graph.edge", "pk": "6a286d89d27563413f4e0dfc5d7eb714"}, {"fields": {"graph": "G1", "cost_function": "x", "to_node": "5a92b8f1-a3b4-41e5-b47a-6b8a5258bfbc", "from_node": "add5eef3-d568-4ec8-8ce2-4165b6fb129f"}, "model": "graph.edge", "pk": "90dbafdb4f7a61f4e247158e8fd76ec4"}, {"fields": {"graph": "G1", "cost_function": "x", "to_node": "d1de5f7d-bdbb-40f3-a25d-1179a65e1663", "from_node": "b837963e-a63b-4854-b67e-ebaa4953ed38"}, "model": "graph.edge", "pk": "9bd0597b19ba9d536215502225a06bf7"}, {"fields": {"graph": "G1", "cost_function": "x", "to_node": "add5eef3-d568-4ec8-8ce2-4165b6fb129f", "from_node": "b837963e-a63b-4854-b67e-ebaa4953ed38"}, "model": "graph.edge", "pk": "a84a1dca6589c826ec01f3c198e87d9c"}, {"fields": {"graph": "G1", "cost_function": "x", "to_node": "d1de5f7d-bdbb-40f3-a25d-1179a65e1663", "from_node": "010e73e4-c023-4401-8b10-8eb68be1c75e"}, "model": "graph.edge", "pk": "ddc3b6fc049764ea432beec22f07866c"}, {"fields": {"graph": "G1", "cost_function": "x", "to_node": "010e73e4-c023-4401-8b10-8eb68be1c75e", "from_node": "b837963e-a63b-4854-b67e-ebaa4953ed38"}, "model": "graph.edge", "pk": "e3de3a730766ae7e1ba2564e7bebfa1e"}, {"fields": {"graph": "G1", "edges": ["6a286d89d27563413f4e0dfc5d7eb714", "9bd0597b19ba9d536215502225a06bf7"], "player_model": "G1_PM1"}, "model": "graph.path", "pk": 1}, {"fields": {"graph": "G1", "edges": ["6a286d89d27563413f4e0dfc5d7eb714", "ddc3b6fc049764ea432beec22f07866c", "e3de3a730766ae7e1ba2564e7bebfa1e"], "player_model": "G1_PM1"}, "model": "graph.path", "pk": 2}, {"fields": {"graph": "G1", "edges": ["13ad62e4ea5367c5c0744dbf95619c94", "e3de3a730766ae7e1ba2564e7bebfa1e"], "player_model": "G1_PM1"}, "model": "graph.path", "pk": 3}, {"fields": {"graph": "G1", "edges": ["175ca831d92b39d2db28eb31e9b0a26b", "6a286d89d27563413f4e0dfc5d7eb714", "a84a1dca6589c826ec01f3c198e87d9c"], "player_model": "G1_PM1"}, "model": "graph.path", "pk": 4}, {"fields": {"graph": "G1", "edges": ["2d730e2573a07fda1918ba3f32c92a55", "6a286d89d27563413f4e0dfc5d7eb714", "a84a1dca6589c826ec01f3c198e87d9c", "ddc3b6fc049764ea432beec22f07866c"], "player_model": "G1_PM1"}, "model": "graph.path", "pk": 5}, {"fields": {"graph": "G1", "edges": ["13ad62e4ea5367c5c0744dbf95619c94", "2d730e2573a07fda1918ba3f32c92a55", "a84a1dca6589c826ec01f3c198e87d9c"], "player_model": "G1_PM1"}, "model": "graph.path", "pk": 6}, {"fields": {"graph": "G1", "edges": ["90dbafdb4f7a61f4e247158e8fd76ec4", "a84a1dca6589c826ec01f3c198e87d9c"], "player_model": "G1_PM1"}, "model": "graph.path", "pk": 7}, {"fields": {"graph": "G1", "edges": ["6a286d89d27563413f4e0dfc5d7eb714", "9bd0597b19ba9d536215502225a06bf7"], "player_model": "G1_PM2"}, "model": "graph.path", "pk": 8}, {"fields": {"graph": "G1", "edges": ["6a286d89d27563413f4e0dfc5d7eb714", "ddc3b6fc049764ea432beec22f07866c", "e3de3a730766ae7e1ba2564e7bebfa1e"], "player_model": "G1_PM2"}, "model": "graph.path", "pk": 9}, {"fields": {"graph": "G1", "edges": ["13ad62e4ea5367c5c0744dbf95619c94", "e3de3a730766ae7e1ba2564e7bebfa1e"], "player_model": "G1_PM2"}, "model": "graph.path", "pk": 10}, {"fields": {"graph": "G1", "edges": ["175ca831d92b39d2db28eb31e9b0a26b", "6a286d89d27563413f4e0dfc5d7eb714", "a84a1dca6589c826ec01f3c198e87d9c"], "player_model": "G1_PM2"}, "model": "graph.path", "pk": 11}, {"fields": {"graph": "G1", "edges": ["2d730e2573a07fda1918ba3f32c92a55", "6a286d89d27563413f4e0dfc5d7eb714", "a84a1dca6589c826ec01f3c198e87d9c", "ddc3b6fc049764ea432beec22f07866c"], "player_model": "G1_PM2"}, "model": "graph.path", "pk": 12}, {"fields": {"graph": "G1", "edges": ["13ad62e4ea5367c5c0744dbf95619c94", "2d730e2573a07fda1918ba3f32c92a55", "a84a1dca6589c826ec01f3c198e87d9c"], "player_model": "G1_PM2"}, "model": "graph.path", "pk": 13}, {"fields": {"graph": "G1", "edges": ["90dbafdb4f7a61f4e247158e8fd76ec4", "a84a1dca6589c826ec01f3c198e87d9c"], "player_model": "G1_PM2"}, "model": "graph.path", "pk": 14}, {"fields": {"path": 8, "flow": 0.14285714285714288}, "model": "graph.pathflowassignment", "pk": 1}, {"fields": {"path": 9, "flow": 0.14285714285714288}, "model": "graph.pathflowassignment", "pk": 2}, {"fields": {"path": 10, "flow": 0.14285714285714288}, "model": "graph.pathflowassignment", "pk": 3}, {"fields": {"path": 11, "flow": 0.14285714285714288}, "model": "graph.pathflowassignment", "pk": 4}, {"fields": {"path": 12, "flow": 0.14285714285714288}, "model": "graph.pathflowassignment", "pk": 5}, {"fields": {"path": 13, "flow": 0.14285714285714288}, "model": "graph.pathflowassignment", "pk": 6}, {"fields": {"path": 14, "flow": 0.14285714285714288}, "model": "graph.pathflowassignment", "pk": 7}, {"fields": {"path": 1, "flow": 0.14285714285714288}, "model": "graph.pathflowassignment", "pk": 8}, {"fields": {"path": 2, "flow": 0.14285714285714288}, "model": "graph.pathflowassignment", "pk": 9}, {"fields": {"path": 3, "flow": 0.14285714285714288}, "model": "graph.pathflowassignment", "pk": 10}, {"fields": {"path": 4, "flow": 0.14285714285714288}, "model": "graph.pathflowassignment", "pk": 11}, {"fields": {"path": 5, "flow": 0.14285714285714288}, "model": "graph.pathflowassignment", "pk": 12}, {"fields": {"path": 6, "flow": 0.14285714285714288}, "model": "graph.pathflowassignment", "pk": 13}, {"fields": {"path": 7, "flow": 0.14285714285714288}, "model": "graph.pathflowassignment", "pk": 14}, {"fields": {"path": 8, "flow": 0.14285714285714285}, "model": "graph.pathflowassignment", "pk": 15}, {"fields": {"path": 9, "flow": 0.14285714285714285}, "model": "graph.pathflowassignment", "pk": 16}, {"fields": {"path": 10, "flow": 0.14285714285714285}, "model": "graph.pathflowassignment", "pk": 17}, {"fields": {"path": 11, "flow": 0.14285714285714285}, "model": "graph.pathflowassignment", "pk": 18}, {"fields": {"path": 12, "flow": 0.14285714285714285}, "model": "graph.pathflowassignment", "pk": 19}, {"fields": {"path": 13, "flow": 0.14285714285714285}, "model": "graph.pathflowassignment", "pk": 20}, {"fields": {"path": 14, "flow": 0.14285714285714285}, "model": "graph.pathflowassignment", "pk": 21}, {"fields": {"path": 1, "flow": 0.14285714285714285}, "model": "graph.pathflowassignment", "pk": 22}, {"fields": {"path": 2, "flow": 0.14285714285714285}, "model": "graph.pathflowassignment", "pk": 23}, {"fields": {"path": 3, "flow": 0.14285714285714285}, "model": "graph.pathflowassignment", "pk": 24}, {"fields": {"path": 4, "flow": 0.14285714285714285}, "model": "graph.pathflowassignment", "pk": 25}, {"fields": {"path": 5, "flow": 0.14285714285714285}, "model": "graph.pathflowassignment", "pk": 26}, {"fields": {"path": 6, "flow": 0.14285714285714285}, "model": "graph.pathflowassignment", "pk": 27}, {"fields": {"path": 7, "flow": 0.14285714285714285}, "model": "graph.pathflowassignment", "pk": 28}, {"fields": {"path": 8, "flow": 0.21581027222446353}, "model": "graph.pathflowassignment", "pk": 29}, {"fields": {"path": 9, "flow": 0.0915840193502128}, "model": "graph.pathflowassignment", "pk": 30}, {"fields": {"path": 10, "flow": 0.2871813615835266}, "model": "graph.pathflowassignment", "pk": 31}, {"fields": {"path": 11, "flow": 0.06882331095025254}, "model": "graph.pathflowassignment", "pk": 32}, {"fields": {"path": 12, "flow": 0.02920674431686827}, "model": "graph.pathflowassignment", "pk": 33}, {"fields": {"path": 13, "flow": 0.0915840193502128}, "model": "graph.pathflowassignment", "pk": 34}, {"fields": {"path": 14, "flow": 0.21581027222446353}, "model": "graph.pathflowassignment", "pk": 35}, {"fields": {"path": 1, "flow": 0.14285714285714285}, "model": "graph.pathflowassignment", "pk": 36}, {"fields": {"path": 2, "flow": 0.14285714285714285}, "model": "graph.pathflowassignment", "pk": 37}, {"fields": {"path": 3, "flow": 0.14285714285714285}, "model": "graph.pathflowassignment", "pk": 38}, {"fields": {"path": 4, "flow": 0.14285714285714285}, "model": "graph.pathflowassignment", "pk": 39}, {"fields": {"path": 5, "flow": 0.14285714285714285}, "model": "graph.pathflowassignment", "pk": 40}, {"fields": {"path": 6, "flow": 0.14285714285714285}, "model": "graph.pathflowassignment", "pk": 41}, {"fields": {"path": 7, "flow": 0.14285714285714285}, "model": "graph.pathflowassignment", "pk": 42}, {"fields": {"path": 8, "flow": 0.24531843195833958}, "model": "graph.pathflowassignment", "pk": 43}, {"fields": {"path": 9, "flow": 0.06291155416887065}, "model": "graph.pathflowassignment", "pk": 44}, {"fields": {"path": 10, "flow": 0.32796624852825823}, "model": "graph.pathflowassignment", "pk": 45}, {"fields": {"path": 11, "flow": 0.043505879957249416}, "model": "graph.pathflowassignment", "pk": 46}, {"fields": {"path": 12, "flow": 0.012067899260071967}, "model": "graph.pathflowassignment", "pk": 47}, {"fields": {"path": 13, "flow": 0.06291155416887065}, "model": "graph.pathflowassignment", "pk": 48}, {"fields": {"path": 14, "flow": 0.24531843195833958}, "model": "graph.pathflowassignment", "pk": 49}, {"fields": {"path": 1, "flow": 0.14285714285714285}, "model": "graph.pathflowassignment", "pk": 50}, {"fields": {"path": 2, "flow": 0.14285714285714285}, "model": "graph.pathflowassignment", "pk": 51}, {"fields": {"path": 3, "flow": 0.14285714285714285}, "model": "graph.pathflowassignment", "pk": 52}, {"fields": {"path": 4, "flow": 0.14285714285714285}, "model": "graph.pathflowassignment", "pk": 53}, {"fields": {"path": 5, "flow": 0.14285714285714285}, "model": "graph.pathflowassignment", "pk": 54}, {"fields": {"path": 6, "flow": 0.14285714285714285}, "model": "graph.pathflowassignment", "pk": 55}, {"fields": {"path": 7, "flow": 0.14285714285714285}, "model": "graph.pathflowassignment", "pk": 56}, {"fields": {"path": 8, "flow": 0.2627099075565963}, "model": "graph.pathflowassignment", "pk": 57}, {"fields": {"path": 9, "flow": 0.0463146895729055}, "model": "graph.pathflowassignment", "pk": 58}, {"fields": {"path": 10, "flow": 0.3452306308533589}, "model": "graph.pathflowassignment", "pk": 59}, {"fields": {"path": 11, "flow": 0.0305067909102878}, "model": "graph.pathflowassignment", "pk": 60}, {"fields": {"path": 12, "flow": 0.006213383977349738}, "model": "graph.pathflowassignment", "pk": 61}, {"fields": {"path": 13, "flow": 0.0463146895729055}, "model": "graph.pathflowassignment", "pk": 62}, {"fields": {"path": 14, "flow": 0.2627099075565963}, "model": "graph.pathflowassignment", "pk": 63}, {"fields": {"path": 1, "flow": 0.03225806451612903}, "model": "graph.pathflowassignment", "pk": 64}, {"fields": {"path": 2, "flow": 0.16129032258064516}, "model": "graph.pathflowassignment", "pk": 65}, {"fields": {"path": 3, "flow": 0.16129032258064516}, "model": "graph.pathflowassignment", "pk": 66}, {"fields": {"path": 4, "flow": 0.16129032258064516}, "model": "graph.pathflowassignment", "pk": 67}, {"fields": {"path": 5, "flow": 0.16129032258064516}, "model": "graph.pathflowassignment", "pk": 68}, {"fields": {"path": 6, "flow": 0.16129032258064516}, "model": "graph.pathflowassignment", "pk": 69}, {"fields": {"path": 7, "flow": 0.16129032258064516}, "model": "graph.pathflowassignment", "pk": 70}, {"fields": {"path": 8, "flow": 0.29923120863041164}, "model": "graph.pathflowassignment", "pk": 71}, {"fields": {"path": 9, "flow": 0.03546307312048277}, "model": "graph.pathflowassignment", "pk": 72}, {"fields": {"path": 10, "flow": 0.34332370509980126}, "model": "graph.pathflowassignment", "pk": 73}, {"fields": {"path": 11, "flow": 0.02229244533846888}, "model": "graph.pathflowassignment", "pk": 74}, {"fields": {"path": 12, "flow": 0.0034342344896265303}, "model": "graph.pathflowassignment", "pk": 75}, {"fields": {"path": 13, "flow": 0.033247375520851476}, "model": "graph.pathflowassignment", "pk": 76}, {"fields": {"path": 14, "flow": 0.26300795780035746}, "model": "graph.pathflowassignment", "pk": 77}, {"fields": {"path": 1, "flow": 0.04184100418410042}, "model": "graph.pathflowassignment", "pk": 78}, {"fields": {"path": 2, "flow": 0.08786610878661087}, "model": "graph.pathflowassignment", "pk": 79}, {"fields": {"path": 3, "flow": 0.20920502092050208}, "model": "graph.pathflowassignment", "pk": 80}, {"fields": {"path": 4, "flow": 0.20920502092050208}, "model": "graph.pathflowassignment", "pk": 81}, {"fields": {"path": 5, "flow": 0.20920502092050208}, "model": "graph.pathflowassignment", "pk": 82}, {"fields": {"path": 6, "flow": 0.03347280334728033}, "model": "graph.pathflowassignment", "pk": 83}, {"fields": {"path": 7, "flow": 0.20920502092050208}, "model": "graph.pathflowassignment", "pk": 84}, {"fields": {"path": 8, "flow": 0.3170124604243283}, "model": "graph.pathflowassignment", "pk": 85}, {"fields": {"path": 9, "flow": 0.027833661315538865}, "model": "graph.pathflowassignment", "pk": 86}, {"fields": {"path": 10, "flow": 0.35639926581868936}, "model": "graph.pathflowassignment", "pk": 87}, {"fields": {"path": 11, "flow": 0.01597992873863069}, "model": "graph.pathflowassignment", "pk": 88}, {"fields": {"path": 12, "flow": 0.002073474086400999}, "model": "graph.pathflowassignment", "pk": 89}, {"fields": {"path": 13, "flow": 0.026550033562233354}, "model": "graph.pathflowassignment", "pk": 90}, {"fields": {"path": 14, "flow": 0.2541511760541783}, "model": "graph.pathflowassignment", "pk": 91}, {"fields": {"path": 1, "flow": 0.06369426751592357}, "model": "graph.pathflowassignment", "pk": 92}, {"fields": {"path": 2, "flow": 0.1337579617834395}, "model": "graph.pathflowassignment", "pk": 93}, {"fields": {"path": 3, "flow": 0.3184713375796178}, "model": "graph.pathflowassignment", "pk": 94}, {"fields": {"path": 4, "flow": 0.057324840764331204}, "model": "graph.pathflowassignment", "pk": 95}, {"fields": {"path": 5, "flow": 0.057324840764331204}, "model": "graph.pathflowassignment", "pk": 96}, {"fields": {"path": 6, "flow": 0.05095541401273885}, "model": "graph.pathflowassignment", "pk": 97}, {"fields": {"path": 7, "flow": 0.3184713375796178}, "model": "graph.pathflowassignment", "pk": 98}, {"fields": {"path": 8, "flow": 0.35819817031106055}, "model": "graph.pathflowassignment", "pk": 99}, {"fields": {"path": 9, "flow": 0.023857801256183104}, "model": "graph.pathflowassignment", "pk": 100}, {"fields": {"path": 10, "flow": 0.3239364903298399}, "model": "graph.pathflowassignment", "pk": 101}, {"fields": {"path": 11, "flow": 0.0148705934669675}, "model": "graph.pathflowassignment", "pk": 102}, {"fields": {"path": 12, "flow": 0.0017178864854336543}, "model": "graph.pathflowassignment", "pk": 103}, {"fields": {"path": 13, "flow": 0.023325121745333497}, "model": "graph.pathflowassignment", "pk": 104}, {"fields": {"path": 14, "flow": 0.25409393640518174}, "model": "graph.pathflowassignment", "pk": 105}, {"fields": {"path": 1, "flow": 0.06369426751592357}, "model": "graph.pathflowassignment", "pk": 106}, {"fields": {"path": 2, "flow": 0.1337579617834395}, "model": "graph.pathflowassignment", "pk": 107}, {"fields": {"path": 3, "flow": 0.3184713375796178}, "model": "graph.pathflowassignment", "pk": 108}, {"fields": {"path": 4, "flow": 0.057324840764331204}, "model": "graph.pathflowassignment", "pk": 109}, {"fields": {"path": 5, "flow": 0.057324840764331204}, "model": "graph.pathflowassignment", "pk": 110}, {"fields": {"path": 6, "flow": 0.05095541401273885}, "model": "graph.pathflowassignment", "pk": 111}, {"fields": {"path": 7, "flow": 0.3184713375796178}, "model": "graph.pathflowassignment", "pk": 112}, {"fields": {"path": 8, "flow": 0.3873588471703754}, "model": "graph.pathflowassignment", "pk": 113}, {"fields": {"path": 9, "flow": 0.020605685685903645}, "model": "graph.pathflowassignment", "pk": 114}, {"fields": {"path": 10, "flow": 0.30297388301483696}, "model": "graph.pathflowassignment", "pk": 115}, {"fields": {"path": 11, "flow": 0.013677275746534146}, "model": "graph.pathflowassignment", "pk": 116}, {"fields": {"path": 12, "flow": 0.001422550616285677}, "model": "graph.pathflowassignment", "pk": 117}, {"fields": {"path": 13, "flow": 0.02091634758342768}, "model": "graph.pathflowassignment", "pk": 118}, {"fields": {"path": 14, "flow": 0.2530454101826366}, "model": "graph.pathflowassignment", "pk": 119}, {"fields": {"path": 1, "flow": 0.1878453038674033}, "model": "graph.pathflowassignment", "pk": 120}, {"fields": {"path": 2, "flow": 0.1160220994475138}, "model": "graph.pathflowassignment", "pk": 121}, {"fields": {"path": 3, "flow": 0.2762430939226519}, "model": "graph.pathflowassignment", "pk": 122}, {"fields": {"path": 4, "flow": 0.04972375690607734}, "model": "graph.pathflowassignment", "pk": 123}, {"fields": {"path": 5, "flow": 0.04972375690607734}, "model": "graph.pathflowassignment", "pk": 124}, {"fields": {"path": 6, "flow": 0.0441988950276243}, "model": "graph.pathflowassignment", "pk": 125}, {"fields": {"path": 7, "flow": 0.2762430939226519}, "model": "graph.pathflowassignment", "pk": 126}, {"fields": {"path": 8, "flow": 0.3813970696127454}, "model": "graph.pathflowassignment", "pk": 127}, {"fields": {"path": 9, "flow": 0.018064422617614758}, "model": "graph.pathflowassignment", "pk": 128}, {"fields": {"path": 10, "flow": 0.30271007197151495}, "model": "graph.pathflowassignment", "pk": 129}, {"fields": {"path": 11, "flow": 0.012560072221540458}, "model": "graph.pathflowassignment", "pk": 130}, {"fields": {"path": 12, "flow": 0.0011998078834137317}, "model": "graph.pathflowassignment", "pk": 131}, {"fields": {"path": 13, "flow": 0.020105482385360526}, "model": "graph.pathflowassignment", "pk": 132}, {"fields": {"path": 14, "flow": 0.2639630733078103}, "model": "graph.pathflowassignment", "pk": 133}, {"fields": {"path": 1, "flow": 0.1878453038674033}, "model": "graph.pathflowassignment", "pk": 134}, {"fields": {"path": 2, "flow": 0.1160220994475138}, "model": "graph.pathflowassignment", "pk": 135}, {"fields": {"path": 3, "flow": 0.2762430939226519}, "model": "graph.pathflowassignment", "pk": 136}, {"fields": {"path": 4, "flow": 0.04972375690607734}, "model": "graph.pathflowassignment", "pk": 137}, {"fields": {"path": 5, "flow": 0.04972375690607734}, "model": "graph.pathflowassignment", "pk": 138}, {"fields": {"path": 6, "flow": 0.0441988950276243}, "model": "graph.pathflowassignment", "pk": 139}, {"fields": {"path": 7, "flow": 0.2762430939226519}, "model": "graph.pathflowassignment", "pk": 140}, {"fields": {"path": 8, "flow": 0.14285714285714288}, "model": "graph.pathflowassignment", "pk": 141}, {"fields": {"path": 9, "flow": 0.14285714285714288}, "model": "graph.pathflowassignment", "pk": 142}, {"fields": {"path": 10, "flow": 0.14285714285714288}, "model": "graph.pathflowassignment", "pk": 143}, {"fields": {"path": 11, "flow": 0.14285714285714288}, "model": "graph.pathflowassignment", "pk": 144}, {"fields": {"path": 12, "flow": 0.14285714285714288}, "model": "graph.pathflowassignment", "pk": 145}, {"fields": {"path": 13, "flow": 0.14285714285714288}, "model": "graph.pathflowassignment", "pk": 146}, {"fields": {"path": 14, "flow": 0.14285714285714288}, "model": "graph.pathflowassignment", "pk": 147}, {"fields": {"path": 8, "flow": 0.07142857142857144}, "model": "graph.pathflowassignment", "pk": 148}, {"fields": {"path": 9, "flow": 0.07142857142857144}, "model": "graph.pathflowassignment", "pk": 149}, {"fields": {"path": 10, "flow": 0.07142857142857144}, "model": "graph.pathflowassignment", "pk": 150}, {"fields": {"path": 11, "flow": 0.07142857142857144}, "model": "graph.pathflowassignment", "pk": 151}, {"fields": {"path": 12, "flow": 0.07142857142857144}, "model": "graph.pathflowassignment", "pk": 152}, {"fields": {"path": 13, "flow": 0.07142857142857144}, "model": "graph.pathflowassignment", "pk": 153}, {"fields": {"path": 14, "flow": 0.07142857142857144}, "model": "graph.pathflowassignment", "pk": 154}, {"fields": {"path": 8, "flow": 0.07142857142857142}, "model": "graph.pathflowassignment", "pk": 155}, {"fields": {"path": 9, "flow": 0.07142857142857142}, "model": "graph.pathflowassignment", "pk": 156}, {"fields": {"path": 10, "flow": 0.07142857142857142}, "model": "graph.pathflowassignment", "pk": 157}, {"fields": {"path": 11, "flow": 0.07142857142857142}, "model": "graph.pathflowassignment", "pk": 158}, {"fields": {"path": 12, "flow": 0.07142857142857142}, "model": "graph.pathflowassignment", "pk": 159}, {"fields": {"path": 13, "flow": 0.07142857142857142}, "model": "graph.pathflowassignment", "pk": 160}, {"fields": {"path": 14, "flow": 0.07142857142857142}, "model": "graph.pathflowassignment", "pk": 161}, {"fields": {"path": 8, "flow": 0.07142857142857142}, "model": "graph.pathflowassignment", "pk": 162}, {"fields": {"path": 9, "flow": 0.07142857142857142}, "model": "graph.pathflowassignment", "pk": 163}, {"fields": {"path": 10, "flow": 0.07142857142857142}, "model": "graph.pathflowassignment", "pk": 164}, {"fields": {"path": 11, "flow": 0.07142857142857142}, "model": "graph.pathflowassignment", "pk": 165}, {"fields": {"path": 12, "flow": 0.07142857142857142}, "model": "graph.pathflowassignment", "pk": 166}, {"fields": {"path": 13, "flow": 0.07142857142857142}, "model": "graph.pathflowassignment", "pk": 167}, {"fields": {"path": 14, "flow": 0.07142857142857142}, "model": "graph.pathflowassignment", "pk": 168}, {"fields": {"path": 8, "flow": 0.09278089187421183}, "model": "graph.pathflowassignment", "pk": 169}, {"fields": {"path": 9, "flow": 0.06044109675942733}, "model": "graph.pathflowassignment", "pk": 170}, {"fields": {"path": 10, "flow": 0.10702878906123874}, "model": "graph.pathflowassignment", "pk": 171}, {"fields": {"path": 11, "flow": 0.052395051017409884}, "model": "graph.pathflowassignment", "pk": 172}, {"fields": {"path": 12, "flow": 0.03413218265407307}, "model": "graph.pathflowassignment", "pk": 173}, {"fields": {"path": 13, "flow": 0.06044109675942733}, "model": "graph.pathflowassignment", "pk": 174}, {"fields": {"path": 14, "flow": 0.09278089187421183}, "model": "graph.pathflowassignment", "pk": 175}, {"fields": {"path": 8, "flow": 0.08468677494199536}, "model": "graph.pathflowassignment", "pk": 176}, {"fields": {"path": 9, "flow": 0.0580046403712297}, "model": "graph.pathflowassignment", "pk": 177}, {"fields": {"path": 10, "flow": 0.11252900232018562}, "model": "graph.pathflowassignment", "pk": 178}, {"fields": {"path": 11, "flow": 0.0580046403712297}, "model": "graph.pathflowassignment", "pk": 179}, {"fields": {"path": 12, "flow": 0.030162412993039445}, "model": "graph.pathflowassignment", "pk": 180}, {"fields": {"path": 13, "flow": 0.0580046403712297}, "model": "graph.pathflowassignment", "pk": 181}, {"fields": {"path": 14, "flow": 0.09860788863109049}, "model": "graph.pathflowassignment", "pk": 182}, {"fields": {"path": 8, "flow": 0.10465486112316122}, "model": "graph.pathflowassignment", "pk": 183}, {"fields": {"path": 9, "flow": 0.053482983910226115}, "model": "graph.pathflowassignment", "pk": 184}, {"fields": {"path": 10, "flow": 0.11836515119309333}, "model": "graph.pathflowassignment", "pk": 185}, {"fields": {"path": 11, "flow": 0.043993854090240495}, "model": "graph.pathflowassignment", "pk": 186}, {"fields": {"path": 12, "flow": 0.023929428733540436}, "model": "graph.pathflowassignment", "pk": 187}, {"fields": {"path": 13, "flow": 0.05295909545294274}, "model": "graph.pathflowassignment", "pk": 188}, {"fields": {"path": 14, "flow": 0.10261462549679573}, "model": "graph.pathflowassignment", "pk": 189}, {"fields": {"path": 8, "flow": 0.10666666666666666}, "model": "graph.pathflowassignment", "pk": 190}, {"fields": {"path": 9, "flow": 0.05555555555555555}, "model": "graph.pathflowassignment", "pk": 191}, {"fields": {"path": 10, "flow": 0.10777777777777778}, "model": "graph.pathflowassignment", "pk": 192}, {"fields": {"path": 11, "flow": 0.05555555555555555}, "model": "graph.pathflowassignment", "pk": 193}, {"fields": {"path": 12, "flow": 0.011111111111111112}, "model": "graph.pathflowassignment", "pk": 194}, {"fields": {"path": 13, "flow": 0.05555555555555555}, "model": "graph.pathflowassignment", "pk": 195}, {"fields": {"path": 14, "flow": 0.10777777777777778}, "model": "graph.pathflowassignment", "pk": 196}, {"fields": {"path": 8, "flow": 0.11121089206346932}, "model": "graph.pathflowassignment", "pk": 197}, {"fields": {"path": 9, "flow": 0.0486878400735101}, "model": "graph.pathflowassignment", "pk": 198}, {"fields": {"path": 10, "flow": 0.12552125124046484}, "model": "graph.pathflowassignment", "pk": 199}, {"fields": {"path": 11, "flow": 0.038379191237425406}, "model": "graph.pathflowassignment", "pk": 200}, {"fields": {"path": 12, "flow": 0.01872732444942569}, "model": "graph.pathflowassignment", "pk": 201}, {"fields": {"path": 13, "flow": 0.04828058081296996}, "model": "graph.pathflowassignment", "pk": 202}, {"fields": {"path": 14, "flow": 0.10919292012273461}, "model": "graph.pathflowassignment", "pk": 203}, {"fields": {"path": 8, "flow": 0.1336898395721925}, "model": "graph.pathflowassignment", "pk": 204}, {"fields": {"path": 9, "flow": 0.0320855614973262}, "model": "graph.pathflowassignment", "pk": 205}, {"fields": {"path": 10, "flow": 0.1336898395721925}, "model": "graph.pathflowassignment", "pk": 206}, {"fields": {"path": 11, "flow": 0.04144385026737968}, "model": "graph.pathflowassignment", "pk": 207}, {"fields": {"path": 12, "flow": 0.0053475935828877}, "model": "graph.pathflowassignment", "pk": 208}, {"fields": {"path": 13, "flow": 0.02406417112299465}, "model": "graph.pathflowassignment", "pk": 209}, {"fields": {"path": 14, "flow": 0.12967914438502673}, "model": "graph.pathflowassignment", "pk": 210}, {"fields": {"path": 8, "flow": 0.1146295531916711}, "model": "graph.pathflowassignment", "pk": 211}, {"fields": {"path": 9, "flow": 0.045410374552348774}, "model": "graph.pathflowassignment", "pk": 212}, {"fields": {"path": 10, "flow": 0.12956965934418138}, "model": "graph.pathflowassignment", "pk": 213}, {"fields": {"path": 11, "flow": 0.03491003068146561}, "model": "graph.pathflowassignment", "pk": 214}, {"fields": {"path": 12, "flow": 0.01603092975619175}, "model": "graph.pathflowassignment", "pk": 215}, {"fields": {"path": 13, "flow": 0.045741135763717904}, "model": "graph.pathflowassignment", "pk": 216}, {"fields": {"path": 14, "flow": 0.11370831671042353}, "model": "graph.pathflowassignment", "pk": 217}, {"fields": {"path": 8, "flow": 0.14409221902017288}, "model": "graph.pathflowassignment", "pk": 218}, {"fields": {"path": 9, "flow": 0.020172910662824204}, "model": "graph.pathflowassignment", "pk": 219}, {"fields": {"path": 10, "flow": 0.14409221902017288}, "model": "graph.pathflowassignment", "pk": 220}, {"fields": {"path": 11, "flow": 0.020172910662824204}, "model": "graph.pathflowassignment", "pk": 221}, {"fields": {"path": 12, "flow": 0.005763688760806915}, "model": "graph.pathflowassignment", "pk": 222}, {"fields": {"path": 13, "flow": 0.025936599423631117}, "model": "graph.pathflowassignment", "pk": 223}, {"fields": {"path": 14, "flow": 0.1397694524495677}, "model": "graph.pathflowassignment", "pk": 224}, {"fields": {"path": 8, "flow": 0.11772970090884881}, "model": "graph.pathflowassignment", "pk": 225}, {"fields": {"path": 9, "flow": 0.043264763414468}, "model": "graph.pathflowassignment", "pk": 226}, {"fields": {"path": 10, "flow": 0.13161314710765554}, "model": "graph.pathflowassignment", "pk": 227}, {"fields": {"path": 11, "flow": 0.03281006328767581}, "model": "graph.pathflowassignment", "pk": 228}, {"fields": {"path": 12, "flow": 0.014242581693031131}, "model": "graph.pathflowassignment", "pk": 229}, {"fields": {"path": 13, "flow": 0.04332650525787597}, "model": "graph.pathflowassignment", "pk": 230}, {"fields": {"path": 14, "flow": 0.11701323833044483}, "model": "graph.pathflowassignment", "pk": 231}, {"fields": {"path": 8, "flow": 0.15772870662460567}, "model": "graph.pathflowassignment", "pk": 232}, {"fields": {"path": 9, "flow": 0.00946372239747634}, "model": "graph.pathflowassignment", "pk": 233}, {"fields": {"path": 10, "flow": 0.15772870662460567}, "model": "graph.pathflowassignment", "pk": 234}, {"fields": {"path": 11, "flow": 0.00946372239747634}, "model": "graph.pathflowassignment", "pk": 235}, {"fields": {"path": 12, "flow": 0.003154574132492114}, "model": "graph.pathflowassignment", "pk": 236}, {"fields": {"path": 13, "flow": 0.00946372239747634}, "model": "graph.pathflowassignment", "pk": 237}, {"fields": {"path": 14, "flow": 0.1529968454258675}, "model": "graph.pathflowassignment", "pk": 238}, {"fields": {"path": 8, "flow": 0.11977052148449666}, "model": "graph.pathflowassignment", "pk": 239}, {"fields": {"path": 9, "flow": 0.0416250400085577}, "model": "graph.pathflowassignment", "pk": 240}, {"fields": {"path": 10, "flow": 0.13275780241474766}, "model": "graph.pathflowassignment", "pk": 241}, {"fields": {"path": 11, "flow": 0.031405264194108246}, "model": "graph.pathflowassignment", "pk": 242}, {"fields": {"path": 12, "flow": 0.013097902315446297}, "model": "graph.pathflowassignment", "pk": 243}, {"fields": {"path": 13, "flow": 0.04177410345513651}, "model": "graph.pathflowassignment", "pk": 244}, {"fields": {"path": 14, "flow": 0.11956936612750697}, "model": "graph.pathflowassignment", "pk": 245}, {"fields": {"path": 8, "flow": 0.16129032258064518}, "model": "graph.pathflowassignment", "pk": 246}, {"fields": {"path": 9, "flow": 0.00967741935483871}, "model": "graph.pathflowassignment", "pk": 247}, {"fields": {"path": 10, "flow": 0.16129032258064518}, "model": "graph.pathflowassignment", "pk": 248}, {"fields": {"path": 11, "flow": 0.0016129032258064518}, "model": "graph.pathflowassignment", "pk": 249}, {"fields": {"path": 12, "flow": 0.0032258064516129037}, "model": "graph.pathflowassignment", "pk": 250}, {"fields": {"path": 13, "flow": 0.0016129032258064518}, "model": "graph.pathflowassignment", "pk": 251}, {"fields": {"path": 14, "flow": 0.16129032258064518}, "model": "graph.pathflowassignment", "pk": 252}, {"fields": {"iteration": 0, "graph_cost": 1, "game_object": null}, "model": "graph.gameturn", "pk": 1}, {"fields": {"iteration": 1, "graph_cost": 2, "game_object": "game_1"}, "model": "graph.gameturn", "pk": 2}, {"fields": {"iteration": 2, "graph_cost": 3, "game_object": "game_1"}, "model": "graph.gameturn", "pk": 3}, {"fields": {"iteration": 3, "graph_cost": 4, "game_object": "game_1"}, "model": "graph.gameturn", "pk": 4}, {"fields": {"iteration": 4, "graph_cost": 5, "game_object": "game_1"}, "model": "graph.gameturn", "pk": 5}, {"fields": {"iteration": 5, "graph_cost": 6, "game_object": "game_1"}, "model": "graph.gameturn", "pk": 6}, {"fields": {"iteration": 6, "graph_cost": 7, "game_object": "game_1"}, "model": "graph.gameturn", "pk": 7}, {"fields": {"iteration": 7, "graph_cost": 8, "game_object": "game_1"}, "model": "graph.gameturn", "pk": 8}, {"fields": {"iteration": 8, "graph_cost": 9, "game_object": "game_1"}, "model": "graph.gameturn", "pk": 9}, {"fields": {"iteration": 9, "graph_cost": null, "game_object": "game_1"}, "model": "graph.gameturn", "pk": 10}, {"fields": {"iteration": 0, "graph_cost": 10, "game_object": null}, "model": "graph.gameturn", "pk": 11}, {"fields": {"iteration": 1, "graph_cost": 11, "game_object": "game_2"}, "model": "graph.gameturn", "pk": 12}, {"fields": {"iteration": 2, "graph_cost": 12, "game_object": "game_2"}, "model": "graph.gameturn", "pk": 13}, {"fields": {"iteration": 3, "graph_cost": 13, "game_object": "game_2"}, "model": "graph.gameturn", "pk": 14}, {"fields": {"iteration": 4, "graph_cost": 14, "game_object": "game_2"}, "model": "graph.gameturn", "pk": 15}, {"fields": {"iteration": 5, "graph_cost": 15, "game_object": "game_2"}, "model": "graph.gameturn", "pk": 16}, {"fields": {"iteration": 6, "graph_cost": 16, "game_object": "game_2"}, "model": "graph.gameturn", "pk": 17}, {"fields": {"iteration": 7, "graph_cost": null, "game_object": "game_2"}, "model": "graph.gameturn", "pk": 18}, {"fields": {"player": 3, "path_assignments": [15, 16, 17, 18, 19, 20, 21], "turn": 1}, "model": "graph.flowdistribution", "pk": 1}, {"fields": {"player": 2, "path_assignments": [22, 23, 24, 25, 26, 27, 28], "turn": 1}, "model": "graph.flowdistribution", "pk": 2}, {"fields": {"player": 3, "path_assignments": [29, 30, 31, 32, 33, 34, 35], "turn": 2}, "model": "graph.flowdistribution", "pk": 3}, {"fields": {"player": 2, "path_assignments": [36, 37, 38, 39, 40, 41, 42], "turn": 2}, "model": "graph.flowdistribution", "pk": 4}, {"fields": {"player": 3, "path_assignments": [43, 44, 45, 46, 47, 48, 49], "turn": 3}, "model": "graph.flowdistribution", "pk": 5}, {"fields": {"player": 2, "path_assignments": [50, 51, 52, 53, 54, 55, 56], "turn": 3}, "model": "graph.flowdistribution", "pk": 6}, {"fields": {"player": 3, "path_assignments": [57, 58, 59, 60, 61, 62, 63], "turn": 4}, "model": "graph.flowdistribution", "pk": 7}, {"fields": {"player": 2, "path_assignments": [64, 65, 66, 67, 68, 69, 70], "turn": 4}, "model": "graph.flowdistribution", "pk": 8}, {"fields": {"player": 3, "path_assignments": [71, 72, 73, 74, 75, 76, 77], "turn": 5}, "model": "graph.flowdistribution", "pk": 9}, {"fields": {"player": 2, "path_assignments": [78, 79, 80, 81, 82, 83, 84], "turn": 5}, "model": "graph.flowdistribution", "pk": 10}, {"fields": {"player": 3, "path_assignments": [85, 86, 87, 88, 89, 90, 91], "turn": 6}, "model": "graph.flowdistribution", "pk": 11}, {"fields": {"player": 2, "path_assignments": [92, 93, 94, 95, 96, 97, 98], "turn": 6}, "model": "graph.flowdistribution", "pk": 12}, {"fields": {"player": 3, "path_assignments": [99, 100, 101, 102, 103, 104, 105], "turn": 7}, "model": "graph.flowdistribution", "pk": 13}, {"fields": {"player": 2, "path_assignments": [106, 107, 108, 109, 110, 111, 112], "turn": 7}, "model": "graph.flowdistribution", "pk": 14}, {"fields": {"player": 3, "path_assignments": [113, 114, 115, 116, 117, 118, 119], "turn": 8}, "model": "graph.flowdistribution", "pk": 15}, {"fields": {"player": 2, "path_assignments": [120, 121, 122, 123, 124, 125, 126], "turn": 8}, "model": "graph.flowdistribution", "pk": 16}, {"fields": {"player": 3, "path_assignments": [127, 128, 129, 130, 131, 132, 133], "turn": 9}, "model": "graph.flowdistribution", "pk": 17}, {"fields": {"player": 2, "path_assignments": [134, 135, 136, 137, 138, 139, 140], "turn": 9}, "model": "graph.flowdistribution", "pk": 18}, {"fields": {"player": 3, "path_assignments": [155, 156, 157, 158, 159, 160, 161], "turn": 11}, "model": "graph.flowdistribution", "pk": 19}, {"fields": {"player": 4, "path_assignments": [162, 163, 164, 165, 166, 167, 168], "turn": 11}, "model": "graph.flowdistribution", "pk": 20}, {"fields": {"player": 3, "path_assignments": [169, 170, 171, 172, 173, 174, 175], "turn": 12}, "model": "graph.flowdistribution", "pk": 21}, {"fields": {"player": 4, "path_assignments": [176, 177, 178, 179, 180, 181, 182], "turn": 12}, "model": "graph.flowdistribution", "pk": 22}, {"fields": {"player": 3, "path_assignments": [183, 184, 185, 186, 187, 188, 189], "turn": 13}, "model": "graph.flowdistribution", "pk": 23}, {"fields": {"player": 4, "path_assignments": [190, 191, 192, 193, 194, 195, 196], "turn": 13}, "model": "graph.flowdistribution", "pk": 24}, {"fields": {"player": 3, "path_assignments": [197, 198, 199, 200, 201, 202, 203], "turn": 14}, "model": "graph.flowdistribution", "pk": 25}, {"fields": {"player": 4, "path_assignments": [204, 205, 206, 207, 208, 209, 210], "turn": 14}, "model": "graph.flowdistribution", "pk": 26}, {"fields": {"player": 3, "path_assignments": [211, 212, 213, 214, 215, 216, 217], "turn": 15}, "model": "graph.flowdistribution", "pk": 27}, {"fields": {"player": 4, "path_assignments": [218, 219, 220, 221, 222, 223, 224], "turn": 15}, "model": "graph.flowdistribution", "pk": 28}, {"fields": {"player": 3, "path_assignments": [225, 226, 227, 228, 229, 230, 231], "turn": 16}, "model": "graph.flowdistribution", "pk": 29}, {"fields": {"player": 4, "path_assignments": [232, 233, 234, 235, 236, 237, 238], "turn": 16}, "model": "graph.flowdistribution", "pk": 30}, {"fields": {"player": 3, "path_assignments": [239, 240, 241, 242, 243, 244, 245], "turn": 17}, "model": "graph.flowdistribution", "pk": 31}, {"fields": {"player": 4, "path_assignments": [246, 247, 248, 249, 250, 251, 252], "turn": 17}, "model": "graph.flowdistribution", "pk": 32}, {"fields": {"player": 3, "learning_rate": 0.9994243755145752, "turn": 1}, "model": "graph.learningrate", "pk": 1}, {"fields": {"player": 3, "learning_rate": 0.707477167052361, "turn": 2}, "model": "graph.learningrate", "pk": 2}, {"fields": {"player": 3, "learning_rate": 0.5776841110242475, "turn": 3}, "model": "graph.learningrate", "pk": 3}, {"fields": {"player": 3, "learning_rate": 0.4996600978316071, "turn": 4}, "model": "graph.learningrate", "pk": 4}, {"fields": {"player": 3, "learning_rate": 0.44736568191695203, "turn": 5}, "model": "graph.learningrate", "pk": 5}, {"fields": {"player": 3, "learning_rate": 0.4079929542217687, "turn": 6}, "model": "graph.learningrate", "pk": 6}, {"fields": {"player": 2, "learning_rate": 0.001, "turn": 1}, "model": "graph.learningrate", "pk": 7}, {"fields": {"player": 2, "learning_rate": 0.001, "turn": 2}, "model": "graph.learningrate", "pk": 8}, {"fields": {"player": 2, "learning_rate": 0.001, "turn": 3}, "model": "graph.learningrate", "pk": 9}, {"fields": {"player": 2, "learning_rate": 0.21856715346720942, "turn": 4}, "model": "graph.learningrate", "pk": 10}, {"fields": {"player": 2, "learning_rate": 1.357635531991528, "turn": 5}, "model": "graph.learningrate", "pk": 11}, {"fields": {"player": 2, "learning_rate": 0.001, "turn": 6}, "model": "graph.learningrate", "pk": 12}, {"fields": {"player": 3, "learning_rate": 0.3781328527015611, "turn": 7}, "model": "graph.learningrate", "pk": 13}, {"fields": {"player": 3, "learning_rate": 0.3537017098677478, "turn": 8}, "model": "graph.learningrate", "pk": 14}, {"fields": {"player": 2, "learning_rate": 1.5988250727380673, "turn": 7}, "model": "graph.learningrate", "pk": 15}, {"fields": {"player": 2, "learning_rate": 0.001, "turn": 8}, "model": "graph.learningrate", "pk": 16}, {"fields": {"player": 3, "learning_rate": 0.9994243755145752, "turn": 11}, "model": "graph.learningrate", "pk": 17}, {"fields": {"player": 4, "learning_rate": 1.0659993484242865, "turn": 11}, "model": "graph.learningrate", "pk": 18}, {"fields": {"player": 3, "learning_rate": 0.707477167052361, "turn": 12}, "model": "graph.learningrate", "pk": 19}, {"fields": {"player": 4, "learning_rate": 0.7651048064273172, "turn": 12}, "model": "graph.learningrate", "pk": 20}, {"fields": {"player": 3, "learning_rate": 0.5776841110242475, "turn": 13}, "model": "graph.learningrate", "pk": 21}, {"fields": {"player": 4, "learning_rate": 2.3218890337146, "turn": 13}, "model": "graph.learningrate", "pk": 22}, {"fields": {"player": 3, "learning_rate": 0.4996600978316071, "turn": 14}, "model": "graph.learningrate", "pk": 23}, {"fields": {"player": 4, "learning_rate": 1.9046709368177128, "turn": 14}, "model": "graph.learningrate", "pk": 24}, {"fields": {"player": 3, "learning_rate": 0.44736568191695203, "turn": 15}, "model": "graph.learningrate", "pk": 25}, {"fields": {"player": 4, "learning_rate": 4.394512738196456, "turn": 15}, "model": "graph.learningrate", "pk": 26}, {"fields": {"player": 3, "learning_rate": 0.4079929542217687, "turn": 16}, "model": "graph.learningrate", "pk": 27}, {"fields": {"player": 4, "learning_rate": 3.6048668012903997, "turn": 16}, "model": "graph.learningrate", "pk": 28}, {"fields": {"edge": "13ad62e4ea5367c5c0744dbf95619c94", "cost": 0.5714285714285714}, "model": "graph.edgecost", "pk": 1}, {"fields": {"edge": "175ca831d92b39d2db28eb31e9b0a26b", "cost": 0.2857142857142857}, "model": "graph.edgecost", "pk": 2}, {"fields": {"edge": "2d730e2573a07fda1918ba3f32c92a55", "cost": 0.5714285714285714}, "model": "graph.edgecost", "pk": 3}, {"fields": {"edge": "6a286d89d27563413f4e0dfc5d7eb714", "cost": 1.1428571428571426}, "model": "graph.edgecost", "pk": 4}, {"fields": {"edge": "90dbafdb4f7a61f4e247158e8fd76ec4", "cost": 0.2857142857142857}, "model": "graph.edgecost", "pk": 5}, {"fields": {"edge": "9bd0597b19ba9d536215502225a06bf7", "cost": 0.2857142857142857}, "model": "graph.edgecost", "pk": 6}, {"fields": {"edge": "a84a1dca6589c826ec01f3c198e87d9c", "cost": 1.1428571428571426}, "model": "graph.edgecost", "pk": 7}, {"fields": {"edge": "ddc3b6fc049764ea432beec22f07866c", "cost": 0.5714285714285714}, "model": "graph.edgecost", "pk": 8}, {"fields": {"edge": "e3de3a730766ae7e1ba2564e7bebfa1e", "cost": 0.5714285714285714}, "model": "graph.edgecost", "pk": 9}, {"fields": {"edge": "13ad62e4ea5367c5c0744dbf95619c94", "cost": 0.664479666648025}, "model": "graph.edgecost", "pk": 10}, {"fields": {"edge": "175ca831d92b39d2db28eb31e9b0a26b", "cost": 0.2116804538073954}, "model": "graph.edgecost", "pk": 11}, {"fields": {"edge": "2d730e2573a07fda1918ba3f32c92a55", "cost": 0.4065050493813668}, "model": "graph.edgecost", "pk": 12}, {"fields": {"edge": "6a286d89d27563413f4e0dfc5d7eb714", "cost": 0.9768529182703685}, "model": "graph.edgecost", "pk": 13}, {"fields": {"edge": "90dbafdb4f7a61f4e247158e8fd76ec4", "cost": 0.3586674150816064}, "model": "graph.edgecost", "pk": 14}, {"fields": {"edge": "9bd0597b19ba9d536215502225a06bf7", "cost": 0.3586674150816064}, "model": "graph.edgecost", "pk": 15}, {"fields": {"edge": "a84a1dca6589c826ec01f3c198e87d9c", "cost": 0.9768529182703685}, "model": "graph.edgecost", "pk": 16}, {"fields": {"edge": "ddc3b6fc049764ea432beec22f07866c", "cost": 0.4065050493813668}, "model": "graph.edgecost", "pk": 17}, {"fields": {"edge": "e3de3a730766ae7e1ba2564e7bebfa1e", "cost": 0.664479666648025}, "model": "graph.edgecost", "pk": 18}, {"fields": {"edge": "13ad62e4ea5367c5c0744dbf95619c94", "cost": 0.6765920884114145}, "model": "graph.edgecost", "pk": 19}, {"fields": {"edge": "175ca831d92b39d2db28eb31e9b0a26b", "cost": 0.18636302281439227}, "model": "graph.edgecost", "pk": 20}, {"fields": {"edge": "2d730e2573a07fda1918ba3f32c92a55", "cost": 0.36069373914322833}, "model": "graph.edgecost", "pk": 21}, {"fields": {"edge": "6a286d89d27563413f4e0dfc5d7eb714", "cost": 0.9352323367731028}, "model": "graph.edgecost", "pk": 22}, {"fields": {"edge": "90dbafdb4f7a61f4e247158e8fd76ec4", "cost": 0.3881755748154824}, "model": "graph.edgecost", "pk": 23}, {"fields": {"edge": "9bd0597b19ba9d536215502225a06bf7", "cost": 0.3881755748154824}, "model": "graph.edgecost", "pk": 24}, {"fields": {"edge": "a84a1dca6589c826ec01f3c198e87d9c", "cost": 0.9352323367731028}, "model": "graph.edgecost", "pk": 25}, {"fields": {"edge": "ddc3b6fc049764ea432beec22f07866c", "cost": 0.36069373914322833}, "model": "graph.edgecost", "pk": 26}, {"fields": {"edge": "e3de3a730766ae7e1ba2564e7bebfa1e", "cost": 0.6765920884114145}, "model": "graph.edgecost", "pk": 27}, {"fields": {"edge": "13ad62e4ea5367c5c0744dbf95619c94", "cost": 0.7141259655875547}, "model": "graph.edgecost", "pk": 28}, {"fields": {"edge": "175ca831d92b39d2db28eb31e9b0a26b", "cost": 0.19179711349093295}, "model": "graph.edgecost", "pk": 29}, {"fields": {"edge": "2d730e2573a07fda1918ba3f32c92a55", "cost": 0.37510871871154555}, "model": "graph.edgecost", "pk": 30}, {"fields": {"edge": "6a286d89d27563413f4e0dfc5d7eb714", "cost": 0.8618738042752038}, "model": "graph.edgecost", "pk": 31}, {"fields": {"edge": "90dbafdb4f7a61f4e247158e8fd76ec4", "cost": 0.4240002301372414}, "model": "graph.edgecost", "pk": 32}, {"fields": {"edge": "9bd0597b19ba9d536215502225a06bf7", "cost": 0.2949679720727253}, "model": "graph.edgecost", "pk": 33}, {"fields": {"edge": "a84a1dca6589c826ec01f3c198e87d9c", "cost": 0.9909060623397199}, "model": "graph.edgecost", "pk": 34}, {"fields": {"edge": "ddc3b6fc049764ea432beec22f07866c", "cost": 0.37510871871154555}, "model": "graph.edgecost", "pk": 35}, {"fields": {"edge": "e3de3a730766ae7e1ba2564e7bebfa1e", "cost": 0.7141259655875547}, "model": "graph.edgecost", "pk": 36}, {"fields": {"edge": "13ad62e4ea5367c5c0744dbf95619c94", "cost": 0.6192489048884352}, "model": "graph.edgecost", "pk": 37}, {"fields": {"edge": "175ca831d92b39d2db28eb31e9b0a26b", "cost": 0.23149746625897097}, "model": "graph.edgecost", "pk": 38}, {"fields": {"edge": "2d730e2573a07fda1918ba3f32c92a55", "cost": 0.27935943427826043}, "model": "graph.edgecost", "pk": 39}, {"fields": {"edge": "6a286d89d27563413f4e0dfc5d7eb714", "cost": 0.9085381163907053}, "model": "graph.edgecost", "pk": 40}, {"fields": {"edge": "90dbafdb4f7a61f4e247158e8fd76ec4", "cost": 0.47221297872085954}, "model": "graph.edgecost", "pk": 41}, {"fields": {"edge": "9bd0597b19ba9d536215502225a06bf7", "cost": 0.34107221281451205}, "model": "graph.edgecost", "pk": 42}, {"fields": {"edge": "a84a1dca6589c826ec01f3c198e87d9c", "cost": 0.9830698792580909}, "model": "graph.edgecost", "pk": 43}, {"fields": {"edge": "ddc3b6fc049764ea432beec22f07866c", "cost": 0.33596843731722226}, "model": "graph.edgecost", "pk": 44}, {"fields": {"edge": "e3de3a730766ae7e1ba2564e7bebfa1e", "cost": 0.675857907927397}, "model": "graph.edgecost", "pk": 45}, {"fields": {"edge": "13ad62e4ea5367c5c0744dbf95619c94", "cost": 0.7523760509732793}, "model": "graph.edgecost", "pk": 46}, {"fields": {"edge": "175ca831d92b39d2db28eb31e9b0a26b", "cost": 0.07330476950296189}, "model": "graph.edgecost", "pk": 47}, {"fields": {"edge": "2d730e2573a07fda1918ba3f32c92a55", "cost": 0.1369037624257044}, "model": "graph.edgecost", "pk": 48}, {"fields": {"edge": "6a286d89d27563413f4e0dfc5d7eb714", "cost": 0.6750014353929243}, "model": "graph.edgecost", "pk": 49}, {"fields": {"edge": "90dbafdb4f7a61f4e247158e8fd76ec4", "cost": 0.5726225136337961}, "model": "graph.edgecost", "pk": 50}, {"fields": {"edge": "9bd0597b19ba9d536215502225a06bf7", "cost": 0.38070672794025184}, "model": "graph.edgecost", "pk": 51}, {"fields": {"edge": "a84a1dca6589c826ec01f3c198e87d9c", "cost": 0.7828310455624624}, "model": "graph.edgecost", "pk": 52}, {"fields": {"edge": "ddc3b6fc049764ea432beec22f07866c", "cost": 0.22098993794971056}, "model": "graph.edgecost", "pk": 53}, {"fields": {"edge": "e3de3a730766ae7e1ba2564e7bebfa1e", "cost": 0.8364622264972856}, "model": "graph.edgecost", "pk": 54}, {"fields": {"edge": "13ad62e4ea5367c5c0744dbf95619c94", "cost": 0.7166883636675301}, "model": "graph.edgecost", "pk": 55}, {"fields": {"edge": "175ca831d92b39d2db28eb31e9b0a26b", "cost": 0.0721954342312987}, "model": "graph.edgecost", "pk": 56}, {"fields": {"edge": "2d730e2573a07fda1918ba3f32c92a55", "cost": 0.1333232630078372}, "model": "graph.edgecost", "pk": 57}, {"fields": {"edge": "6a286d89d27563413f4e0dfc5d7eb714", "cost": 0.7107463623476702}, "model": "graph.edgecost", "pk": 58}, {"fields": {"edge": "90dbafdb4f7a61f4e247158e8fd76ec4", "cost": 0.5725652739847995}, "model": "graph.edgecost", "pk": 59}, {"fields": {"edge": "9bd0597b19ba9d536215502225a06bf7", "cost": 0.4218924378269841}, "model": "graph.edgecost", "pk": 60}, {"fields": {"edge": "a84a1dca6589c826ec01f3c198e87d9c", "cost": 0.7780839712239355}, "model": "graph.edgecost", "pk": 61}, {"fields": {"edge": "ddc3b6fc049764ea432beec22f07866c", "cost": 0.21665849028938744}, "model": "graph.edgecost", "pk": 62}, {"fields": {"edge": "e3de3a730766ae7e1ba2564e7bebfa1e", "cost": 0.8000235909490803}, "model": "graph.edgecost", "pk": 63}, {"fields": {"edge": "13ad62e4ea5367c5c0744dbf95619c94", "cost": 0.6443322195485409}, "model": "graph.edgecost", "pk": 64}, {"fields": {"edge": "175ca831d92b39d2db28eb31e9b0a26b", "cost": 0.06340103265261149}, "model": "graph.edgecost", "pk": 65}, {"fields": {"edge": "2d730e2573a07fda1918ba3f32c92a55", "cost": 0.11626155013341499}, "model": "graph.edgecost", "pk": 66}, {"fields": {"edge": "6a286d89d27563413f4e0dfc5d7eb714", "cost": 0.8263792763461706}, "model": "graph.edgecost", "pk": 67}, {"fields": {"edge": "90dbafdb4f7a61f4e247158e8fd76ec4", "cost": 0.5292885041052885}, "model": "graph.edgecost", "pk": 68}, {"fields": {"edge": "9bd0597b19ba9d536215502225a06bf7", "cost": 0.5752041510377787}, "model": "graph.edgecost", "pk": 69}, {"fields": {"edge": "a84a1dca6589c826ec01f3c198e87d9c", "cost": 0.7089510868913149}, "model": "graph.edgecost", "pk": 70}, {"fields": {"edge": "ddc3b6fc049764ea432beec22f07866c", "cost": 0.18777409265578043}, "model": "graph.edgecost", "pk": 71}, {"fields": {"edge": "e3de3a730766ae7e1ba2564e7bebfa1e", "cost": 0.7158447620709063}, "model": "graph.edgecost", "pk": 72}, {"fields": {"edge": "13ad62e4ea5367c5c0744dbf95619c94", "cost": 0.6432575433071517}, "model": "graph.edgecost", "pk": 73}, {"fields": {"edge": "175ca831d92b39d2db28eb31e9b0a26b", "cost": 0.0622838291276178}, "model": "graph.edgecost", "pk": 74}, {"fields": {"edge": "2d730e2573a07fda1918ba3f32c92a55", "cost": 0.1152279422024759}, "model": "graph.edgecost", "pk": 75}, {"fields": {"edge": "6a286d89d27563413f4e0dfc5d7eb714", "cost": 0.8165362894623862}, "model": "graph.edgecost", "pk": 76}, {"fields": {"edge": "90dbafdb4f7a61f4e247158e8fd76ec4", "cost": 0.5402061672304622}, "model": "graph.edgecost", "pk": 77}, {"fields": {"edge": "9bd0597b19ba9d536215502225a06bf7", "cost": 0.5692423734801487}, "model": "graph.edgecost", "pk": 78}, {"fields": {"edge": "a84a1dca6589c826ec01f3c198e87d9c", "cost": 0.7177179385605559}, "model": "graph.edgecost", "pk": 79}, {"fields": {"edge": "ddc3b6fc049764ea432beec22f07866c", "cost": 0.18501008685461962}, "model": "graph.edgecost", "pk": 80}, {"fields": {"edge": "e3de3a730766ae7e1ba2564e7bebfa1e", "cost": 0.7130396879592954}, "model": "graph.edgecost", "pk": 81}, {"fields": {"edge": "13ad62e4ea5367c5c0744dbf95619c94", "cost": 0.2857142857142857}, "model": "graph.edgecost", "pk": 82}, {"fields": {"edge": "175ca831d92b39d2db28eb31e9b0a26b", "cost": 0.14285714285714285}, "model": "graph.edgecost", "pk": 83}, {"fields": {"edge": "2d730e2573a07fda1918ba3f32c92a55", "cost": 0.2857142857142857}, "model": "graph.edgecost", "pk": 84}, {"fields": {"edge": "6a286d89d27563413f4e0dfc5d7eb714", "cost": 0.5714285714285713}, "model": "graph.edgecost", "pk": 85}, {"fields": {"edge": "90dbafdb4f7a61f4e247158e8fd76ec4", "cost": 0.14285714285714285}, "model": "graph.edgecost", "pk": 86}, {"fields": {"edge": "9bd0597b19ba9d536215502225a06bf7", "cost": 0.14285714285714285}, "model": "graph.edgecost", "pk": 87}, {"fields": {"edge": "a84a1dca6589c826ec01f3c198e87d9c", "cost": 0.5714285714285713}, "model": "graph.edgecost", "pk": 88}, {"fields": {"edge": "ddc3b6fc049764ea432beec22f07866c", "cost": 0.2857142857142857}, "model": "graph.edgecost", "pk": 89}, {"fields": {"edge": "e3de3a730766ae7e1ba2564e7bebfa1e", "cost": 0.2857142857142857}, "model": "graph.edgecost", "pk": 90}, {"fields": {"edge": "13ad62e4ea5367c5c0744dbf95619c94", "cost": 0.33800352851208143}, "model": "graph.edgecost", "pk": 91}, {"fields": {"edge": "175ca831d92b39d2db28eb31e9b0a26b", "cost": 0.11039969138863959}, "model": "graph.edgecost", "pk": 92}, {"fields": {"edge": "2d730e2573a07fda1918ba3f32c92a55", "cost": 0.18274033277776955}, "model": "graph.edgecost", "pk": 93}, {"fields": {"edge": "6a286d89d27563413f4e0dfc5d7eb714", "cost": 0.47060769098261634}, "model": "graph.edgecost", "pk": 94}, {"fields": {"edge": "90dbafdb4f7a61f4e247158e8fd76ec4", "cost": 0.19138878050530234}, "model": "graph.edgecost", "pk": 95}, {"fields": {"edge": "9bd0597b19ba9d536215502225a06bf7", "cost": 0.17746766681620718}, "model": "graph.edgecost", "pk": 96}, {"fields": {"edge": "a84a1dca6589c826ec01f3c198e87d9c", "cost": 0.4845288046717115}, "model": "graph.edgecost", "pk": 97}, {"fields": {"edge": "ddc3b6fc049764ea432beec22f07866c", "cost": 0.18274033277776958}, "model": "graph.edgecost", "pk": 98}, {"fields": {"edge": "e3de3a730766ae7e1ba2564e7bebfa1e", "cost": 0.3380035285120814}, "model": "graph.edgecost", "pk": 99}, {"fields": {"edge": "13ad62e4ea5367c5c0744dbf95619c94", "cost": 0.3346575799793694}, "model": "graph.edgecost", "pk": 100}, {"fields": {"edge": "175ca831d92b39d2db28eb31e9b0a26b", "cost": 0.09954940964579605}, "model": "graph.edgecost", "pk": 101}, {"fields": {"edge": "2d730e2573a07fda1918ba3f32c92a55", "cost": 0.14355519085314983}, "model": "graph.edgecost", "pk": 102}, {"fields": {"edge": "6a286d89d27563413f4e0dfc5d7eb714", "cost": 0.45495001674605723}, "model": "graph.edgecost", "pk": 103}, {"fields": {"edge": "90dbafdb4f7a61f4e247158e8fd76ec4", "cost": 0.2103924032745735}, "model": "graph.edgecost", "pk": 104}, {"fields": {"edge": "9bd0597b19ba9d536215502225a06bf7", "cost": 0.21132152778982788}, "model": "graph.edgecost", "pk": 105}, {"fields": {"edge": "a84a1dca6589c826ec01f3c198e87d9c", "cost": 0.4534970037735193}, "model": "graph.edgecost", "pk": 106}, {"fields": {"edge": "ddc3b6fc049764ea432beec22f07866c", "cost": 0.1440790793104332}, "model": "graph.edgecost", "pk": 107}, {"fields": {"edge": "e3de3a730766ae7e1ba2564e7bebfa1e", "cost": 0.33518146843665275}, "model": "graph.edgecost", "pk": 108}, {"fields": {"edge": "13ad62e4ea5367c5c0744dbf95619c94", "cost": 0.33155584274862193}, "model": "graph.edgecost", "pk": 109}, {"fields": {"edge": "175ca831d92b39d2db28eb31e9b0a26b", "cost": 0.07982304150480508}, "model": "graph.edgecost", "pk": 110}, {"fields": {"edge": "2d730e2573a07fda1918ba3f32c92a55", "cost": 0.096419669968278}, "model": "graph.edgecost", "pk": 111}, {"fields": {"edge": "6a286d89d27563413f4e0dfc5d7eb714", "cost": 0.4295720927436166}, "model": "graph.edgecost", "pk": 112}, {"fields": {"edge": "90dbafdb4f7a61f4e247158e8fd76ec4", "cost": 0.23887206450776133}, "model": "graph.edgecost", "pk": 113}, {"fields": {"edge": "9bd0597b19ba9d536215502225a06bf7", "cost": 0.2449007316356618}, "model": "graph.edgecost", "pk": 114}, {"fields": {"edge": "a84a1dca6589c826ec01f3c198e87d9c", "cost": 0.41511477598084445}, "model": "graph.edgecost", "pk": 115}, {"fields": {"edge": "ddc3b6fc049764ea432beec22f07866c", "cost": 0.10484831960314969}, "model": "graph.edgecost", "pk": 116}, {"fields": {"edge": "e3de3a730766ae7e1ba2564e7bebfa1e", "cost": 0.3399844923834936}, "model": "graph.edgecost", "pk": 117}, {"fields": {"edge": "13ad62e4ea5367c5c0744dbf95619c94", "cost": 0.3453396135517033}, "model": "graph.edgecost", "pk": 118}, {"fields": {"edge": "175ca831d92b39d2db28eb31e9b0a26b", "cost": 0.055082941344289815}, "model": "graph.edgecost", "pk": 119}, {"fields": {"edge": "2d730e2573a07fda1918ba3f32c92a55", "cost": 0.0934723537043477}, "model": "graph.edgecost", "pk": 120}, {"fields": {"edge": "6a286d89d27563413f4e0dfc5d7eb714", "cost": 0.4011826172883055}, "model": "graph.edgecost", "pk": 121}, {"fields": {"edge": "90dbafdb4f7a61f4e247158e8fd76ec4", "cost": 0.2534777691599912}, "model": "graph.edgecost", "pk": 122}, {"fields": {"edge": "9bd0597b19ba9d536215502225a06bf7", "cost": 0.258721772211844}, "model": "graph.edgecost", "pk": 123}, {"fields": {"edge": "a84a1dca6589c826ec01f3c198e87d9c", "cost": 0.4020330642086287}, "model": "graph.edgecost", "pk": 124}, {"fields": {"edge": "ddc3b6fc049764ea432beec22f07866c", "cost": 0.08737790373217165}, "model": "graph.edgecost", "pk": 125}, {"fields": {"edge": "e3de3a730766ae7e1ba2564e7bebfa1e", "cost": 0.3392451635795273}, "model": "graph.edgecost", "pk": 126}, {"fields": {"edge": "13ad62e4ea5367c5c0744dbf95619c94", "cost": 0.3421320813876135}, "model": "graph.edgecost", "pk": 127}, {"fields": {"edge": "175ca831d92b39d2db28eb31e9b0a26b", "cost": 0.04227378568515215}, "model": "graph.edgecost", "pk": 128}, {"fields": {"edge": "2d730e2573a07fda1918ba3f32c92a55", "cost": 0.07018738348087555}, "model": "graph.edgecost", "pk": 129}, {"fields": {"edge": "6a286d89d27563413f4e0dfc5d7eb714", "cost": 0.38785783485607417}, "model": "graph.edgecost", "pk": 130}, {"fields": {"edge": "90dbafdb4f7a61f4e247158e8fd76ec4", "cost": 0.2700100837563123}, "model": "graph.edgecost", "pk": 131}, {"fields": {"edge": "9bd0597b19ba9d536215502225a06bf7", "cost": 0.27545840753345446}, "model": "graph.edgecost", "pk": 132}, {"fields": {"edge": "a84a1dca6589c826ec01f3c198e87d9c", "cost": 0.3824712529223401}, "model": "graph.edgecost", "pk": 133}, {"fields": {"edge": "ddc3b6fc049764ea432beec22f07866c", "cost": 0.07012564163746758}, "model": "graph.edgecost", "pk": 134}, {"fields": {"edge": "e3de3a730766ae7e1ba2564e7bebfa1e", "cost": 0.3420703395442055}, "model": "graph.edgecost", "pk": 135}, {"fields": {"edge": "13ad62e4ea5367c5c0744dbf95619c94", "cost": 0.33743513167633576}, "model": "graph.edgecost", "pk": 136}, {"fields": {"edge": "175ca831d92b39d2db28eb31e9b0a26b", "cost": 0.033018167419914694}, "model": "graph.edgecost", "pk": 137}, {"fields": {"edge": "2d730e2573a07fda1918ba3f32c92a55", "cost": 0.05971071544800216}, "model": "graph.edgecost", "pk": 138}, {"fields": {"edge": "6a286d89d27563413f4e0dfc5d7eb714", "cost": 0.38170517961551215}, "model": "graph.edgecost", "pk": 139}, {"fields": {"edge": "90dbafdb4f7a61f4e247158e8fd76ec4", "cost": 0.28085968870815214}, "model": "graph.edgecost", "pk": 140}, {"fields": {"edge": "9bd0597b19ba9d536215502225a06bf7", "cost": 0.28106084406514187}, "model": "graph.edgecost", "pk": 141}, {"fields": {"edge": "a84a1dca6589c826ec01f3c198e87d9c", "cost": 0.37358857157606906}, "model": "graph.edgecost", "pk": 142}, {"fields": {"edge": "ddc3b6fc049764ea432beec22f07866c", "cost": 0.0676261681304556}, "model": "graph.edgecost", "pk": 143}, {"fields": {"edge": "e3de3a730766ae7e1ba2564e7bebfa1e", "cost": 0.3453505843587893}, "model": "graph.edgecost", "pk": 144}, {"fields": {"graph": "G1", "edge_costs": [1, 2, 3, 4, 5, 6, 7, 8, 9]}, "model": "graph.graphcost", "pk": 1}, {"fields": {"graph": "G1", "edge_costs": [10, 11, 12, 13, 14, 15, 16, 17, 18]}, "model": "graph.graphcost", "pk": 2}, {"fields": {"graph": "G1", "edge_costs": [19, 20, 21, 22, 23, 24, 25, 26, 27]}, "model": "graph.graphcost", "pk": 3}, {"fields": {"graph": "G1", "edge_costs": [28, 29, 30, 31, 32, 33, 34, 35, 36]}, "model": "graph.graphcost", "pk": 4}, {"fields": {"graph": "G1", "edge_costs": [37, 38, 39, 40, 41, 42, 43, 44, 45]}, "model": "graph.graphcost", "pk": 5}, {"fields": {"graph": "G1", "edge_costs": [46, 47, 48, 49, 50, 51, 52, 53, 54]}, "model": "graph.graphcost", "pk": 6}, {"fields": {"graph": "G1", "edge_costs": [55, 56, 57, 58, 59, 60, 61, 62, 63]}, "model": "graph.graphcost", "pk": 7}, {"fields": {"graph": "G1", "edge_costs": [64, 65, 66, 67, 68, 69, 70, 71, 72]}, "model": "graph.graphcost", "pk": 8}, {"fields": {"graph": "G1", "edge_costs": [73, 74, 75, 76, 77, 78, 79, 80, 81]}, "model": "graph.graphcost", "pk": 9}, {"fields": {"graph": "G1", "edge_costs": [82, 83, 84, 85, 86, 87, 88, 89, 90]}, "model": "graph.graphcost", "pk": 10}, {"fields": {"graph": "G1", "edge_costs": [91, 92, 93, 94, 95, 96, 97, 98, 99]}, "model": "graph.graphcost", "pk": 11}, {"fields": {"graph": "G1", "edge_costs": [100, 101, 102, 103, 104, 105, 106, 107, 108]}, "model": "graph.graphcost", "pk": 12}, {"fields": {"graph": "G1", "edge_costs": [109, 110, 111, 112, 113, 114, 115, 116, 117]}, "model": "graph.graphcost", "pk": 13}, {"fields": {"graph": "G1", "edge_costs": [118, 119, 120, 121, 122, 123, 124, 125, 126]}, "model": "graph.graphcost", "pk": 14}, {"fields": {"graph": "G1", "edge_costs": [127, 128, 129, 130, 131, 132, 133, 134, 135]}, "model": "graph.graphcost", "pk": 15}, {"fields": {"graph": "G1", "edge_costs": [136, 137, 138, 139, 140, 141, 142, 143, 144]}, "model": "graph.graphcost", "pk": 16}, {"fields": {"current_turn": 10, "single_slider_mode": false, "started": true, "graph": "useless_2", "game_loop_time": "2016-05-26T21:42:06.636Z", "currently_in_use": false, "edge_highlight": true, "stopped": true, "turns": [1, 2, 3, 4, 5, 6, 7, 8, 9], "duration": 5}, "model": "graph.game", "pk": "game_1"}, {"fields": {"current_turn": 18, "single_slider_mode": false, "started": true, "graph": "G1", "game_loop_time": "2016-05-26T21:47:59.766Z", "currently_in_use": true, "edge_highlight": true, "stopped": false, "turns": [11, 12, 13, 14, 15, 16, 17], "duration": 30}, "model": "graph.game", "pk": "game_2"}, {"fields": {"codename": "add_permission", "name": "Can add permission", "content_type": 1}, "model": "auth.permission", "pk": 1}, {"fields": {"codename": "change_permission", "name": "Can change permission", "content_type": 1}, "model": "auth.permission", "pk": 2}, {"fields": {"codename": "delete_permission", "name": "Can delete permission", "content_type": 1}, "model": "auth.permission", "pk": 3}, {"fields": {"codename": "add_group", "name": "Can add group", "content_type": 2}, "model": "auth.permission", "pk": 4}, {"fields": {"codename": "change_group", "name": "Can change group", "content_type": 2}, "model": "auth.permission", "pk": 5}, {"fields": {"codename": "delete_group", "name": "Can delete group", "content_type": 2}, "model": "auth.permission", "pk": 6}, {"fields": {"codename": "add_user", "name": "Can add user", "content_type": 3}, "model": "auth.permission", "pk": 7}, {"fields": {"codename": "change_user", "name": "Can change user", "content_type": 3}, "model": "auth.permission", "pk": 8}, {"fields": {"codename": "delete_user", "name": "Can delete user", "content_type": 3}, "model": "auth.permission", "pk": 9}, {"fields": {"codename": "add_contenttype", "name": "Can add content type", "content_type": 4}, "model": "auth.permission", "pk": 10}, {"fields": {"codename": "change_contenttype", "name": "Can change content type", "content_type": 4}, "model": "auth.permission", "pk": 11}, {"fields": {"codename": "delete_contenttype", "name": "Can delete content type", "content_type": 4}, "model": "auth.permission", "pk": 12}, {"fields": {"codename": "add_session", "name": "Can add session", "content_type": 5}, "model": "auth.permission", "pk": 13}, {"fields": {"codename": "change_session", "name": "Can change session", "content_type": 5}, "model": "auth.permission", "pk": 14}, {"fields": {"codename": "delete_session", "name": "Can delete session", "content_type": 5}, "model": "auth.permission", "pk": 15}, {"fields": {"codename": "add_taskmeta", "name": "Can add task state", "content_type": 6}, "model": "auth.permission", "pk": 16}, {"fields": {"codename": "change_taskmeta", "name": "Can change task state", "content_type": 6}, "model": "auth.permission", "pk": 17}, {"fields": {"codename": "delete_taskmeta", "name": "Can delete task state", "content_type": 6}, "model": "auth.permission", "pk": 18}, {"fields": {"codename": "add_tasksetmeta", "name": "Can add saved group result", "content_type": 7}, "model": "auth.permission", "pk": 19}, {"fields": {"codename": "change_tasksetmeta", "name": "Can change saved group result", "content_type": 7}, "model": "auth.permission", "pk": 20}, {"fields": {"codename": "delete_tasksetmeta", "name": "Can delete saved group result", "content_type": 7}, "model": "auth.permission", "pk": 21}, {"fields": {"codename": "add_intervalschedule", "name": "Can add interval", "content_type": 8}, "model": "auth.permission", "pk": 22}, {"fields": {"codename": "change_intervalschedule", "name": "Can change interval", "content_type": 8}, "model": "auth.permission", "pk": 23}, {"fields": {"codename": "delete_intervalschedule", "name": "Can delete interval", "content_type": 8}, "model": "auth.permission", "pk": 24}, {"fields": {"codename": "add_crontabschedule", "name": "Can add crontab", "content_type": 9}, "model": "auth.permission", "pk": 25}, {"fields": {"codename": "change_crontabschedule", "name": "Can change crontab", "content_type": 9}, "model": "auth.permission", "pk": 26}, {"fields": {"codename": "delete_crontabschedule", "name": "Can delete crontab", "content_type": 9}, "model": "auth.permission", "pk": 27}, {"fields": {"codename": "add_periodictasks", "name": "Can add periodic tasks", "content_type": 10}, "model": "auth.permission", "pk": 28}, {"fields": {"codename": "change_periodictasks", "name": "Can change periodic tasks", "content_type": 10}, "model": "auth.permission", "pk": 29}, {"fields": {"codename": "delete_periodictasks", "name": "Can delete periodic tasks", "content_type": 10}, "model": "auth.permission", "pk": 30}, {"fields": {"codename": "add_periodictask", "name": "Can add periodic task", "content_type": 11}, "model": "auth.permission", "pk": 31}, {"fields": {"codename": "change_periodictask", "name": "Can change periodic task", "content_type": 11}, "model": "auth.permission", "pk": 32}, {"fields": {"codename": "delete_periodictask", "name": "Can delete periodic task", "content_type": 11}, "model": "auth.permission", "pk": 33}, {"fields": {"codename": "add_workerstate", "name": "Can add worker", "content_type": 12}, "model": "auth.permission", "pk": 34}, {"fields": {"codename": "change_workerstate", "name": "Can change worker", "content_type": 12}, "model": "auth.permission", "pk": 35}, {"fields": {"codename": "delete_workerstate", "name": "Can delete worker", "content_type": 12}, "model": "auth.permission", "pk": 36}, {"fields": {"codename": "add_taskstate", "name": "Can add task", "content_type": 13}, "model": "auth.permission", "pk": 37}, {"fields": {"codename": "change_taskstate", "name": "Can change task", "content_type": 13}, "model": "auth.permission", "pk": 38}, {"fields": {"codename": "delete_taskstate", "name": "Can delete task", "content_type": 13}, "model": "auth.permission", "pk": 39}, {"fields": {"codename": "add_user", "name": "Can add user", "content_type": 14}, "model": "auth.permission", "pk": 40}, {"fields": {"codename": "change_user", "name": "Can change user", "content_type": 14}, "model": "auth.permission", "pk": 41}, {"fields": {"codename": "delete_user", "name": "Can delete user", "content_type": 14}, "model": "auth.permission", "pk": 42}, {"fields": {"codename": "add_graph", "name": "Can add graph", "content_type": 15}, "model": "auth.permission", "pk": 43}, {"fields": {"codename": "change_graph", "name": "Can change graph", "content_type": 15}, "model": "auth.permission", "pk": 44}, {"fields": {"codename": "delete_graph", "name": "Can delete graph", "content_type": 15}, "model": "auth.permission", "pk": 45}, {"fields": {"codename": "add_node", "name": "Can add node", "content_type": 16}, "model": "auth.permission", "pk": 46}, {"fields": {"codename": "change_node", "name": "Can change node", "content_type": 16}, "model": "auth.permission", "pk": 47}, {"fields": {"codename": "delete_node", "name": "Can delete node", "content_type": 16}, "model": "auth.permission", "pk": 48}, {"fields": {"codename": "add_playermodel", "name": "Can add player model", "content_type": 17}, "model": "auth.permission", "pk": 49}, {"fields": {"codename": "change_playermodel", "name": "Can change player model", "content_type": 17}, "model": "auth.permission", "pk": 50}, {"fields": {"codename": "delete_playermodel", "name": "Can delete player model", "content_type": 17}, "model": "auth.permission", "pk": 51}, {"fields": {"codename": "add_player", "name": "Can add player", "content_type": 18}, "model": "auth.permission", "pk": 52}, {"fields": {"codename": "change_player", "name": "Can change player", "content_type": 18}, "model": "auth.permission", "pk": 53}, {"fields": {"codename": "delete_player", "name": "Can delete player", "content_type": 18}, "model": "auth.permission", "pk": 54}, {"fields": {"codename": "add_edge", "name": "Can add edge", "content_type": 19}, "model": "auth.permission", "pk": 55}, {"fields": {"codename": "change_edge", "name": "Can change edge", "content_type": 19}, "model": "auth.permission", "pk": 56}, {"fields": {"codename": "delete_edge", "name": "Can delete edge", "content_type": 19}, "model": "auth.permission", "pk": 57}, {"fields": {"codename": "add_path", "name": "Can add path", "content_type": 20}, "model": "auth.permission", "pk": 58}, {"fields": {"codename": "change_path", "name": "Can change path", "content_type": 20}, "model": "auth.permission", "pk": 59}, {"fields": {"codename": "delete_path", "name": "Can delete path", "content_type": 20}, "model": "auth.permission", "pk": 60}, {"fields": {"codename": "add_pathflowassignment", "name": "Can add path flow assignment", "content_type": 21}, "model": "auth.permission", "pk": 61}, {"fields": {"codename": "change_pathflowassignment", "name": "Can change path flow assignment", "content_type": 21}, "model": "auth.permission", "pk": 62}, {"fields": {"codename": "delete_pathflowassignment", "name": "Can delete path flow assignment", "content_type": 21}, "model": "auth.permission", "pk": 63}, {"fields": {"codename": "add_gameturn", "name": "Can add game turn", "content_type": 22}, "model": "auth.permission", "pk": 64}, {"fields": {"codename": "change_gameturn", "name": "Can change game turn", "content_type": 22}, "model": "auth.permission", "pk": 65}, {"fields": {"codename": "delete_gameturn", "name": "Can delete game turn", "content_type": 22}, "model": "auth.permission", "pk": 66}, {"fields": {"codename": "add_flowdistribution", "name": "Can add flow distribution", "content_type": 23}, "model": "auth.permission", "pk": 67}, {"fields": {"codename": "change_flowdistribution", "name": "Can change flow distribution", "content_type": 23}, "model": "auth.permission", "pk": 68}, {"fields": {"codename": "delete_flowdistribution", "name": "Can delete flow distribution", "content_type": 23}, "model": "auth.permission", "pk": 69}, {"fields": {"codename": "add_learningrate", "name": "Can add learning rate", "content_type": 24}, "model": "auth.permission", "pk": 70}, {"fields": {"codename": "change_learningrate", "name": "Can change learning rate", "content_type": 24}, "model": "auth.permission", "pk": 71}, {"fields": {"codename": "delete_learningrate", "name": "Can delete learning rate", "content_type": 24}, "model": "auth.permission", "pk": 72}, {"fields": {"codename": "add_edgecost", "name": "Can add edge cost", "content_type": 25}, "model": "auth.permission", "pk": 73}, {"fields": {"codename": "change_edgecost", "name": "Can change edge cost", "content_type": 25}, "model": "auth.permission", "pk": 74}, {"fields": {"codename": "delete_edgecost", "name": "Can delete edge cost", "content_type": 25}, "model": "auth.permission", "pk": 75}, {"fields": {"codename": "add_graphcost", "name": "Can add graph cost", "content_type": 26}, "model": "auth.permission", "pk": 76}, {"fields": {"codename": "change_graphcost", "name": "Can change graph cost", "content_type": 26}, "model": "auth.permission", "pk": 77}, {"fields": {"codename": "delete_graphcost", "name": "Can delete graph cost", "content_type": 26}, "model": "auth.permission", "pk": 78}, {"fields": {"codename": "add_game", "name": "Can add game", "content_type": 27}, "model": "auth.permission", "pk": 79}, {"fields": {"codename": "change_game", "name": "Can change game", "content_type": 27}, "model": "auth.permission", "pk": 80}, {"fields": {"codename": "delete_game", "name": "Can delete game", "content_type": 27}, "model": "auth.permission", "pk": 81}, {"fields": {"codename": "add_request", "name": "Can add request", "content_type": 28}, "model": "auth.permission", "pk": 82}, {"fields": {"codename": "change_request", "name": "Can change request", "content_type": 28}, "model": "auth.permission", "pk": 83}, {"fields": {"codename": "delete_request", "name": "Can delete request", "content_type": 28}, "model": "auth.permission", "pk": 84}, {"fields": {"codename": "add_response", "name": "Can add response", "content_type": 29}, "model": "auth.permission", "pk": 85}, {"fields": {"codename": "change_response", "name": "Can change response", "content_type": 29}, "model": "auth.permission", "pk": 86}, {"fields": {"codename": "delete_response", "name": "Can delete response", "content_type": 29}, "model": "auth.permission", "pk": 87}, {"fields": {"codename": "add_sqlquery", "name": "Can add sql query", "content_type": 30}, "model": "auth.permission", "pk": 88}, {"fields": {"codename": "change_sqlquery", "name": "Can change sql query", "content_type": 30}, "model": "auth.permission", "pk": 89}, {"fields": {"codename": "delete_sqlquery", "name": "Can delete sql query", "content_type": 30}, "model": "auth.permission", "pk": 90}, {"fields": {"codename": "add_profile", "name": "Can add profile", "content_type": 31}, "model": "auth.permission", "pk": 91}, {"fields": {"codename": "change_profile", "name": "Can change profile", "content_type": 31}, "model": "auth.permission", "pk": 92}, {"fields": {"codename": "delete_profile", "name": "Can delete profile", "content_type": 31}, "model": "auth.permission", "pk": 93}, {"fields": {"username": "admin", "first_name": "", "last_name": "", "is_active": true, "is_superuser": false, "is_staff": false, "last_login": "2016-05-26T21:37:30.988Z", "groups": [], "user_permissions": [], "password": "pbkdf2_sha256$15000$Nk7Nl5DR55io$F6IdWixYAt1Aoh5t5LvxCfey5PG2SzHPkEkVDK0tLKQ=", "email": "", "date_joined": "2016-05-26T18:43:19.210Z"}, "model": "auth.user", "pk": 1}, {"fields": {"username": "user_1", "first_name": "", "last_name": "", "is_active": true, "is_superuser": false, "is_staff": false, "last_login": "2016-05-26T21:40:33.363Z", "groups": [], "user_permissions": [], "password": "pbkdf2_sha256$15000$gtWMHbmN0n7C$wymqyg1JfKnpI5WGTIbfgjFtMfESTqfrSPjWJiv4zuw=", "email": "", "date_joined": "2016-05-26T19:18:03.461Z"}, "model": "auth.user", "pk": 2}, {"fields": {"username": "ai_player", "first_name": "", "last_name": "", "is_active": true, "is_superuser": false, "is_staff": false, "last_login": "2016-05-26T21:23:56.185Z", "groups": [], "user_permissions": [], "password": "ai_lab", "email": "", "date_joined": "2016-05-26T21:23:56.185Z"}, "model": "auth.user", "pk": 3}, {"fields": {"username": "user_2", "first_name": "", "last_name": "", "is_active": true, "is_superuser": false, "is_staff": false, "last_login": "2016-05-26T21:40:14.767Z", "groups": [], "user_permissions": [], "password": "pbkdf2_sha256$15000$Em21lDi4R9Mr$G3UvPXLilsOdP0cOTyjtJsp/y0w7ot3jPx2+dedi25o=", "email": "", "date_joined": "2016-05-26T21:39:22.010Z"}, "model": "auth.user", "pk": 4}, {"fields": {"superuser": true, "tested": false, "game": "game_2", "user": 1, "is_a_bot": false, "player_model": null}, "model": "graph.player", "pk": 1}, {"fields": {"superuser": false, "tested": true, "game": "game_1", "user": 2, "is_a_bot": false, "player_model": "G1_PM1"}, "model": "graph.player", "pk": 2}, {"fields": {"superuser": false, "tested": true, "game": "game_2", "user": 3, "is_a_bot": true, "player_model": "G1_PM2"}, "model": "graph.player", "pk": 3}, {"fields": {"superuser": false, "tested": true, "game": "game_2", "user": 4, "is_a_bot": false, "player_model": "G1_PM2"}, "model": "graph.player", "pk": 4}]