[{"fields": {"model": "permission", "name": "permission", "app_label": "auth"}, "model": "contenttypes.contenttype", "pk": 1}, {"fields": {"model": "group", "name": "group", "app_label": "auth"}, "model": "contenttypes.contenttype", "pk": 2}, {"fields": {"model": "user", "name": "user", "app_label": "auth"}, "model": "contenttypes.contenttype", "pk": 3}, {"fields": {"model": "contenttype", "name": "content type", "app_label": "contenttypes"}, "model": "contenttypes.contenttype", "pk": 4}, {"fields": {"model": "session", "name": "session", "app_label": "sessions"}, "model": "contenttypes.contenttype", "pk": 5}, {"fields": {"model": "taskmeta", "name": "task state", "app_label": "djcelery"}, "model": "contenttypes.contenttype", "pk": 6}, {"fields": {"model": "tasksetmeta", "name": "saved group result", "app_label": "djcelery"}, "model": "contenttypes.contenttype", "pk": 7}, {"fields": {"model": "intervalschedule", "name": "interval", "app_label": "djcelery"}, "model": "contenttypes.contenttype", "pk": 8}, {"fields": {"model": "crontabschedule", "name": "crontab", "app_label": "djcelery"}, "model": "contenttypes.contenttype", "pk": 9}, {"fields": {"model": "periodictasks", "name": "periodic tasks", "app_label": "djcelery"}, "model": "contenttypes.contenttype", "pk": 10}, {"fields": {"model": "periodictask", "name": "periodic task", "app_label": "djcelery"}, "model": "contenttypes.contenttype", "pk": 11}, {"fields": {"model": "workerstate", "name": "worker", "app_label": "djcelery"}, "model": "contenttypes.contenttype", "pk": 12}, {"fields": {"model": "taskstate", "name": "task", "app_label": "djcelery"}, "model": "contenttypes.contenttype", "pk": 13}, {"fields": {"model": "user", "name": "user", "app_label": "id_counter"}, "model": "contenttypes.contenttype", "pk": 14}, {"fields": {"model": "graph", "name": "graph", "app_label": "graph"}, "model": "contenttypes.contenttype", "pk": 15}, {"fields": {"model": "node", "name": "node", "app_label": "graph"}, "model": "contenttypes.contenttype", "pk": 16}, {"fields": {"model": "playermodel", "name": "player model", "app_label": "graph"}, "model": "contenttypes.contenttype", "pk": 17}, {"fields": {"model": "player", "name": "player", "app_label": "graph"}, "model": "contenttypes.contenttype", "pk": 18}, {"fields": {"model": "edge", "name": "edge", "app_label": "graph"}, "model": "contenttypes.contenttype", "pk": 19}, {"fields": {"model": "path", "name": "path", "app_label": "graph"}, "model": "contenttypes.contenttype", "pk": 20}, {"fields": {"model": "pathflowassignment", "name": "path flow assignment", "app_label": "graph"}, "model": "contenttypes.contenttype", "pk": 21}, {"fields": {"model": "gameturn", "name": "game turn", "app_label": "graph"}, "model": "contenttypes.contenttype", "pk": 22}, {"fields": {"model": "flowdistribution", "name": "flow distribution", "app_label": "graph"}, "model": "contenttypes.contenttype", "pk": 23}, {"fields": {"model": "learningrate", "name": "learning rate", "app_label": "graph"}, "model": "contenttypes.contenttype", "pk": 24}, {"fields": {"model": "edgecost", "name": "edge cost", "app_label": "graph"}, "model": "contenttypes.contenttype", "pk": 25}, {"fields": {"model": "graphcost", "name": "graph cost", "app_label": "graph"}, "model": "contenttypes.contenttype", "pk": 26}, {"fields": {"model": "game", "name": "game", "app_label": "graph"}, "model": "contenttypes.contenttype", "pk": 27}, {"fields": {"model": "request", "name": "request", "app_label": "silk"}, "model": "contenttypes.contenttype", "pk": 28}, {"fields": {"model": "response", "name": "response", "app_label": "silk"}, "model": "contenttypes.contenttype", "pk": 29}, {"fields": {"model": "sqlquery", "name": "sql query", "app_label": "silk"}, "model": "contenttypes.contenttype", "pk": 30}, {"fields": {"model": "profile", "name": "profile", "app_label": "silk"}, "model": "contenttypes.contenttype", "pk": 31}, {"fields": {"expire_date": "2016-06-09T21:23:04.861Z", "session_data": "ZjRlMWI5OTgxZDA3OTlmNzczNjgxOTg0YjMyMmFhM2NiNmJiNzE5MDp7fQ=="}, "model": "sessions.session", "pk": "1q6kw1ylhbqyrv5c94uwmpob000y4ah6"}, {"fields": {"expire_date": "2016-06-09T21:23:42.400Z", "session_data": "NDk0OWM0OTM1NDZmYzc2NjgyMjUyNTkxMmQyMTA5NzU5YzBlNTExOTp7Il9hdXRoX3VzZXJfaGFzaCI6ImVjYTI2YmQyN2RlZTY0MmVlY2QwOWM0YzM5NTQwNDMyNDliMDlmNWIiLCJfYXV0aF91c2VyX2JhY2tlbmQiOiJkamFuZ28uY29udHJpYi5hdXRoLmJhY2tlbmRzLk1vZGVsQmFja2VuZCIsIl9hdXRoX3VzZXJfaWQiOjF9"}, "model": "sessions.session", "pk": "6un6qdkjo2x2pa1byznphreldxjpc5ko"}, {"fields": {"expire_date": "2016-06-09T19:17:49.724Z", "session_data": "ZjRlMWI5OTgxZDA3OTlmNzczNjgxOTg0YjMyMmFhM2NiNmJiNzE5MDp7fQ=="}, "model": "sessions.session", "pk": "ekq42kbym1cdbl1nvhniou7ww1kbrmzf"}, {"fields": {"expire_date": "2016-06-09T19:17:54.760Z", "session_data": "ZjRlMWI5OTgxZDA3OTlmNzczNjgxOTg0YjMyMmFhM2NiNmJiNzE5MDp7fQ=="}, "model": "sessions.session", "pk": "g6wm3xhnwwcpi6hacmi4s7er5yukj2pv"}, {"fields": {"expire_date": "2016-06-09T18:43:22.022Z", "session_data": "NDk0OWM0OTM1NDZmYzc2NjgyMjUyNTkxMmQyMTA5NzU5YzBlNTExOTp7Il9hdXRoX3VzZXJfaGFzaCI6ImVjYTI2YmQyN2RlZTY0MmVlY2QwOWM0YzM5NTQwNDMyNDliMDlmNWIiLCJfYXV0aF91c2VyX2JhY2tlbmQiOiJkamFuZ28uY29udHJpYi5hdXRoLmJhY2tlbmRzLk1vZGVsQmFja2VuZCIsIl9hdXRoX3VzZXJfaWQiOjF9"}, "model": "sessions.session", "pk": "j0kzien9288wr7ovk8j9rjzu7qftocg7"}, {"fields": {"expire_date": "2016-06-09T21:23:04.036Z", "session_data": "ZjRlMWI5OTgxZDA3OTlmNzczNjgxOTg0YjMyMmFhM2NiNmJiNzE5MDp7fQ=="}, "model": "sessions.session", "pk": "nlwvxnvyrcfsz6docou9mogf64ozphuq"}, {"fields": {"expire_date": "2016-06-09T23:28:10.758Z", "session_data": "ZjRlMWI5OTgxZDA3OTlmNzczNjgxOTg0YjMyMmFhM2NiNmJiNzE5MDp7fQ=="}, "model": "sessions.session", "pk": "rwtlnjmrq562ha4mwa44m6y1ihzguyiy"}, {"fields": {"expire_date": "2016-06-09T21:23:04.020Z", "session_data": "ZjRlMWI5OTgxZDA3OTlmNzczNjgxOTg0YjMyMmFhM2NiNmJiNzE5MDp7fQ=="}, "model": "sessions.session", "pk": "vb47stjdxvpwx2auuay7om305nzk38j8"}, {"fields": {"expire_date": "2016-06-09T23:28:25.000Z", "session_data": "NDk0OWM0OTM1NDZmYzc2NjgyMjUyNTkxMmQyMTA5NzU5YzBlNTExOTp7Il9hdXRoX3VzZXJfaGFzaCI6ImVjYTI2YmQyN2RlZTY0MmVlY2QwOWM0YzM5NTQwNDMyNDliMDlmNWIiLCJfYXV0aF91c2VyX2JhY2tlbmQiOiJkamFuZ28uY29udHJpYi5hdXRoLmJhY2tlbmRzLk1vZGVsQmFja2VuZCIsIl9hdXRoX3VzZXJfaWQiOjF9"}, "model": "sessions.session", "pk": "w311xxmu1fcibs1z1c1xp917u7rp35rl"}, {"fields": {"expire_date": "2016-06-09T23:31:01.725Z", "session_data": "OGJiNzdiY2YwYTBmNjhhM2U1ZDBmMjA1OTJhNGFhZmZkMmY3NTU3Njp7Il9hdXRoX3VzZXJfaGFzaCI6ImU5ODRjYmEzNjYyZWRiMmE2MzQxODNkODY3NDJkY2Y1NjdhNzNjNGMiLCJfYXV0aF91c2VyX2JhY2tlbmQiOiJkamFuZ28uY29udHJpYi5hdXRoLmJhY2tlbmRzLk1vZGVsQmFja2VuZCIsIl9hdXRoX3VzZXJfaWQiOjJ9"}, "model": "sessions.session", "pk": "wj0qfyatfq6wob6ujrl5vp2x8n4pool6"}, {"fields": {"expire_date": "2016-06-09T23:32:22.232Z", "session_data": "MDdkYmQ3MjJlNDIzOTM1YTNmZjMwZGY0YWZkMTEwNDUyMzg2ZjI1OTp7Il9hdXRoX3VzZXJfaGFzaCI6IjIzNGExM2JhYjgwYmIzMjgxNmY4Yjk0MGU4ZTdiNDYzNWUyMzMzOWQiLCJfYXV0aF91c2VyX2JhY2tlbmQiOiJkamFuZ28uY29udHJpYi5hdXRoLmJhY2tlbmRzLk1vZGVsQmFja2VuZCIsIl9hdXRoX3VzZXJfaWQiOjR9"}, "model": "sessions.session", "pk": "znbl80kpog8f9v8qm6yeq2zxp9n3dnad"}, {"fields": {"graph_ui": "{\"graph\": \"G1\", \"nodes\": [{\"index\": 0, \"reflexive\": false, \"weight\": 3, \"px\": 79, \"py\": 362, \"y\": 362, \"x\": 79, \"id\": 1}, {\"index\": 1, \"reflexive\": false, \"weight\": 4, \"px\": 102, \"py\": 248, \"y\": 248, \"x\": 102, \"id\": 2}, {\"index\": 2, \"reflexive\": false, \"weight\": 4, \"px\": 212, \"py\": 361, \"y\": 361, \"x\": 212, \"id\": 3}, {\"index\": 3, \"reflexive\": false, \"weight\": 4, \"px\": 153, \"py\": 304, \"y\": 304, \"x\": 153, \"id\": 4}, {\"index\": 4, \"reflexive\": false, \"weight\": 3, \"px\": 225, \"py\": 246, \"y\": 246, \"x\": 225, \"id\": 5}], \"game\": \"game_1\", \"links\": [{\"id\": \"9bd0597b19ba9d536215502225a06bf7\", \"source\": {\"index\": 0, \"reflexive\": false, \"weight\": 3, \"px\": 79, \"py\": 362, \"y\": 362, \"x\": 79, \"id\": 1}, \"right\": true, \"target\": {\"index\": 1, \"reflexive\": false, \"weight\": 4, \"px\": 102, \"py\": 248, \"y\": 248, \"x\": 102, \"id\": 2}, \"left\": false}, {\"id\": \"6a286d89d27563413f4e0dfc5d7eb714\", \"source\": {\"index\": 1, \"reflexive\": false, \"weight\": 4, \"px\": 102, \"py\": 248, \"y\": 248, \"x\": 102, \"id\": 2}, \"right\": true, \"target\": {\"index\": 4, \"reflexive\": false, \"weight\": 3, \"px\": 225, \"py\": 246, \"y\": 246, \"x\": 225, \"id\": 5}, \"left\": false}, {\"id\": \"175ca831d92b39d2db28eb31e9b0a26b\", \"source\": {\"index\": 1, \"reflexive\": false, \"weight\": 4, \"px\": 102, \"py\": 248, \"y\": 248, \"x\": 102, \"id\": 2}, \"right\": false, \"target\": {\"index\": 3, \"reflexive\": false, \"weight\": 4, \"px\": 153, \"py\": 304, \"y\": 304, \"x\": 153, \"id\": 4}, \"left\": true}, {\"id\": \"2d730e2573a07fda1918ba3f32c92a55\", \"source\": {\"index\": 2, \"reflexive\": false, \"weight\": 4, \"px\": 212, \"py\": 361, \"y\": 361, \"x\": 212, \"id\": 3}, \"right\": false, \"target\": {\"index\": 3, \"reflexive\": false, \"weight\": 4, \"px\": 153, \"py\": 304, \"y\": 304, \"x\": 153, \"id\": 4}, \"left\": true}, {\"id\": \"13ad62e4ea5367c5c0744dbf95619c94\", \"source\": {\"index\": 2, \"reflexive\": false, \"weight\": 4, \"px\": 212, \"py\": 361, \"y\": 361, \"x\": 212, \"id\": 3}, \"right\": true, \"target\": {\"index\": 4, \"reflexive\": false, \"weight\": 3, \"px\": 225, \"py\": 246, \"y\": 246, \"x\": 225, \"id\": 5}, \"left\": false}, {\"id\": \"90dbafdb4f7a61f4e247158e8fd76ec4\", \"source\": {\"index\": 3, \"reflexive\": false, \"weight\": 4, \"px\": 153, \"py\": 304, \"y\": 304, \"x\": 153, \"id\": 4}, \"right\": true, \"target\": {\"index\": 4, \"reflexive\": false, \"weight\": 3, \"px\": 225, \"py\": 246, \"y\": 246, \"x\": 225, \"id\": 5}, \"left\": false}, {\"id\": \"a84a1dca6589c826ec01f3c198e87d9c\", \"source\": {\"index\": 0, \"reflexive\": false, \"weight\": 3, \"px\": 79, \"py\": 362, \"y\": 362, \"x\": 79, \"id\": 1}, \"right\": true, \"target\": {\"index\": 3, \"reflexive\": false, \"weight\": 4, \"px\": 153, \"py\": 304, \"y\": 304, \"x\": 153, \"id\": 4}, \"left\": false}, {\"id\": \"e3de3a730766ae7e1ba2564e7bebfa1e\", \"source\": {\"index\": 0, \"reflexive\": false, \"weight\": 3, \"px\": 79, \"py\": 362, \"y\": 362, \"x\": 79, \"id\": 1}, \"right\": true, \"target\": {\"index\": 2, \"reflexive\": false, \"weight\": 4, \"px\": 212, \"py\": 361, \"y\": 361, \"x\": 212, \"id\": 3}, \"left\": false}, {\"id\": \"ddc3b6fc049764ea432beec22f07866c\", \"source\": {\"index\": 1, \"reflexive\": false, \"weight\": 4, \"px\": 102, \"py\": 248, \"y\": 248, \"x\": 102, \"id\": 2}, \"right\": false, \"target\": {\"index\": 2, \"reflexive\": false, \"weight\": 4, \"px\": 212, \"py\": 361, \"y\": 361, \"x\": 212, \"id\": 3}, \"left\": true}]}"}, "model": "graph.graph", "pk": "G1"}, {"fields": {"graph_ui": ""}, "model": "graph.graph", "pk": "useless_2"}, {"fields": {"graph_ui": ""}, "model": "graph.graph", "pk": "useless_3"}, {"fields": {"graph": "G1", "ui_id": 3}, "model": "graph.node", "pk": "010e73e4-c023-4401-8b10-8eb68be1c75e"}, {"fields": {"graph": "G1", "ui_id": 5}, "model": "graph.node", "pk": "5a92b8f1-a3b4-41e5-b47a-6b8a5258bfbc"}, {"fields": {"graph": "G1", "ui_id": 4}, "model": "graph.node", "pk": "add5eef3-d568-4ec8-8ce2-4165b6fb129f"}, {"fields": {"graph": "G1", "ui_id": 1}, "model": "graph.node", "pk": "b837963e-a63b-4854-b67e-ebaa4953ed38"}, {"fields": {"graph": "G1", "ui_id": 2}, "model": "graph.node", "pk": "d1de5f7d-bdbb-40f3-a25d-1179a65e1663"}, {"fields": {"destination_node": "5a92b8f1-a3b4-41e5-b47a-6b8a5258bfbc", "graph": "G1", "in_use": true, "flow": 1.0, "normalization_const": 0.7077884466581221, "start_node": "b837963e-a63b-4854-b67e-ebaa4953ed38", "historic_player": "ai_playeruser_1ai_playeruser_2"}, "model": "graph.playermodel", "pk": "G1_PM2"}, {"fields": {"graph": "G1", "cost_function": "x", "to_node": "5a92b8f1-a3b4-41e5-b47a-6b8a5258bfbc", "from_node": "010e73e4-c023-4401-8b10-8eb68be1c75e"}, "model": "graph.edge", "pk": "13ad62e4ea5367c5c0744dbf95619c94"}, {"fields": {"graph": "G1", "cost_function": "x", "to_node": "d1de5f7d-bdbb-40f3-a25d-1179a65e1663", "from_node": "add5eef3-d568-4ec8-8ce2-4165b6fb129f"}, "model": "graph.edge", "pk": "175ca831d92b39d2db28eb31e9b0a26b"}, {"fields": {"graph": "G1", "cost_function": "x", "to_node": "010e73e4-c023-4401-8b10-8eb68be1c75e", "from_node": "add5eef3-d568-4ec8-8ce2-4165b6fb129f"}, "model": "graph.edge", "pk": "2d730e2573a07fda1918ba3f32c92a55"}, {"fields": {"graph": "G1", "cost_function": "x", "to_node": "5a92b8f1-a3b4-41e5-b47a-6b8a5258bfbc", "from_node": "d1de5f7d-bdbb-40f3-a25d-1179a65e1663"}, "model": "graph.edge", "pk": "6a286d89d27563413f4e0dfc5d7eb714"}, {"fields": {"graph": "G1", "cost_function": "x", "to_node": "5a92b8f1-a3b4-41e5-b47a-6b8a5258bfbc", "from_node": "add5eef3-d568-4ec8-8ce2-4165b6fb129f"}, "model": "graph.edge", "pk": "90dbafdb4f7a61f4e247158e8fd76ec4"}, {"fields": {"graph": "G1", "cost_function": "x", "to_node": "d1de5f7d-bdbb-40f3-a25d-1179a65e1663", "from_node": "b837963e-a63b-4854-b67e-ebaa4953ed38"}, "model": "graph.edge", "pk": "9bd0597b19ba9d536215502225a06bf7"}, {"fields": {"graph": "G1", "cost_function": "x", "to_node": "add5eef3-d568-4ec8-8ce2-4165b6fb129f", "from_node": "b837963e-a63b-4854-b67e-ebaa4953ed38"}, "model": "graph.edge", "pk": "a84a1dca6589c826ec01f3c198e87d9c"}, {"fields": {"graph": "G1", "cost_function": "x", "to_node": "d1de5f7d-bdbb-40f3-a25d-1179a65e1663", "from_node": "010e73e4-c023-4401-8b10-8eb68be1c75e"}, "model": "graph.edge", "pk": "ddc3b6fc049764ea432beec22f07866c"}, {"fields": {"graph": "G1", "cost_function": "x", "to_node": "010e73e4-c023-4401-8b10-8eb68be1c75e", "from_node": "b837963e-a63b-4854-b67e-ebaa4953ed38"}, "model": "graph.edge", "pk": "e3de3a730766ae7e1ba2564e7bebfa1e"}, {"fields": {"graph": "G1", "edges": ["6a286d89d27563413f4e0dfc5d7eb714", "9bd0597b19ba9d536215502225a06bf7"], "player_model": "G1_PM2"}, "model": "graph.path", "pk": 8}, {"fields": {"graph": "G1", "edges": ["6a286d89d27563413f4e0dfc5d7eb714", "ddc3b6fc049764ea432beec22f07866c", "e3de3a730766ae7e1ba2564e7bebfa1e"], "player_model": "G1_PM2"}, "model": "graph.path", "pk": 9}, {"fields": {"graph": "G1", "edges": ["13ad62e4ea5367c5c0744dbf95619c94", "e3de3a730766ae7e1ba2564e7bebfa1e"], "player_model": "G1_PM2"}, "model": "graph.path", "pk": 10}, {"fields": {"graph": "G1", "edges": ["175ca831d92b39d2db28eb31e9b0a26b", "6a286d89d27563413f4e0dfc5d7eb714", "a84a1dca6589c826ec01f3c198e87d9c"], "player_model": "G1_PM2"}, "model": "graph.path", "pk": 11}, {"fields": {"graph": "G1", "edges": ["2d730e2573a07fda1918ba3f32c92a55", "6a286d89d27563413f4e0dfc5d7eb714", "a84a1dca6589c826ec01f3c198e87d9c", "ddc3b6fc049764ea432beec22f07866c"], "player_model": "G1_PM2"}, "model": "graph.path", "pk": 12}, {"fields": {"graph": "G1", "edges": ["13ad62e4ea5367c5c0744dbf95619c94", "2d730e2573a07fda1918ba3f32c92a55", "a84a1dca6589c826ec01f3c198e87d9c"], "player_model": "G1_PM2"}, "model": "graph.path", "pk": 13}, {"fields": {"graph": "G1", "edges": ["90dbafdb4f7a61f4e247158e8fd76ec4", "a84a1dca6589c826ec01f3c198e87d9c"], "player_model": "G1_PM2"}, "model": "graph.path", "pk": 14}, {"fields": {"path": 8, "flow": 0.14285714285714288}, "model": "graph.pathflowassignment", "pk": 1}, {"fields": {"path": 9, "flow": 0.14285714285714288}, "model": "graph.pathflowassignment", "pk": 2}, {"fields": {"path": 10, "flow": 0.14285714285714288}, "model": "graph.pathflowassignment", "pk": 3}, {"fields": {"path": 11, "flow": 0.14285714285714288}, "model": "graph.pathflowassignment", "pk": 4}, {"fields": {"path": 12, "flow": 0.14285714285714288}, "model": "graph.pathflowassignment", "pk": 5}, {"fields": {"path": 13, "flow": 0.14285714285714288}, "model": "graph.pathflowassignment", "pk": 6}, {"fields": {"path": 14, "flow": 0.14285714285714288}, "model": "graph.pathflowassignment", "pk": 7}, {"fields": {"path": 8, "flow": 0.07142857142857144}, "model": "graph.pathflowassignment", "pk": 8}, {"fields": {"path": 9, "flow": 0.07142857142857144}, "model": "graph.pathflowassignment", "pk": 9}, {"fields": {"path": 10, "flow": 0.07142857142857144}, "model": "graph.pathflowassignment", "pk": 10}, {"fields": {"path": 11, "flow": 0.07142857142857144}, "model": "graph.pathflowassignment", "pk": 11}, {"fields": {"path": 12, "flow": 0.07142857142857144}, "model": "graph.pathflowassignment", "pk": 12}, {"fields": {"path": 13, "flow": 0.07142857142857144}, "model": "graph.pathflowassignment", "pk": 13}, {"fields": {"path": 14, "flow": 0.07142857142857144}, "model": "graph.pathflowassignment", "pk": 14}, {"fields": {"path": 8, "flow": 0.07142857142857142}, "model": "graph.pathflowassignment", "pk": 15}, {"fields": {"path": 9, "flow": 0.07142857142857142}, "model": "graph.pathflowassignment", "pk": 16}, {"fields": {"path": 10, "flow": 0.07142857142857142}, "model": "graph.pathflowassignment", "pk": 17}, {"fields": {"path": 11, "flow": 0.07142857142857142}, "model": "graph.pathflowassignment", "pk": 18}, {"fields": {"path": 12, "flow": 0.07142857142857142}, "model": "graph.pathflowassignment", "pk": 19}, {"fields": {"path": 13, "flow": 0.07142857142857142}, "model": "graph.pathflowassignment", "pk": 20}, {"fields": {"path": 14, "flow": 0.07142857142857142}, "model": "graph.pathflowassignment", "pk": 21}, {"fields": {"path": 8, "flow": 0.07142857142857142}, "model": "graph.pathflowassignment", "pk": 22}, {"fields": {"path": 9, "flow": 0.07142857142857142}, "model": "graph.pathflowassignment", "pk": 23}, {"fields": {"path": 10, "flow": 0.07142857142857142}, "model": "graph.pathflowassignment", "pk": 24}, {"fields": {"path": 11, "flow": 0.07142857142857142}, "model": "graph.pathflowassignment", "pk": 25}, {"fields": {"path": 12, "flow": 0.07142857142857142}, "model": "graph.pathflowassignment", "pk": 26}, {"fields": {"path": 13, "flow": 0.07142857142857142}, "model": "graph.pathflowassignment", "pk": 27}, {"fields": {"path": 14, "flow": 0.07142857142857142}, "model": "graph.pathflowassignment", "pk": 28}, {"fields": {"path": 8, "flow": 0.07142857142857144}, "model": "graph.pathflowassignment", "pk": 29}, {"fields": {"path": 9, "flow": 0.07142857142857144}, "model": "graph.pathflowassignment", "pk": 30}, {"fields": {"path": 10, "flow": 0.07142857142857144}, "model": "graph.pathflowassignment", "pk": 31}, {"fields": {"path": 11, "flow": 0.07142857142857144}, "model": "graph.pathflowassignment", "pk": 32}, {"fields": {"path": 12, "flow": 0.07142857142857144}, "model": "graph.pathflowassignment", "pk": 33}, {"fields": {"path": 13, "flow": 0.07142857142857144}, "model": "graph.pathflowassignment", "pk": 34}, {"fields": {"path": 14, "flow": 0.07142857142857144}, "model": "graph.pathflowassignment", "pk": 35}, {"fields": {"path": 8, "flow": 0.04761904761904762}, "model": "graph.pathflowassignment", "pk": 36}, {"fields": {"path": 9, "flow": 0.04761904761904762}, "model": "graph.pathflowassignment", "pk": 37}, {"fields": {"path": 10, "flow": 0.04761904761904762}, "model": "graph.pathflowassignment", "pk": 38}, {"fields": {"path": 11, "flow": 0.04761904761904762}, "model": "graph.pathflowassignment", "pk": 39}, {"fields": {"path": 12, "flow": 0.04761904761904762}, "model": "graph.pathflowassignment", "pk": 40}, {"fields": {"path": 13, "flow": 0.04761904761904762}, "model": "graph.pathflowassignment", "pk": 41}, {"fields": {"path": 14, "flow": 0.04761904761904762}, "model": "graph.pathflowassignment", "pk": 42}, {"fields": {"path": 8, "flow": 0.047619047619047616}, "model": "graph.pathflowassignment", "pk": 43}, {"fields": {"path": 9, "flow": 0.047619047619047616}, "model": "graph.pathflowassignment", "pk": 44}, {"fields": {"path": 10, "flow": 0.047619047619047616}, "model": "graph.pathflowassignment", "pk": 45}, {"fields": {"path": 11, "flow": 0.047619047619047616}, "model": "graph.pathflowassignment", "pk": 46}, {"fields": {"path": 12, "flow": 0.047619047619047616}, "model": "graph.pathflowassignment", "pk": 47}, {"fields": {"path": 13, "flow": 0.047619047619047616}, "model": "graph.pathflowassignment", "pk": 48}, {"fields": {"path": 14, "flow": 0.047619047619047616}, "model": "graph.pathflowassignment", "pk": 49}, {"fields": {"path": 8, "flow": 0.019512195121951216}, "model": "graph.pathflowassignment", "pk": 50}, {"fields": {"path": 9, "flow": 0.14471544715447152}, "model": "graph.pathflowassignment", "pk": 51}, {"fields": {"path": 10, "flow": 0.04227642276422764}, "model": "graph.pathflowassignment", "pk": 52}, {"fields": {"path": 11, "flow": 0.01138211382113821}, "model": "graph.pathflowassignment", "pk": 53}, {"fields": {"path": 12, "flow": 0.016260162601626015}, "model": "graph.pathflowassignment", "pk": 54}, {"fields": {"path": 13, "flow": 0.017886178861788615}, "model": "graph.pathflowassignment", "pk": 55}, {"fields": {"path": 14, "flow": 0.08130081300813007}, "model": "graph.pathflowassignment", "pk": 56}, {"fields": {"path": 8, "flow": 0.05785633772552711}, "model": "graph.pathflowassignment", "pk": 57}, {"fields": {"path": 9, "flow": 0.036112915617433496}, "model": "graph.pathflowassignment", "pk": 58}, {"fields": {"path": 10, "flow": 0.058545819793465424}, "model": "graph.pathflowassignment", "pk": 59}, {"fields": {"path": 11, "flow": 0.04246956172486032}, "model": "graph.pathflowassignment", "pk": 60}, {"fields": {"path": 12, "flow": 0.030636455141857356}, "model": "graph.pathflowassignment", "pk": 61}, {"fields": {"path": 13, "flow": 0.04966744864488015}, "model": "graph.pathflowassignment", "pk": 62}, {"fields": {"path": 14, "flow": 0.05804479468530948}, "model": "graph.pathflowassignment", "pk": 63}, {"fields": {"path": 8, "flow": 0.019512195121951216}, "model": "graph.pathflowassignment", "pk": 64}, {"fields": {"path": 9, "flow": 0.14471544715447152}, "model": "graph.pathflowassignment", "pk": 65}, {"fields": {"path": 10, "flow": 0.04227642276422764}, "model": "graph.pathflowassignment", "pk": 66}, {"fields": {"path": 11, "flow": 0.01138211382113821}, "model": "graph.pathflowassignment", "pk": 67}, {"fields": {"path": 12, "flow": 0.016260162601626015}, "model": "graph.pathflowassignment", "pk": 68}, {"fields": {"path": 13, "flow": 0.017886178861788615}, "model": "graph.pathflowassignment", "pk": 69}, {"fields": {"path": 14, "flow": 0.08130081300813007}, "model": "graph.pathflowassignment", "pk": 70}, {"fields": {"path": 8, "flow": 0.06433457117973106}, "model": "graph.pathflowassignment", "pk": 71}, {"fields": {"path": 9, "flow": 0.02958624617466254}, "model": "graph.pathflowassignment", "pk": 72}, {"fields": {"path": 10, "flow": 0.06447305921756064}, "model": "graph.pathflowassignment", "pk": 73}, {"fields": {"path": 11, "flow": 0.038629299362490974}, "model": "graph.pathflowassignment", "pk": 74}, {"fields": {"path": 12, "flow": 0.022726656292989814}, "model": "graph.pathflowassignment", "pk": 75}, {"fields": {"path": 13, "flow": 0.04952493967450038}, "model": "graph.pathflowassignment", "pk": 76}, {"fields": {"path": 14, "flow": 0.06405856143139796}, "model": "graph.pathflowassignment", "pk": 77}, {"fields": {"path": 8, "flow": 0.019512195121951216}, "model": "graph.pathflowassignment", "pk": 78}, {"fields": {"path": 9, "flow": 0.14471544715447152}, "model": "graph.pathflowassignment", "pk": 79}, {"fields": {"path": 10, "flow": 0.04227642276422764}, "model": "graph.pathflowassignment", "pk": 80}, {"fields": {"path": 11, "flow": 0.01138211382113821}, "model": "graph.pathflowassignment", "pk": 81}, {"fields": {"path": 12, "flow": 0.016260162601626015}, "model": "graph.pathflowassignment", "pk": 82}, {"fields": {"path": 13, "flow": 0.017886178861788615}, "model": "graph.pathflowassignment", "pk": 83}, {"fields": {"path": 14, "flow": 0.08130081300813007}, "model": "graph.pathflowassignment", "pk": 84}, {"fields": {"path": 8, "flow": 0.06920886839022868}, "model": "graph.pathflowassignment", "pk": 85}, {"fields": {"path": 9, "flow": 0.02511193591731181}, "model": "graph.pathflowassignment", "pk": 86}, {"fields": {"path": 10, "flow": 0.06839480468447137}, "model": "graph.pathflowassignment", "pk": 87}, {"fields": {"path": 11, "flow": 0.03560020883954446}, "model": "graph.pathflowassignment", "pk": 88}, {"fields": {"path": 12, "flow": 0.017924742687443495}, "model": "graph.pathflowassignment", "pk": 89}, {"fields": {"path": 13, "flow": 0.04881978351505533}, "model": "graph.pathflowassignment", "pk": 90}, {"fields": {"path": 14, "flow": 0.06827298929927827}, "model": "graph.pathflowassignment", "pk": 91}, {"fields": {"path": 8, "flow": 0.019512195121951216}, "model": "graph.pathflowassignment", "pk": 92}, {"fields": {"path": 9, "flow": 0.14471544715447152}, "model": "graph.pathflowassignment", "pk": 93}, {"fields": {"path": 10, "flow": 0.04227642276422764}, "model": "graph.pathflowassignment", "pk": 94}, {"fields": {"path": 11, "flow": 0.01138211382113821}, "model": "graph.pathflowassignment", "pk": 95}, {"fields": {"path": 12, "flow": 0.016260162601626015}, "model": "graph.pathflowassignment", "pk": 96}, {"fields": {"path": 13, "flow": 0.017886178861788615}, "model": "graph.pathflowassignment", "pk": 97}, {"fields": {"path": 14, "flow": 0.08130081300813007}, "model": "graph.pathflowassignment", "pk": 98}, {"fields": {"path": 8, "flow": 0.07314505436685993}, "model": "graph.pathflowassignment", "pk": 99}, {"fields": {"path": 9, "flow": 0.021775029017439232}, "model": "graph.pathflowassignment", "pk": 100}, {"fields": {"path": 10, "flow": 0.07122848730900183}, "model": "graph.pathflowassignment", "pk": 101}, {"fields": {"path": 11, "flow": 0.03310925609400626}, "model": "graph.pathflowassignment", "pk": 102}, {"fields": {"path": 12, "flow": 0.014653555382120542}, "model": "graph.pathflowassignment", "pk": 103}, {"fields": {"path": 13, "flow": 0.047933372797400536}, "model": "graph.pathflowassignment", "pk": 104}, {"fields": {"path": 14, "flow": 0.07148857836650503}, "model": "graph.pathflowassignment", "pk": 105}, {"fields": {"path": 8, "flow": 0.019512195121951216}, "model": "graph.pathflowassignment", "pk": 106}, {"fields": {"path": 9, "flow": 0.14471544715447152}, "model": "graph.pathflowassignment", "pk": 107}, {"fields": {"path": 10, "flow": 0.04227642276422764}, "model": "graph.pathflowassignment", "pk": 108}, {"fields": {"path": 11, "flow": 0.01138211382113821}, "model": "graph.pathflowassignment", "pk": 109}, {"fields": {"path": 12, "flow": 0.016260162601626015}, "model": "graph.pathflowassignment", "pk": 110}, {"fields": {"path": 13, "flow": 0.017886178861788615}, "model": "graph.pathflowassignment", "pk": 111}, {"fields": {"path": 14, "flow": 0.08130081300813007}, "model": "graph.pathflowassignment", "pk": 112}, {"fields": {"path": 8, "flow": 0.07644943480604703}, "model": "graph.pathflowassignment", "pk": 113}, {"fields": {"path": 9, "flow": 0.019161189974590587}, "model": "graph.pathflowassignment", "pk": 114}, {"fields": {"path": 10, "flow": 0.07338488091644021}, "model": "graph.pathflowassignment", "pk": 115}, {"fields": {"path": 11, "flow": 0.03100198614206025}, "model": "graph.pathflowassignment", "pk": 116}, {"fields": {"path": 12, "flow": 0.012271460170074446}, "model": "graph.pathflowassignment", "pk": 117}, {"fields": {"path": 13, "flow": 0.04699810629955379}, "model": "graph.pathflowassignment", "pk": 118}, {"fields": {"path": 14, "flow": 0.07406627502456702}, "model": "graph.pathflowassignment", "pk": 119}, {"fields": {"path": 8, "flow": 0.019512195121951216}, "model": "graph.pathflowassignment", "pk": 120}, {"fields": {"path": 9, "flow": 0.14471544715447152}, "model": "graph.pathflowassignment", "pk": 121}, {"fields": {"path": 10, "flow": 0.04227642276422764}, "model": "graph.pathflowassignment", "pk": 122}, {"fields": {"path": 11, "flow": 0.01138211382113821}, "model": "graph.pathflowassignment", "pk": 123}, {"fields": {"path": 12, "flow": 0.016260162601626015}, "model": "graph.pathflowassignment", "pk": 124}, {"fields": {"path": 13, "flow": 0.017886178861788615}, "model": "graph.pathflowassignment", "pk": 125}, {"fields": {"path": 14, "flow": 0.08130081300813007}, "model": "graph.pathflowassignment", "pk": 126}, {"fields": {"path": 8, "flow": 0.07929259300138099}, "model": "graph.pathflowassignment", "pk": 127}, {"fields": {"path": 9, "flow": 0.017045853875989125}, "model": "graph.pathflowassignment", "pk": 128}, {"fields": {"path": 10, "flow": 0.07508424278394246}, "model": "graph.pathflowassignment", "pk": 129}, {"fields": {"path": 11, "flow": 0.029182549697671964}, "model": "graph.pathflowassignment", "pk": 130}, {"fields": {"path": 12, "flow": 0.010458467207064124}, "model": "graph.pathflowassignment", "pk": 131}, {"fields": {"path": 13, "flow": 0.04606786475092536}, "model": "graph.pathflowassignment", "pk": 132}, {"fields": {"path": 14, "flow": 0.07620176201635938}, "model": "graph.pathflowassignment", "pk": 133}, {"fields": {"path": 8, "flow": 0.019512195121951216}, "model": "graph.pathflowassignment", "pk": 134}, {"fields": {"path": 9, "flow": 0.14471544715447152}, "model": "graph.pathflowassignment", "pk": 135}, {"fields": {"path": 10, "flow": 0.04227642276422764}, "model": "graph.pathflowassignment", "pk": 136}, {"fields": {"path": 11, "flow": 0.01138211382113821}, "model": "graph.pathflowassignment", "pk": 137}, {"fields": {"path": 12, "flow": 0.016260162601626015}, "model": "graph.pathflowassignment", "pk": 138}, {"fields": {"path": 13, "flow": 0.017886178861788615}, "model": "graph.pathflowassignment", "pk": 139}, {"fields": {"path": 14, "flow": 0.08130081300813007}, "model": "graph.pathflowassignment", "pk": 140}, {"fields": {"path": 8, "flow": 0.08178109033241841}, "model": "graph.pathflowassignment", "pk": 141}, {"fields": {"path": 9, "flow": 0.015293319858764934}, "model": "graph.pathflowassignment", "pk": 142}, {"fields": {"path": 10, "flow": 0.07645814457755509}, "model": "graph.pathflowassignment", "pk": 143}, {"fields": {"path": 11, "flow": 0.027587189453357804}, "model": "graph.pathflowassignment", "pk": 144}, {"fields": {"path": 12, "flow": 0.009034176201293287}, "model": "graph.pathflowassignment", "pk": 145}, {"fields": {"path": 13, "flow": 0.04516588657770825}, "model": "graph.pathflowassignment", "pk": 146}, {"fields": {"path": 14, "flow": 0.07801352633223556}, "model": "graph.pathflowassignment", "pk": 147}, {"fields": {"path": 8, "flow": 0.019512195121951216}, "model": "graph.pathflowassignment", "pk": 148}, {"fields": {"path": 9, "flow": 0.14471544715447152}, "model": "graph.pathflowassignment", "pk": 149}, {"fields": {"path": 10, "flow": 0.04227642276422764}, "model": "graph.pathflowassignment", "pk": 150}, {"fields": {"path": 11, "flow": 0.01138211382113821}, "model": "graph.pathflowassignment", "pk": 151}, {"fields": {"path": 12, "flow": 0.016260162601626015}, "model": "graph.pathflowassignment", "pk": 152}, {"fields": {"path": 13, "flow": 0.017886178861788615}, "model": "graph.pathflowassignment", "pk": 153}, {"fields": {"path": 14, "flow": 0.08130081300813007}, "model": "graph.pathflowassignment", "pk": 154}, {"fields": {"path": 8, "flow": 0.08398682382585297}, "model": "graph.pathflowassignment", "pk": 155}, {"fields": {"path": 9, "flow": 0.013815309961142906}, "model": "graph.pathflowassignment", "pk": 156}, {"fields": {"path": 10, "flow": 0.07759110929613998}, "model": "graph.pathflowassignment", "pk": 157}, {"fields": {"path": 11, "flow": 0.026171243325958615}, "model": "graph.pathflowassignment", "pk": 158}, {"fields": {"path": 12, "flow": 0.007888077708531336}, "model": "graph.pathflowassignment", "pk": 159}, {"fields": {"path": 13, "flow": 0.044301915870186365}, "model": "graph.pathflowassignment", "pk": 160}, {"fields": {"path": 14, "flow": 0.07957885334552117}, "model": "graph.pathflowassignment", "pk": 161}, {"fields": {"path": 8, "flow": 0.019512195121951216}, "model": "graph.pathflowassignment", "pk": 162}, {"fields": {"path": 9, "flow": 0.14471544715447152}, "model": "graph.pathflowassignment", "pk": 163}, {"fields": {"path": 10, "flow": 0.04227642276422764}, "model": "graph.pathflowassignment", "pk": 164}, {"fields": {"path": 11, "flow": 0.01138211382113821}, "model": "graph.pathflowassignment", "pk": 165}, {"fields": {"path": 12, "flow": 0.016260162601626015}, "model": "graph.pathflowassignment", "pk": 166}, {"fields": {"path": 13, "flow": 0.017886178861788615}, "model": "graph.pathflowassignment", "pk": 167}, {"fields": {"path": 14, "flow": 0.08130081300813007}, "model": "graph.pathflowassignment", "pk": 168}, {"fields": {"path": 8, "flow": 0.08596105461914244}, "model": "graph.pathflowassignment", "pk": 169}, {"fields": {"path": 9, "flow": 0.012551234809074052}, "model": "graph.pathflowassignment", "pk": 170}, {"fields": {"path": 10, "flow": 0.07854036959529516}, "model": "graph.pathflowassignment", "pk": 171}, {"fields": {"path": 11, "flow": 0.024902156492642866}, "model": "graph.pathflowassignment", "pk": 172}, {"fields": {"path": 12, "flow": 0.006948262704916029}, "model": "graph.pathflowassignment", "pk": 173}, {"fields": {"path": 13, "flow": 0.043479317309463215}, "model": "graph.pathflowassignment", "pk": 174}, {"fields": {"path": 14, "flow": 0.08095093780279959}, "model": "graph.pathflowassignment", "pk": 175}, {"fields": {"path": 8, "flow": 0.019512195121951216}, "model": "graph.pathflowassignment", "pk": 176}, {"fields": {"path": 9, "flow": 0.14471544715447152}, "model": "graph.pathflowassignment", "pk": 177}, {"fields": {"path": 10, "flow": 0.04227642276422764}, "model": "graph.pathflowassignment", "pk": 178}, {"fields": {"path": 11, "flow": 0.01138211382113821}, "model": "graph.pathflowassignment", "pk": 179}, {"fields": {"path": 12, "flow": 0.016260162601626015}, "model": "graph.pathflowassignment", "pk": 180}, {"fields": {"path": 13, "flow": 0.017886178861788615}, "model": "graph.pathflowassignment", "pk": 181}, {"fields": {"path": 14, "flow": 0.08130081300813007}, "model": "graph.pathflowassignment", "pk": 182}, {"fields": {"iteration": 0, "graph_cost": 1, "game_object": null}, "model": "graph.gameturn", "pk": 1}, {"fields": {"iteration": 1, "graph_cost": null, "game_object": "game_1"}, "model": "graph.gameturn", "pk": 2}, {"fields": {"iteration": 0, "graph_cost": null, "game_object": null}, "model": "graph.gameturn", "pk": 3}, {"fields": {"iteration": 0, "graph_cost": 2, "game_object": null}, "model": "graph.gameturn", "pk": 4}, {"fields": {"iteration": 1, "graph_cost": 3, "game_object": "game_3"}, "model": "graph.gameturn", "pk": 5}, {"fields": {"iteration": 2, "graph_cost": 4, "game_object": "game_3"}, "model": "graph.gameturn", "pk": 6}, {"fields": {"iteration": 3, "graph_cost": 5, "game_object": "game_3"}, "model": "graph.gameturn", "pk": 7}, {"fields": {"iteration": 4, "graph_cost": 6, "game_object": "game_3"}, "model": "graph.gameturn", "pk": 8}, {"fields": {"iteration": 5, "graph_cost": 7, "game_object": "game_3"}, "model": "graph.gameturn", "pk": 9}, {"fields": {"iteration": 6, "graph_cost": 8, "game_object": "game_3"}, "model": "graph.gameturn", "pk": 10}, {"fields": {"iteration": 7, "graph_cost": 9, "game_object": "game_3"}, "model": "graph.gameturn", "pk": 11}, {"fields": {"iteration": 8, "graph_cost": 10, "game_object": "game_3"}, "model": "graph.gameturn", "pk": 12}, {"fields": {"iteration": 9, "graph_cost": 11, "game_object": "game_3"}, "model": "graph.gameturn", "pk": 13}, {"fields": {"iteration": 10, "graph_cost": null, "game_object": "game_3"}, "model": "graph.gameturn", "pk": 14}, {"fields": {"player": 3, "path_assignments": [15, 16, 17, 18, 19, 20, 21], "turn": 1}, "model": "graph.flowdistribution", "pk": 1}, {"fields": {"player": 2, "path_assignments": [22, 23, 24, 25, 26, 27, 28], "turn": 1}, "model": "graph.flowdistribution", "pk": 2}, {"fields": {"player": 3, "path_assignments": [43, 44, 45, 46, 47, 48, 49], "turn": 4}, "model": "graph.flowdistribution", "pk": 3}, {"fields": {"player": 4, "path_assignments": [50, 51, 52, 53, 54, 55, 56], "turn": 4}, "model": "graph.flowdistribution", "pk": 4}, {"fields": {"player": 3, "path_assignments": [57, 58, 59, 60, 61, 62, 63], "turn": 5}, "model": "graph.flowdistribution", "pk": 5}, {"fields": {"player": 4, "path_assignments": [64, 65, 66, 67, 68, 69, 70], "turn": 5}, "model": "graph.flowdistribution", "pk": 6}, {"fields": {"player": 3, "path_assignments": [71, 72, 73, 74, 75, 76, 77], "turn": 6}, "model": "graph.flowdistribution", "pk": 7}, {"fields": {"player": 4, "path_assignments": [78, 79, 80, 81, 82, 83, 84], "turn": 6}, "model": "graph.flowdistribution", "pk": 8}, {"fields": {"player": 3, "path_assignments": [85, 86, 87, 88, 89, 90, 91], "turn": 7}, "model": "graph.flowdistribution", "pk": 9}, {"fields": {"player": 4, "path_assignments": [92, 93, 94, 95, 96, 97, 98], "turn": 7}, "model": "graph.flowdistribution", "pk": 10}, {"fields": {"player": 3, "path_assignments": [99, 100, 101, 102, 103, 104, 105], "turn": 8}, "model": "graph.flowdistribution", "pk": 11}, {"fields": {"player": 4, "path_assignments": [106, 107, 108, 109, 110, 111, 112], "turn": 8}, "model": "graph.flowdistribution", "pk": 12}, {"fields": {"player": 3, "path_assignments": [113, 114, 115, 116, 117, 118, 119], "turn": 9}, "model": "graph.flowdistribution", "pk": 13}, {"fields": {"player": 4, "path_assignments": [120, 121, 122, 123, 124, 125, 126], "turn": 9}, "model": "graph.flowdistribution", "pk": 14}, {"fields": {"player": 3, "path_assignments": [127, 128, 129, 130, 131, 132, 133], "turn": 10}, "model": "graph.flowdistribution", "pk": 15}, {"fields": {"player": 4, "path_assignments": [134, 135, 136, 137, 138, 139, 140], "turn": 10}, "model": "graph.flowdistribution", "pk": 16}, {"fields": {"player": 3, "path_assignments": [141, 142, 143, 144, 145, 146, 147], "turn": 11}, "model": "graph.flowdistribution", "pk": 17}, {"fields": {"player": 4, "path_assignments": [148, 149, 150, 151, 152, 153, 154], "turn": 11}, "model": "graph.flowdistribution", "pk": 18}, {"fields": {"player": 3, "path_assignments": [155, 156, 157, 158, 159, 160, 161], "turn": 12}, "model": "graph.flowdistribution", "pk": 19}, {"fields": {"player": 4, "path_assignments": [162, 163, 164, 165, 166, 167, 168], "turn": 12}, "model": "graph.flowdistribution", "pk": 20}, {"fields": {"player": 3, "path_assignments": [169, 170, 171, 172, 173, 174, 175], "turn": 13}, "model": "graph.flowdistribution", "pk": 21}, {"fields": {"player": 4, "path_assignments": [176, 177, 178, 179, 180, 181, 182], "turn": 13}, "model": "graph.flowdistribution", "pk": 22}, {"fields": {"edge": "13ad62e4ea5367c5c0744dbf95619c94", "cost": 0.2857142857142857}, "model": "graph.edgecost", "pk": 1}, {"fields": {"edge": "175ca831d92b39d2db28eb31e9b0a26b", "cost": 0.14285714285714285}, "model": "graph.edgecost", "pk": 2}, {"fields": {"edge": "2d730e2573a07fda1918ba3f32c92a55", "cost": 0.2857142857142857}, "model": "graph.edgecost", "pk": 3}, {"fields": {"edge": "6a286d89d27563413f4e0dfc5d7eb714", "cost": 0.5714285714285713}, "model": "graph.edgecost", "pk": 4}, {"fields": {"edge": "90dbafdb4f7a61f4e247158e8fd76ec4", "cost": 0.14285714285714285}, "model": "graph.edgecost", "pk": 5}, {"fields": {"edge": "9bd0597b19ba9d536215502225a06bf7", "cost": 0.14285714285714285}, "model": "graph.edgecost", "pk": 6}, {"fields": {"edge": "a84a1dca6589c826ec01f3c198e87d9c", "cost": 0.5714285714285713}, "model": "graph.edgecost", "pk": 7}, {"fields": {"edge": "ddc3b6fc049764ea432beec22f07866c", "cost": 0.2857142857142857}, "model": "graph.edgecost", "pk": 8}, {"fields": {"edge": "e3de3a730766ae7e1ba2564e7bebfa1e", "cost": 0.2857142857142857}, "model": "graph.edgecost", "pk": 9}, {"fields": {"edge": "13ad62e4ea5367c5c0744dbf95619c94", "cost": 0.15540069686411148}, "model": "graph.edgecost", "pk": 10}, {"fields": {"edge": "175ca831d92b39d2db28eb31e9b0a26b", "cost": 0.05900116144018583}, "model": "graph.edgecost", "pk": 11}, {"fields": {"edge": "2d730e2573a07fda1918ba3f32c92a55", "cost": 0.12938443670150987}, "model": "graph.edgecost", "pk": 12}, {"fields": {"edge": "6a286d89d27563413f4e0dfc5d7eb714", "cost": 0.38234610917537737}, "model": "graph.edgecost", "pk": 13}, {"fields": {"edge": "90dbafdb4f7a61f4e247158e8fd76ec4", "cost": 0.1289198606271777}, "model": "graph.edgecost", "pk": 14}, {"fields": {"edge": "9bd0597b19ba9d536215502225a06bf7", "cost": 0.06713124274099883}, "model": "graph.edgecost", "pk": 15}, {"fields": {"edge": "a84a1dca6589c826ec01f3c198e87d9c", "cost": 0.3173054587688734}, "model": "graph.edgecost", "pk": 16}, {"fields": {"edge": "ddc3b6fc049764ea432beec22f07866c", "cost": 0.25621370499419277}, "model": "graph.edgecost", "pk": 17}, {"fields": {"edge": "e3de3a730766ae7e1ba2564e7bebfa1e", "cost": 0.2822299651567944}, "model": "graph.edgecost", "pk": 18}, {"fields": {"edge": "13ad62e4ea5367c5c0744dbf95619c94", "cost": 0.16837587006436183}, "model": "graph.edgecost", "pk": 19}, {"fields": {"edge": "175ca831d92b39d2db28eb31e9b0a26b", "cost": 0.05385167554599853}, "model": "graph.edgecost", "pk": 20}, {"fields": {"edge": "2d730e2573a07fda1918ba3f32c92a55", "cost": 0.11445024525015213}, "model": "graph.edgecost", "pk": 21}, {"fields": {"edge": "6a286d89d27563413f4e0dfc5d7eb714", "cost": 0.3589451889088652}, "model": "graph.edgecost", "pk": 22}, {"fields": {"edge": "90dbafdb4f7a61f4e247158e8fd76ec4", "cost": 0.13934560769343954}, "model": "graph.edgecost", "pk": 23}, {"fields": {"edge": "9bd0597b19ba9d536215502225a06bf7", "cost": 0.07736853284747833}, "model": "graph.edgecost", "pk": 24}, {"fields": {"edge": "a84a1dca6589c826ec01f3c198e87d9c", "cost": 0.3076475284895902}, "model": "graph.edgecost", "pk": 25}, {"fields": {"edge": "ddc3b6fc049764ea432beec22f07866c", "cost": 0.2277249805153884}, "model": "graph.edgecost", "pk": 26}, {"fields": {"edge": "e3de3a730766ae7e1ba2564e7bebfa1e", "cost": 0.28165060532959807}, "model": "graph.edgecost", "pk": 27}, {"fields": {"edge": "13ad62e4ea5367c5c0744dbf95619c94", "cost": 0.17416060051807727}, "model": "graph.edgecost", "pk": 28}, {"fields": {"edge": "175ca831d92b39d2db28eb31e9b0a26b", "cost": 0.050011413183629186}, "model": "graph.edgecost", "pk": 29}, {"fields": {"edge": "2d730e2573a07fda1918ba3f32c92a55", "cost": 0.10639793743090484}, "model": "graph.edgecost", "pk": 30}, {"fields": {"edge": "6a286d89d27563413f4e0dfc5d7eb714", "cost": 0.3471466917090613}, "model": "graph.edgecost", "pk": 31}, {"fields": {"edge": "90dbafdb4f7a61f4e247158e8fd76ec4", "cost": 0.145359374439528}, "model": "graph.edgecost", "pk": 32}, {"fields": {"edge": "9bd0597b19ba9d536215502225a06bf7", "cost": 0.08384676630168228}, "model": "graph.edgecost", "pk": 33}, {"fields": {"edge": "a84a1dca6589c826ec01f3c198e87d9c", "cost": 0.30176872505406205}, "model": "graph.edgecost", "pk": 34}, {"fields": {"edge": "ddc3b6fc049764ea432beec22f07866c", "cost": 0.2132885122237499}, "model": "graph.edgecost", "pk": 35}, {"fields": {"edge": "e3de3a730766ae7e1ba2564e7bebfa1e", "cost": 0.28105117531092233}, "model": "graph.edgecost", "pk": 36}, {"fields": {"edge": "13ad62e4ea5367c5c0744dbf95619c94", "cost": 0.17737718982554296}, "model": "graph.edgecost", "pk": 37}, {"fields": {"edge": "175ca831d92b39d2db28eb31e9b0a26b", "cost": 0.046982322660682675}, "model": "graph.edgecost", "pk": 38}, {"fields": {"edge": "2d730e2573a07fda1918ba3f32c92a55", "cost": 0.10089086766591346}, "model": "graph.edgecost", "pk": 39}, {"fields": {"edge": "6a286d89d27563413f4e0dfc5d7eb714", "cost": 0.3397156745337153}, "model": "graph.edgecost", "pk": 40}, {"fields": {"edge": "90dbafdb4f7a61f4e247158e8fd76ec4", "cost": 0.14957380230740835}, "model": "graph.edgecost", "pk": 41}, {"fields": {"edge": "9bd0597b19ba9d536215502225a06bf7", "cost": 0.0887210635121799}, "model": "graph.edgecost", "pk": 42}, {"fields": {"edge": "a84a1dca6589c826ec01f3c198e87d9c", "cost": 0.2974469926340045}, "model": "graph.edgecost", "pk": 43}, {"fields": {"edge": "ddc3b6fc049764ea432beec22f07866c", "cost": 0.20401228836085283}, "model": "graph.edgecost", "pk": 44}, {"fields": {"edge": "e3de3a730766ae7e1ba2564e7bebfa1e", "cost": 0.28049861052048236}, "model": "graph.edgecost", "pk": 45}, {"fields": {"edge": "13ad62e4ea5367c5c0744dbf95619c94", "cost": 0.17932446173241862}, "model": "graph.edgecost", "pk": 46}, {"fields": {"edge": "175ca831d92b39d2db28eb31e9b0a26b", "cost": 0.04449136991514447}, "model": "graph.edgecost", "pk": 47}, {"fields": {"edge": "2d730e2573a07fda1918ba3f32c92a55", "cost": 0.09673326964293572}, "model": "graph.edgecost", "pk": 48}, {"fields": {"edge": "6a286d89d27563413f4e0dfc5d7eb714", "cost": 0.33455281355961286}, "model": "graph.edgecost", "pk": 49}, {"fields": {"edge": "90dbafdb4f7a61f4e247158e8fd76ec4", "cost": 0.1527893913746351}, "model": "graph.edgecost", "pk": 50}, {"fields": {"edge": "9bd0597b19ba9d536215502225a06bf7", "cost": 0.09265724948881116}, "model": "graph.edgecost", "pk": 51}, {"fields": {"edge": "a84a1dca6589c826ec01f3c198e87d9c", "cost": 0.2940140309327153}, "model": "graph.edgecost", "pk": 52}, {"fields": {"edge": "ddc3b6fc049764ea432beec22f07866c", "cost": 0.19740419415565733}, "model": "graph.edgecost", "pk": 53}, {"fields": {"edge": "e3de3a730766ae7e1ba2564e7bebfa1e", "cost": 0.27999538624514025}, "model": "graph.edgecost", "pk": 54}, {"fields": {"edge": "13ad62e4ea5367c5c0744dbf95619c94", "cost": 0.18054558884201025}, "model": "graph.edgecost", "pk": 55}, {"fields": {"edge": "175ca831d92b39d2db28eb31e9b0a26b", "cost": 0.04238409996319846}, "model": "graph.edgecost", "pk": 56}, {"fields": {"edge": "2d730e2573a07fda1918ba3f32c92a55", "cost": 0.09341590793304286}, "model": "graph.edgecost", "pk": 57}, {"fields": {"edge": "6a286d89d27563413f4e0dfc5d7eb714", "cost": 0.33075398979195925}, "model": "graph.edgecost", "pk": 58}, {"fields": {"edge": "90dbafdb4f7a61f4e247158e8fd76ec4", "cost": 0.15536708803269708}, "model": "graph.edgecost", "pk": 59}, {"fields": {"edge": "9bd0597b19ba9d536215502225a06bf7", "cost": 0.09596162992799825}, "model": "graph.edgecost", "pk": 60}, {"fields": {"edge": "a84a1dca6589c826ec01f3c198e87d9c", "cost": 0.2911670959289384}, "model": "graph.edgecost", "pk": 61}, {"fields": {"edge": "ddc3b6fc049764ea432beec22f07866c", "cost": 0.19240825990076257}, "model": "graph.edgecost", "pk": 62}, {"fields": {"edge": "e3de3a730766ae7e1ba2564e7bebfa1e", "cost": 0.27953794080973}, "model": "graph.edgecost", "pk": 63}, {"fields": {"edge": "13ad62e4ea5367c5c0744dbf95619c94", "cost": 0.18131470916088407}, "model": "graph.edgecost", "pk": 64}, {"fields": {"edge": "175ca831d92b39d2db28eb31e9b0a26b", "cost": 0.040564663518810176}, "model": "graph.edgecost", "pk": 65}, {"fields": {"edge": "2d730e2573a07fda1918ba3f32c92a55", "cost": 0.09067267342140412}, "model": "graph.edgecost", "pk": 66}, {"fields": {"edge": "6a286d89d27563413f4e0dfc5d7eb714", "cost": 0.3278493824812931}, "model": "graph.edgecost", "pk": 67}, {"fields": {"edge": "90dbafdb4f7a61f4e247158e8fd76ec4", "cost": 0.15750257502448944}, "model": "graph.edgecost", "pk": 68}, {"fields": {"edge": "9bd0597b19ba9d536215502225a06bf7", "cost": 0.09880478812333221}, "model": "graph.edgecost", "pk": 69}, {"fields": {"edge": "a84a1dca6589c826ec01f3c198e87d9c", "cost": 0.2887399119647037}, "model": "graph.edgecost", "pk": 70}, {"fields": {"edge": "ddc3b6fc049764ea432beec22f07866c", "cost": 0.1884799308391508}, "model": "graph.edgecost", "pk": 71}, {"fields": {"edge": "e3de3a730766ae7e1ba2564e7bebfa1e", "cost": 0.27912196657863075}, "model": "graph.edgecost", "pk": 72}, {"fields": {"edge": "13ad62e4ea5367c5c0744dbf95619c94", "cost": 0.1817866327812796}, "model": "graph.edgecost", "pk": 73}, {"fields": {"edge": "175ca831d92b39d2db28eb31e9b0a26b", "cost": 0.03896930327449601}, "model": "graph.edgecost", "pk": 74}, {"fields": {"edge": "2d730e2573a07fda1918ba3f32c92a55", "cost": 0.08834640424241616}, "model": "graph.edgecost", "pk": 75}, {"fields": {"edge": "6a286d89d27563413f4e0dfc5d7eb714", "cost": 0.3255656945450214}, "model": "graph.edgecost", "pk": 76}, {"fields": {"edge": "90dbafdb4f7a61f4e247158e8fd76ec4", "cost": 0.15931433934036562}, "model": "graph.edgecost", "pk": 77}, {"fields": {"edge": "9bd0597b19ba9d536215502225a06bf7", "cost": 0.10129328545436964}, "model": "graph.edgecost", "pk": 78}, {"fields": {"edge": "a84a1dca6589c826ec01f3c198e87d9c", "cost": 0.28663004685727783}, "model": "graph.edgecost", "pk": 79}, {"fields": {"edge": "ddc3b6fc049764ea432beec22f07866c", "cost": 0.18530310581615575}, "model": "graph.edgecost", "pk": 80}, {"fields": {"edge": "e3de3a730766ae7e1ba2564e7bebfa1e", "cost": 0.2787433343550192}, "model": "graph.edgecost", "pk": 81}, {"fields": {"edge": "13ad62e4ea5367c5c0744dbf95619c94", "cost": 0.1820556267923426}, "model": "graph.edgecost", "pk": 82}, {"fields": {"edge": "175ca831d92b39d2db28eb31e9b0a26b", "cost": 0.03755335714709682}, "model": "graph.edgecost", "pk": 83}, {"fields": {"edge": "2d730e2573a07fda1918ba3f32c92a55", "cost": 0.08633633504213234}, "model": "graph.edgecost", "pk": 84}, {"fields": {"edge": "6a286d89d27563413f4e0dfc5d7eb714", "cost": 0.3237313735206727}, "model": "graph.edgecost", "pk": 85}, {"fields": {"edge": "90dbafdb4f7a61f4e247158e8fd76ec4", "cost": 0.16087966635365125}, "model": "graph.edgecost", "pk": 86}, {"fields": {"edge": "9bd0597b19ba9d536215502225a06bf7", "cost": 0.1034990189478042}, "model": "graph.edgecost", "pk": 87}, {"fields": {"edge": "a84a1dca6589c826ec01f3c198e87d9c", "cost": 0.2847693585428804}, "model": "graph.edgecost", "pk": 88}, {"fields": {"edge": "ddc3b6fc049764ea432beec22f07866c", "cost": 0.1826789974257718}, "model": "graph.edgecost", "pk": 89}, {"fields": {"edge": "e3de3a730766ae7e1ba2564e7bebfa1e", "cost": 0.278398289175982}, "model": "graph.edgecost", "pk": 90}, {"fields": {"edge": "13ad62e4ea5367c5c0744dbf95619c94", "cost": 0.18218228853077462}, "model": "graph.edgecost", "pk": 91}, {"fields": {"edge": "175ca831d92b39d2db28eb31e9b0a26b", "cost": 0.03628427031378108}, "model": "graph.edgecost", "pk": 92}, {"fields": {"edge": "2d730e2573a07fda1918ba3f32c92a55", "cost": 0.08457392147779388}, "model": "graph.edgecost", "pk": 93}, {"fields": {"edge": "6a286d89d27563413f4e0dfc5d7eb714", "cost": 0.3222326273249623}, "model": "graph.edgecost", "pk": 94}, {"fields": {"edge": "90dbafdb4f7a61f4e247158e8fd76ec4", "cost": 0.16225175081092966}, "model": "graph.edgecost", "pk": 95}, {"fields": {"edge": "9bd0597b19ba9d536215502225a06bf7", "cost": 0.10547324974109365}, "model": "graph.edgecost", "pk": 96}, {"fields": {"edge": "a84a1dca6589c826ec01f3c198e87d9c", "cost": 0.2831099426025046}, "model": "graph.edgecost", "pk": 97}, {"fields": {"edge": "ddc3b6fc049764ea432beec22f07866c", "cost": 0.18047510727008761}, "model": "graph.edgecost", "pk": 98}, {"fields": {"edge": "e3de3a730766ae7e1ba2564e7bebfa1e", "cost": 0.2780834743230684}, "model": "graph.edgecost", "pk": 99}, {"fields": {"graph": "G1", "edge_costs": [1, 2, 3, 4, 5, 6, 7, 8, 9]}, "model": "graph.graphcost", "pk": 1}, {"fields": {"graph": "G1", "edge_costs": [10, 11, 12, 13, 14, 15, 16, 17, 18]}, "model": "graph.graphcost", "pk": 2}, {"fields": {"graph": "G1", "edge_costs": [19, 20, 21, 22, 23, 24, 25, 26, 27]}, "model": "graph.graphcost", "pk": 3}, {"fields": {"graph": "G1", "edge_costs": [28, 29, 30, 31, 32, 33, 34, 35, 36]}, "model": "graph.graphcost", "pk": 4}, {"fields": {"graph": "G1", "edge_costs": [37, 38, 39, 40, 41, 42, 43, 44, 45]}, "model": "graph.graphcost", "pk": 5}, {"fields": {"graph": "G1", "edge_costs": [46, 47, 48, 49, 50, 51, 52, 53, 54]}, "model": "graph.graphcost", "pk": 6}, {"fields": {"graph": "G1", "edge_costs": [55, 56, 57, 58, 59, 60, 61, 62, 63]}, "model": "graph.graphcost", "pk": 7}, {"fields": {"graph": "G1", "edge_costs": [64, 65, 66, 67, 68, 69, 70, 71, 72]}, "model": "graph.graphcost", "pk": 8}, {"fields": {"graph": "G1", "edge_costs": [73, 74, 75, 76, 77, 78, 79, 80, 81]}, "model": "graph.graphcost", "pk": 9}, {"fields": {"graph": "G1", "edge_costs": [82, 83, 84, 85, 86, 87, 88, 89, 90]}, "model": "graph.graphcost", "pk": 10}, {"fields": {"graph": "G1", "edge_costs": [91, 92, 93, 94, 95, 96, 97, 98, 99]}, "model": "graph.graphcost", "pk": 11}, {"fields": {"current_turn": 2, "single_slider_mode": false, "started": true, "graph": "useless_2", "game_loop_time": "2016-05-26T23:31:09.992Z", "currently_in_use": false, "edge_highlight": true, "stopped": true, "turns": [1], "duration": 30}, "model": "graph.game", "pk": "game_1"}, {"fields": {"current_turn": 3, "single_slider_mode": false, "started": false, "graph": "useless_3", "game_loop_time": null, "currently_in_use": false, "edge_highlight": true, "stopped": true, "turns": [], "duration": 30}, "model": "graph.game", "pk": "game_2"}, {"fields": {"current_turn": 14, "single_slider_mode": false, "started": true, "graph": "G1", "game_loop_time": "2016-05-26T23:34:57.090Z", "currently_in_use": true, "edge_highlight": true, "stopped": false, "turns": [4, 5, 6, 7, 8, 9, 10, 11, 12, 13], "duration": 10}, "model": "graph.game", "pk": "game_3"}, {"fields": {"codename": "add_permission", "name": "Can add permission", "content_type": 1}, "model": "auth.permission", "pk": 1}, {"fields": {"codename": "change_permission", "name": "Can change permission", "content_type": 1}, "model": "auth.permission", "pk": 2}, {"fields": {"codename": "delete_permission", "name": "Can delete permission", "content_type": 1}, "model": "auth.permission", "pk": 3}, {"fields": {"codename": "add_group", "name": "Can add group", "content_type": 2}, "model": "auth.permission", "pk": 4}, {"fields": {"codename": "change_group", "name": "Can change group", "content_type": 2}, "model": "auth.permission", "pk": 5}, {"fields": {"codename": "delete_group", "name": "Can delete group", "content_type": 2}, "model": "auth.permission", "pk": 6}, {"fields": {"codename": "add_user", "name": "Can add user", "content_type": 3}, "model": "auth.permission", "pk": 7}, {"fields": {"codename": "change_user", "name": "Can change user", "content_type": 3}, "model": "auth.permission", "pk": 8}, {"fields": {"codename": "delete_user", "name": "Can delete user", "content_type": 3}, "model": "auth.permission", "pk": 9}, {"fields": {"codename": "add_contenttype", "name": "Can add content type", "content_type": 4}, "model": "auth.permission", "pk": 10}, {"fields": {"codename": "change_contenttype", "name": "Can change content type", "content_type": 4}, "model": "auth.permission", "pk": 11}, {"fields": {"codename": "delete_contenttype", "name": "Can delete content type", "content_type": 4}, "model": "auth.permission", "pk": 12}, {"fields": {"codename": "add_session", "name": "Can add session", "content_type": 5}, "model": "auth.permission", "pk": 13}, {"fields": {"codename": "change_session", "name": "Can change session", "content_type": 5}, "model": "auth.permission", "pk": 14}, {"fields": {"codename": "delete_session", "name": "Can delete session", "content_type": 5}, "model": "auth.permission", "pk": 15}, {"fields": {"codename": "add_taskmeta", "name": "Can add task state", "content_type": 6}, "model": "auth.permission", "pk": 16}, {"fields": {"codename": "change_taskmeta", "name": "Can change task state", "content_type": 6}, "model": "auth.permission", "pk": 17}, {"fields": {"codename": "delete_taskmeta", "name": "Can delete task state", "content_type": 6}, "model": "auth.permission", "pk": 18}, {"fields": {"codename": "add_tasksetmeta", "name": "Can add saved group result", "content_type": 7}, "model": "auth.permission", "pk": 19}, {"fields": {"codename": "change_tasksetmeta", "name": "Can change saved group result", "content_type": 7}, "model": "auth.permission", "pk": 20}, {"fields": {"codename": "delete_tasksetmeta", "name": "Can delete saved group result", "content_type": 7}, "model": "auth.permission", "pk": 21}, {"fields": {"codename": "add_intervalschedule", "name": "Can add interval", "content_type": 8}, "model": "auth.permission", "pk": 22}, {"fields": {"codename": "change_intervalschedule", "name": "Can change interval", "content_type": 8}, "model": "auth.permission", "pk": 23}, {"fields": {"codename": "delete_intervalschedule", "name": "Can delete interval", "content_type": 8}, "model": "auth.permission", "pk": 24}, {"fields": {"codename": "add_crontabschedule", "name": "Can add crontab", "content_type": 9}, "model": "auth.permission", "pk": 25}, {"fields": {"codename": "change_crontabschedule", "name": "Can change crontab", "content_type": 9}, "model": "auth.permission", "pk": 26}, {"fields": {"codename": "delete_crontabschedule", "name": "Can delete crontab", "content_type": 9}, "model": "auth.permission", "pk": 27}, {"fields": {"codename": "add_periodictasks", "name": "Can add periodic tasks", "content_type": 10}, "model": "auth.permission", "pk": 28}, {"fields": {"codename": "change_periodictasks", "name": "Can change periodic tasks", "content_type": 10}, "model": "auth.permission", "pk": 29}, {"fields": {"codename": "delete_periodictasks", "name": "Can delete periodic tasks", "content_type": 10}, "model": "auth.permission", "pk": 30}, {"fields": {"codename": "add_periodictask", "name": "Can add periodic task", "content_type": 11}, "model": "auth.permission", "pk": 31}, {"fields": {"codename": "change_periodictask", "name": "Can change periodic task", "content_type": 11}, "model": "auth.permission", "pk": 32}, {"fields": {"codename": "delete_periodictask", "name": "Can delete periodic task", "content_type": 11}, "model": "auth.permission", "pk": 33}, {"fields": {"codename": "add_workerstate", "name": "Can add worker", "content_type": 12}, "model": "auth.permission", "pk": 34}, {"fields": {"codename": "change_workerstate", "name": "Can change worker", "content_type": 12}, "model": "auth.permission", "pk": 35}, {"fields": {"codename": "delete_workerstate", "name": "Can delete worker", "content_type": 12}, "model": "auth.permission", "pk": 36}, {"fields": {"codename": "add_taskstate", "name": "Can add task", "content_type": 13}, "model": "auth.permission", "pk": 37}, {"fields": {"codename": "change_taskstate", "name": "Can change task", "content_type": 13}, "model": "auth.permission", "pk": 38}, {"fields": {"codename": "delete_taskstate", "name": "Can delete task", "content_type": 13}, "model": "auth.permission", "pk": 39}, {"fields": {"codename": "add_user", "name": "Can add user", "content_type": 14}, "model": "auth.permission", "pk": 40}, {"fields": {"codename": "change_user", "name": "Can change user", "content_type": 14}, "model": "auth.permission", "pk": 41}, {"fields": {"codename": "delete_user", "name": "Can delete user", "content_type": 14}, "model": "auth.permission", "pk": 42}, {"fields": {"codename": "add_graph", "name": "Can add graph", "content_type": 15}, "model": "auth.permission", "pk": 43}, {"fields": {"codename": "change_graph", "name": "Can change graph", "content_type": 15}, "model": "auth.permission", "pk": 44}, {"fields": {"codename": "delete_graph", "name": "Can delete graph", "content_type": 15}, "model": "auth.permission", "pk": 45}, {"fields": {"codename": "add_node", "name": "Can add node", "content_type": 16}, "model": "auth.permission", "pk": 46}, {"fields": {"codename": "change_node", "name": "Can change node", "content_type": 16}, "model": "auth.permission", "pk": 47}, {"fields": {"codename": "delete_node", "name": "Can delete node", "content_type": 16}, "model": "auth.permission", "pk": 48}, {"fields": {"codename": "add_playermodel", "name": "Can add player model", "content_type": 17}, "model": "auth.permission", "pk": 49}, {"fields": {"codename": "change_playermodel", "name": "Can change player model", "content_type": 17}, "model": "auth.permission", "pk": 50}, {"fields": {"codename": "delete_playermodel", "name": "Can delete player model", "content_type": 17}, "model": "auth.permission", "pk": 51}, {"fields": {"codename": "add_player", "name": "Can add player", "content_type": 18}, "model": "auth.permission", "pk": 52}, {"fields": {"codename": "change_player", "name": "Can change player", "content_type": 18}, "model": "auth.permission", "pk": 53}, {"fields": {"codename": "delete_player", "name": "Can delete player", "content_type": 18}, "model": "auth.permission", "pk": 54}, {"fields": {"codename": "add_edge", "name": "Can add edge", "content_type": 19}, "model": "auth.permission", "pk": 55}, {"fields": {"codename": "change_edge", "name": "Can change edge", "content_type": 19}, "model": "auth.permission", "pk": 56}, {"fields": {"codename": "delete_edge", "name": "Can delete edge", "content_type": 19}, "model": "auth.permission", "pk": 57}, {"fields": {"codename": "add_path", "name": "Can add path", "content_type": 20}, "model": "auth.permission", "pk": 58}, {"fields": {"codename": "change_path", "name": "Can change path", "content_type": 20}, "model": "auth.permission", "pk": 59}, {"fields": {"codename": "delete_path", "name": "Can delete path", "content_type": 20}, "model": "auth.permission", "pk": 60}, {"fields": {"codename": "add_pathflowassignment", "name": "Can add path flow assignment", "content_type": 21}, "model": "auth.permission", "pk": 61}, {"fields": {"codename": "change_pathflowassignment", "name": "Can change path flow assignment", "content_type": 21}, "model": "auth.permission", "pk": 62}, {"fields": {"codename": "delete_pathflowassignment", "name": "Can delete path flow assignment", "content_type": 21}, "model": "auth.permission", "pk": 63}, {"fields": {"codename": "add_gameturn", "name": "Can add game turn", "content_type": 22}, "model": "auth.permission", "pk": 64}, {"fields": {"codename": "change_gameturn", "name": "Can change game turn", "content_type": 22}, "model": "auth.permission", "pk": 65}, {"fields": {"codename": "delete_gameturn", "name": "Can delete game turn", "content_type": 22}, "model": "auth.permission", "pk": 66}, {"fields": {"codename": "add_flowdistribution", "name": "Can add flow distribution", "content_type": 23}, "model": "auth.permission", "pk": 67}, {"fields": {"codename": "change_flowdistribution", "name": "Can change flow distribution", "content_type": 23}, "model": "auth.permission", "pk": 68}, {"fields": {"codename": "delete_flowdistribution", "name": "Can delete flow distribution", "content_type": 23}, "model": "auth.permission", "pk": 69}, {"fields": {"codename": "add_learningrate", "name": "Can add learning rate", "content_type": 24}, "model": "auth.permission", "pk": 70}, {"fields": {"codename": "change_learningrate", "name": "Can change learning rate", "content_type": 24}, "model": "auth.permission", "pk": 71}, {"fields": {"codename": "delete_learningrate", "name": "Can delete learning rate", "content_type": 24}, "model": "auth.permission", "pk": 72}, {"fields": {"codename": "add_edgecost", "name": "Can add edge cost", "content_type": 25}, "model": "auth.permission", "pk": 73}, {"fields": {"codename": "change_edgecost", "name": "Can change edge cost", "content_type": 25}, "model": "auth.permission", "pk": 74}, {"fields": {"codename": "delete_edgecost", "name": "Can delete edge cost", "content_type": 25}, "model": "auth.permission", "pk": 75}, {"fields": {"codename": "add_graphcost", "name": "Can add graph cost", "content_type": 26}, "model": "auth.permission", "pk": 76}, {"fields": {"codename": "change_graphcost", "name": "Can change graph cost", "content_type": 26}, "model": "auth.permission", "pk": 77}, {"fields": {"codename": "delete_graphcost", "name": "Can delete graph cost", "content_type": 26}, "model": "auth.permission", "pk": 78}, {"fields": {"codename": "add_game", "name": "Can add game", "content_type": 27}, "model": "auth.permission", "pk": 79}, {"fields": {"codename": "change_game", "name": "Can change game", "content_type": 27}, "model": "auth.permission", "pk": 80}, {"fields": {"codename": "delete_game", "name": "Can delete game", "content_type": 27}, "model": "auth.permission", "pk": 81}, {"fields": {"codename": "add_request", "name": "Can add request", "content_type": 28}, "model": "auth.permission", "pk": 82}, {"fields": {"codename": "change_request", "name": "Can change request", "content_type": 28}, "model": "auth.permission", "pk": 83}, {"fields": {"codename": "delete_request", "name": "Can delete request", "content_type": 28}, "model": "auth.permission", "pk": 84}, {"fields": {"codename": "add_response", "name": "Can add response", "content_type": 29}, "model": "auth.permission", "pk": 85}, {"fields": {"codename": "change_response", "name": "Can change response", "content_type": 29}, "model": "auth.permission", "pk": 86}, {"fields": {"codename": "delete_response", "name": "Can delete response", "content_type": 29}, "model": "auth.permission", "pk": 87}, {"fields": {"codename": "add_sqlquery", "name": "Can add sql query", "content_type": 30}, "model": "auth.permission", "pk": 88}, {"fields": {"codename": "change_sqlquery", "name": "Can change sql query", "content_type": 30}, "model": "auth.permission", "pk": 89}, {"fields": {"codename": "delete_sqlquery", "name": "Can delete sql query", "content_type": 30}, "model": "auth.permission", "pk": 90}, {"fields": {"codename": "add_profile", "name": "Can add profile", "content_type": 31}, "model": "auth.permission", "pk": 91}, {"fields": {"codename": "change_profile", "name": "Can change profile", "content_type": 31}, "model": "auth.permission", "pk": 92}, {"fields": {"codename": "delete_profile", "name": "Can delete profile", "content_type": 31}, "model": "auth.permission", "pk": 93}, {"fields": {"username": "admin", "first_name": "", "last_name": "", "is_active": true, "is_superuser": false, "is_staff": false, "last_login": "2016-05-26T23:28:24.997Z", "groups": [], "user_permissions": [], "password": "pbkdf2_sha256$15000$Nk7Nl5DR55io$F6IdWixYAt1Aoh5t5LvxCfey5PG2SzHPkEkVDK0tLKQ=", "email": "", "date_joined": "2016-05-26T18:43:19.210Z"}, "model": "auth.user", "pk": 1}, {"fields": {"username": "user_1", "first_name": "", "last_name": "", "is_active": true, "is_superuser": false, "is_staff": false, "last_login": "2016-05-26T23:31:01.722Z", "groups": [], "user_permissions": [], "password": "pbkdf2_sha256$15000$gtWMHbmN0n7C$wymqyg1JfKnpI5WGTIbfgjFtMfESTqfrSPjWJiv4zuw=", "email": "", "date_joined": "2016-05-26T19:18:03.461Z"}, "model": "auth.user", "pk": 2}, {"fields": {"username": "ai_player", "first_name": "", "last_name": "", "is_active": true, "is_superuser": false, "is_staff": false, "last_login": "2016-05-26T21:23:56.185Z", "groups": [], "user_permissions": [], "password": "ai_lab", "email": "", "date_joined": "2016-05-26T21:23:56.185Z"}, "model": "auth.user", "pk": 3}, {"fields": {"username": "user_2", "first_name": "", "last_name": "", "is_active": true, "is_superuser": false, "is_staff": false, "last_login": "2016-05-26T23:32:22.230Z", "groups": [], "user_permissions": [], "password": "pbkdf2_sha256$15000$X8eHb64apJGE$mB7oDS9r6UTHwhg8qqiRCn115Q8hhPnF98uRwpCZqvI=", "email": "", "date_joined": "2016-05-26T23:31:37.547Z"}, "model": "auth.user", "pk": 4}, {"fields": {"username": "user_3", "first_name": "", "last_name": "", "is_active": true, "is_superuser": false, "is_staff": false, "last_login": "2016-05-26T23:32:10.890Z", "groups": [], "user_permissions": [], "password": "pbkdf2_sha256$15000$Bc6KX00xZ653$J1cB21AFVY1TXFqys4mgkYeENE92B/knsg7CPSBwCm0=", "email": "", "date_joined": "2016-05-26T23:32:10.890Z"}, "model": "auth.user", "pk": 5}, {"fields": {"superuser": true, "tested": false, "game": "game_3", "user": 1, "is_a_bot": false, "player_model": null}, "model": "graph.player", "pk": 1}, {"fields": {"superuser": false, "tested": true, "game": "game_1", "user": 2, "is_a_bot": false, "player_model": "G1_PM2"}, "model": "graph.player", "pk": 2}, {"fields": {"superuser": false, "tested": true, "game": "game_3", "user": 3, "is_a_bot": true, "player_model": "G1_PM2"}, "model": "graph.player", "pk": 3}, {"fields": {"superuser": false, "tested": true, "game": "game_3", "user": 4, "is_a_bot": false, "player_model": "G1_PM2"}, "model": "graph.player", "pk": 4}, {"fields": {"superuser": false, "tested": false, "game": null, "user": 5, "is_a_bot": false, "player_model": null}, "model": "graph.player", "pk": 5}]