[
{
    "fields": {
        "model": "permission",
        "name": "permission",
        "app_label": "auth"
    },
    "model": "contenttypes.contenttype",
    "pk": 1
},
{
    "fields": {
        "model": "group",
        "name": "group",
        "app_label": "auth"
    },
    "model": "contenttypes.contenttype",
    "pk": 2
},
{
    "fields": {
        "model": "user",
        "name": "user",
        "app_label": "auth"
    },
    "model": "contenttypes.contenttype",
    "pk": 3
},
{
    "fields": {
        "model": "contenttype",
        "name": "content type",
        "app_label": "contenttypes"
    },
    "model": "contenttypes.contenttype",
    "pk": 4
},
{
    "fields": {
        "model": "session",
        "name": "session",
        "app_label": "sessions"
    },
    "model": "contenttypes.contenttype",
    "pk": 5
},
{
    "fields": {
        "model": "taskmeta",
        "name": "task state",
        "app_label": "djcelery"
    },
    "model": "contenttypes.contenttype",
    "pk": 6
},
{
    "fields": {
        "model": "tasksetmeta",
        "name": "saved group result",
        "app_label": "djcelery"
    },
    "model": "contenttypes.contenttype",
    "pk": 7
},
{
    "fields": {
        "model": "intervalschedule",
        "name": "interval",
        "app_label": "djcelery"
    },
    "model": "contenttypes.contenttype",
    "pk": 8
},
{
    "fields": {
        "model": "crontabschedule",
        "name": "crontab",
        "app_label": "djcelery"
    },
    "model": "contenttypes.contenttype",
    "pk": 9
},
{
    "fields": {
        "model": "periodictasks",
        "name": "periodic tasks",
        "app_label": "djcelery"
    },
    "model": "contenttypes.contenttype",
    "pk": 10
},
{
    "fields": {
        "model": "periodictask",
        "name": "periodic task",
        "app_label": "djcelery"
    },
    "model": "contenttypes.contenttype",
    "pk": 11
},
{
    "fields": {
        "model": "workerstate",
        "name": "worker",
        "app_label": "djcelery"
    },
    "model": "contenttypes.contenttype",
    "pk": 12
},
{
    "fields": {
        "model": "taskstate",
        "name": "task",
        "app_label": "djcelery"
    },
    "model": "contenttypes.contenttype",
    "pk": 13
},
{
    "fields": {
        "model": "user",
        "name": "user",
        "app_label": "id_counter"
    },
    "model": "contenttypes.contenttype",
    "pk": 14
},
{
    "fields": {
        "model": "graph",
        "name": "graph",
        "app_label": "graph"
    },
    "model": "contenttypes.contenttype",
    "pk": 15
},
{
    "fields": {
        "model": "node",
        "name": "node",
        "app_label": "graph"
    },
    "model": "contenttypes.contenttype",
    "pk": 16
},
{
    "fields": {
        "model": "playermodel",
        "name": "player model",
        "app_label": "graph"
    },
    "model": "contenttypes.contenttype",
    "pk": 17
},
{
    "fields": {
        "model": "player",
        "name": "player",
        "app_label": "graph"
    },
    "model": "contenttypes.contenttype",
    "pk": 18
},
{
    "fields": {
        "model": "edge",
        "name": "edge",
        "app_label": "graph"
    },
    "model": "contenttypes.contenttype",
    "pk": 19
},
{
    "fields": {
        "model": "path",
        "name": "path",
        "app_label": "graph"
    },
    "model": "contenttypes.contenttype",
    "pk": 20
},
{
    "fields": {
        "model": "pathflowassignment",
        "name": "path flow assignment",
        "app_label": "graph"
    },
    "model": "contenttypes.contenttype",
    "pk": 21
},
{
    "fields": {
        "model": "gameturn",
        "name": "game turn",
        "app_label": "graph"
    },
    "model": "contenttypes.contenttype",
    "pk": 22
},
{
    "fields": {
        "model": "flowdistribution",
        "name": "flow distribution",
        "app_label": "graph"
    },
    "model": "contenttypes.contenttype",
    "pk": 23
},
{
    "fields": {
        "model": "learningrate",
        "name": "learning rate",
        "app_label": "graph"
    },
    "model": "contenttypes.contenttype",
    "pk": 24
},
{
    "fields": {
        "model": "edgecost",
        "name": "edge cost",
        "app_label": "graph"
    },
    "model": "contenttypes.contenttype",
    "pk": 25
},
{
    "fields": {
        "model": "graphcost",
        "name": "graph cost",
        "app_label": "graph"
    },
    "model": "contenttypes.contenttype",
    "pk": 26
},
{
    "fields": {
        "model": "game",
        "name": "game",
        "app_label": "graph"
    },
    "model": "contenttypes.contenttype",
    "pk": 27
},
{
    "fields": {
        "model": "request",
        "name": "request",
        "app_label": "silk"
    },
    "model": "contenttypes.contenttype",
    "pk": 28
},
{
    "fields": {
        "model": "response",
        "name": "response",
        "app_label": "silk"
    },
    "model": "contenttypes.contenttype",
    "pk": 29
},
{
    "fields": {
        "model": "sqlquery",
        "name": "sql query",
        "app_label": "silk"
    },
    "model": "contenttypes.contenttype",
    "pk": 30
},
{
    "fields": {
        "model": "profile",
        "name": "profile",
        "app_label": "silk"
    },
    "model": "contenttypes.contenttype",
    "pk": 31
},
{
    "fields": {
        "expire_date": "2016-06-10T22:48:46.990Z",
        "session_data": "ZjRlMWI5OTgxZDA3OTlmNzczNjgxOTg0YjMyMmFhM2NiNmJiNzE5MDp7fQ=="
    },
    "model": "sessions.session",
    "pk": "1f85f0eitekdslc0ytw3nvvhsmszvif3"
},
{
    "fields": {
        "expire_date": "2016-06-10T22:48:46.991Z",
        "session_data": "ZjRlMWI5OTgxZDA3OTlmNzczNjgxOTg0YjMyMmFhM2NiNmJiNzE5MDp7fQ=="
    },
    "model": "sessions.session",
    "pk": "2dtbk0mydl1t7w7t2cvoye4k4hftiavs"
},
{
    "fields": {
        "expire_date": "2016-06-10T22:48:46.936Z",
        "session_data": "ZjRlMWI5OTgxZDA3OTlmNzczNjgxOTg0YjMyMmFhM2NiNmJiNzE5MDp7fQ=="
    },
    "model": "sessions.session",
    "pk": "4uhz61ogt5bzawif37kmxwgn013evdn7"
},
{
    "fields": {
        "expire_date": "2016-06-10T22:48:47.807Z",
        "session_data": "ZjRlMWI5OTgxZDA3OTlmNzczNjgxOTg0YjMyMmFhM2NiNmJiNzE5MDp7fQ=="
    },
    "model": "sessions.session",
    "pk": "a33ybb58347u62vyakulof9t7p2kujiq"
},
{
    "fields": {
        "expire_date": "2016-06-10T22:48:47.927Z",
        "session_data": "ZjRlMWI5OTgxZDA3OTlmNzczNjgxOTg0YjMyMmFhM2NiNmJiNzE5MDp7fQ=="
    },
    "model": "sessions.session",
    "pk": "ak6baly3g7e99nprpf6famyly0sgbx1v"
},
{
    "fields": {
        "expire_date": "2016-06-15T17:13:38.030Z",
        "session_data": "ZTg5YmM5N2RhYjliNTAxZTExNzI5Y2I2YmQxYjliN2E2MGJiZGNmNTp7Il9hdXRoX3VzZXJfaGFzaCI6IjMyZjY5NzRmZGE1ZGMzNmQ5MGI4YzY2ZDM2MmMyMTc3ZGQ4YWRjMTgiLCJfYXV0aF91c2VyX2JhY2tlbmQiOiJkamFuZ28uY29udHJpYi5hdXRoLmJhY2tlbmRzLk1vZGVsQmFja2VuZCIsIl9hdXRoX3VzZXJfaWQiOjF9"
    },
    "model": "sessions.session",
    "pk": "dug0mw9kvsatd6zfa412a4jcb7p2ze7k"
},
{
    "fields": {
        "expire_date": "2016-06-15T17:37:26.516Z",
        "session_data": "ZjRlMWI5OTgxZDA3OTlmNzczNjgxOTg0YjMyMmFhM2NiNmJiNzE5MDp7fQ=="
    },
    "model": "sessions.session",
    "pk": "efchk89ib6ikhnda3a127010qmtj3ebr"
},
{
    "fields": {
        "expire_date": "2016-06-15T17:14:06.632Z",
        "session_data": "ZDNjMTkxZTA5Zjc1MGY4YmMxZWE2OWJhYzU3M2MwN2Y5MGJhMGM4OTp7Il9hdXRoX3VzZXJfaGFzaCI6IjZjZWEyYjlkYzRlMDgxMWRkOGQyNDM3OTRkMGM4NzA3NDcwMjBiMjYiLCJfYXV0aF91c2VyX2JhY2tlbmQiOiJkamFuZ28uY29udHJpYi5hdXRoLmJhY2tlbmRzLk1vZGVsQmFja2VuZCIsIl9hdXRoX3VzZXJfaWQiOjR9"
    },
    "model": "sessions.session",
    "pk": "ht68ie2o9yieacgx2my33r226b8z1qnr"
},
{
    "fields": {
        "expire_date": "2016-06-10T23:00:14.554Z",
        "session_data": "ZDNjMTkxZTA5Zjc1MGY4YmMxZWE2OWJhYzU3M2MwN2Y5MGJhMGM4OTp7Il9hdXRoX3VzZXJfaGFzaCI6IjZjZWEyYjlkYzRlMDgxMWRkOGQyNDM3OTRkMGM4NzA3NDcwMjBiMjYiLCJfYXV0aF91c2VyX2JhY2tlbmQiOiJkamFuZ28uY29udHJpYi5hdXRoLmJhY2tlbmRzLk1vZGVsQmFja2VuZCIsIl9hdXRoX3VzZXJfaWQiOjR9"
    },
    "model": "sessions.session",
    "pk": "hzjmceqbbzvpfa2mah019shi9gdauoaw"
},
{
    "fields": {
        "expire_date": "2016-06-15T17:37:56.070Z",
        "session_data": "YjUzMmIwY2Q5MDEzNTI5NTYzODkxNDY4ZDU5Y2MwNjQyM2M2N2U5Njp7Il9hdXRoX3VzZXJfaGFzaCI6IjVkNWNjYTIyYTI3NDA2MzZiZDkxNTVkYmM4ZTU3YzRlMzk3YTZmOTQiLCJfYXV0aF91c2VyX2JhY2tlbmQiOiJkamFuZ28uY29udHJpYi5hdXRoLmJhY2tlbmRzLk1vZGVsQmFja2VuZCIsIl9hdXRoX3VzZXJfaWQiOjZ9"
    },
    "model": "sessions.session",
    "pk": "lr2ccuoo7u2znxyj7ykss2x8z5hog5xk"
},
{
    "fields": {
        "expire_date": "2016-06-10T22:48:46.990Z",
        "session_data": "ZjRlMWI5OTgxZDA3OTlmNzczNjgxOTg0YjMyMmFhM2NiNmJiNzE5MDp7fQ=="
    },
    "model": "sessions.session",
    "pk": "n0v1x27afew9coealvs8i7kvu3murr0r"
},
{
    "fields": {
        "expire_date": "2016-06-10T22:48:47.870Z",
        "session_data": "ZjRlMWI5OTgxZDA3OTlmNzczNjgxOTg0YjMyMmFhM2NiNmJiNzE5MDp7fQ=="
    },
    "model": "sessions.session",
    "pk": "o2jdaw2fws8zot60lfu8maca06mwtiqb"
},
{
    "fields": {
        "expire_date": "2016-06-10T22:48:48.766Z",
        "session_data": "ZjRlMWI5OTgxZDA3OTlmNzczNjgxOTg0YjMyMmFhM2NiNmJiNzE5MDp7fQ=="
    },
    "model": "sessions.session",
    "pk": "s0au0kg7h67mmyk1rnqupogv8oqqycym"
},
{
    "fields": {
        "expire_date": "2016-06-15T17:37:26.530Z",
        "session_data": "ZjRlMWI5OTgxZDA3OTlmNzczNjgxOTg0YjMyMmFhM2NiNmJiNzE5MDp7fQ=="
    },
    "model": "sessions.session",
    "pk": "um3e7vxhvax17ryq40ah380zerg0qqur"
},
{
    "fields": {
        "expire_date": "2016-06-10T22:48:46.973Z",
        "session_data": "ZjRlMWI5OTgxZDA3OTlmNzczNjgxOTg0YjMyMmFhM2NiNmJiNzE5MDp7fQ=="
    },
    "model": "sessions.session",
    "pk": "v6adb2zlr3frml7rj4cdmp05jrlxiz7v"
},
{
    "fields": {
        "expire_date": "2016-06-10T22:53:00.138Z",
        "session_data": "Nzk5YWYzNTQ3YzRlMzU3MmM4OGJhZTgwNDA5YjM5YTg0N2NiZGQ1Mjp7Il9hdXRoX3VzZXJfaGFzaCI6ImJhNWUzZTY0YTBmMGVjY2M4N2YwYWVhZmM5YzJmYWE1OWYyNWZkNmMiLCJfYXV0aF91c2VyX2JhY2tlbmQiOiJkamFuZ28uY29udHJpYi5hdXRoLmJhY2tlbmRzLk1vZGVsQmFja2VuZCIsIl9hdXRoX3VzZXJfaWQiOjJ9"
    },
    "model": "sessions.session",
    "pk": "vt35zblrpwqwqzfpl00cddnr61q0yotg"
},
{
    "fields": {
        "expire_date": "2016-06-10T22:48:47.913Z",
        "session_data": "ZjRlMWI5OTgxZDA3OTlmNzczNjgxOTg0YjMyMmFhM2NiNmJiNzE5MDp7fQ=="
    },
    "model": "sessions.session",
    "pk": "wv9gyfaqr1jtj3vxxg26w5h9d6taprwj"
},
{
    "fields": {
        "expire_date": "2016-06-10T23:00:05.116Z",
        "session_data": "NTc5ZThlMTBlNDY0NTU4Y2Q5ZWQ5ZmRlOTQzMTg2MTZhMjg0MzdlZTp7Il9hdXRoX3VzZXJfaGFzaCI6ImJmYzMyMTQxODUwMzY5OTJhZTIzMmNlOTQ1MTQwZTZmMThmMDc2M2QiLCJfYXV0aF91c2VyX2JhY2tlbmQiOiJkamFuZ28uY29udHJpYi5hdXRoLmJhY2tlbmRzLk1vZGVsQmFja2VuZCIsIl9hdXRoX3VzZXJfaWQiOjV9"
    },
    "model": "sessions.session",
    "pk": "yp7booc9w8c3azyjio7zltydsjud788c"
},
{
    "fields": {
        "expire_date": "2016-06-10T22:49:30.575Z",
        "session_data": "ZTg5YmM5N2RhYjliNTAxZTExNzI5Y2I2YmQxYjliN2E2MGJiZGNmNTp7Il9hdXRoX3VzZXJfaGFzaCI6IjMyZjY5NzRmZGE1ZGMzNmQ5MGI4YzY2ZDM2MmMyMTc3ZGQ4YWRjMTgiLCJfYXV0aF91c2VyX2JhY2tlbmQiOiJkamFuZ28uY29udHJpYi5hdXRoLmJhY2tlbmRzLk1vZGVsQmFja2VuZCIsIl9hdXRoX3VzZXJfaWQiOjF9"
    },
    "model": "sessions.session",
    "pk": "zmbnvg5vflipzhb6n8pbagru2k1uo2wh"
},
{
    "fields": {
        "graph_ui": "{\"graph\": \"G1\", \"nodes\": [{\"index\": 0, \"reflexive\": false, \"weight\": 3, \"px\": 189, \"py\": 284, \"y\": 284, \"x\": 189, \"id\": 1}, {\"index\": 1, \"reflexive\": false, \"weight\": 3, \"px\": 202, \"py\": 145, \"y\": 145, \"x\": 202, \"id\": 2}, {\"index\": 2, \"reflexive\": false, \"weight\": 2, \"px\": 354, \"py\": 310, \"y\": 310, \"x\": 354, \"id\": 3}, {\"index\": 3, \"reflexive\": false, \"weight\": 3, \"px\": 353, \"py\": 91, \"y\": 91, \"x\": 353, \"id\": 4}, {\"index\": 4, \"reflexive\": false, \"weight\": 4, \"px\": 474, \"py\": 222, \"y\": 222, \"x\": 474, \"id\": 5}, {\"index\": 5, \"reflexive\": false, \"weight\": 3, \"px\": 484, \"py\": 118, \"y\": 118, \"x\": 484, \"id\": 6}, {\"index\": 6, \"reflexive\": false, \"weight\": 3, \"px\": 443, \"py\": 47, \"y\": 47, \"x\": 443, \"id\": 7}, {\"index\": 7, \"reflexive\": false, \"weight\": 5, \"px\": 338, \"py\": 188, \"y\": 188, \"x\": 338, \"id\": 8}], \"game\": \"game_1\", \"links\": [{\"id\": \"a75184a02271985af347be47f481689e\", \"source\": {\"index\": 0, \"reflexive\": false, \"weight\": 3, \"px\": 189, \"py\": 284, \"y\": 284, \"x\": 189, \"id\": 1}, \"right\": true, \"target\": {\"index\": 7, \"reflexive\": false, \"weight\": 5, \"px\": 338, \"py\": 188, \"y\": 188, \"x\": 338, \"id\": 8}, \"left\": false}, {\"id\": \"5fe9c893f17f9ad60f3dad201bdafb67\", \"source\": {\"index\": 6, \"reflexive\": false, \"weight\": 3, \"px\": 443, \"py\": 47, \"y\": 47, \"x\": 443, \"id\": 7}, \"right\": false, \"target\": {\"index\": 7, \"reflexive\": false, \"weight\": 5, \"px\": 338, \"py\": 188, \"y\": 188, \"x\": 338, \"id\": 8}, \"left\": true}, {\"id\": \"a544467c4dc3b0e63f1e593a5640d7f5\", \"source\": {\"index\": 3, \"reflexive\": false, \"weight\": 3, \"px\": 353, \"py\": 91, \"y\": 91, \"x\": 353, \"id\": 4}, \"right\": false, \"target\": {\"index\": 7, \"reflexive\": false, \"weight\": 5, \"px\": 338, \"py\": 188, \"y\": 188, \"x\": 338, \"id\": 8}, \"left\": true}, {\"id\": \"a77f2ba58725d031c7c05057e38433d9\", \"source\": {\"index\": 3, \"reflexive\": false, \"weight\": 3, \"px\": 353, \"py\": 91, \"y\": 91, \"x\": 353, \"id\": 4}, \"right\": true, \"target\": {\"index\": 6, \"reflexive\": false, \"weight\": 3, \"px\": 443, \"py\": 47, \"y\": 47, \"x\": 443, \"id\": 7}, \"left\": false}, {\"id\": \"1184465dd4e350cd63c361038e0f9627\", \"source\": {\"index\": 4, \"reflexive\": false, \"weight\": 4, \"px\": 474, \"py\": 222, \"y\": 222, \"x\": 474, \"id\": 5}, \"right\": false, \"target\": {\"index\": 7, \"reflexive\": false, \"weight\": 5, \"px\": 338, \"py\": 188, \"y\": 188, \"x\": 338, \"id\": 8}, \"left\": true}, {\"id\": \"19ddc516c1fbea6ebd82a2180e583e40\", \"source\": {\"index\": 4, \"reflexive\": false, \"weight\": 4, \"px\": 474, \"py\": 222, \"y\": 222, \"x\": 474, \"id\": 5}, \"right\": true, \"target\": {\"index\": 6, \"reflexive\": false, \"weight\": 3, \"px\": 443, \"py\": 47, \"y\": 47, \"x\": 443, \"id\": 7}, \"left\": false}, {\"id\": \"95ec207f537330fa3a4bbbebd767f4fd\", \"source\": {\"index\": 2, \"reflexive\": false, \"weight\": 2, \"px\": 354, \"py\": 310, \"y\": 310, \"x\": 354, \"id\": 3}, \"right\": true, \"target\": {\"index\": 4, \"reflexive\": false, \"weight\": 4, \"px\": 474, \"py\": 222, \"y\": 222, \"x\": 474, \"id\": 5}, \"left\": false}, {\"id\": \"a2ac35a5c7ecbb8c14a8b3afdd1c46ae\", \"source\": {\"index\": 0, \"reflexive\": false, \"weight\": 3, \"px\": 189, \"py\": 284, \"y\": 284, \"x\": 189, \"id\": 1}, \"right\": true, \"target\": {\"index\": 1, \"reflexive\": false, \"weight\": 3, \"px\": 202, \"py\": 145, \"y\": 145, \"x\": 202, \"id\": 2}, \"left\": false}, {\"id\": \"f6bc2cf3992fa212aa35dd0cfb5008cb\", \"source\": {\"index\": 1, \"reflexive\": false, \"weight\": 3, \"px\": 202, \"py\": 145, \"y\": 145, \"x\": 202, \"id\": 2}, \"right\": true, \"target\": {\"index\": 3, \"reflexive\": false, \"weight\": 3, \"px\": 353, \"py\": 91, \"y\": 91, \"x\": 353, \"id\": 4}, \"left\": false}, {\"id\": \"66552d93aade80180a124bcf35b67717\", \"source\": {\"index\": 0, \"reflexive\": false, \"weight\": 3, \"px\": 189, \"py\": 284, \"y\": 284, \"x\": 189, \"id\": 1}, \"right\": true, \"target\": {\"index\": 2, \"reflexive\": false, \"weight\": 2, \"px\": 354, \"py\": 310, \"y\": 310, \"x\": 354, \"id\": 3}, \"left\": false}, {\"id\": \"f6a1d75d0e4cad29dc0ed865c57e5bc7\", \"source\": {\"index\": 5, \"reflexive\": false, \"weight\": 3, \"px\": 484, \"py\": 118, \"y\": 118, \"x\": 484, \"id\": 6}, \"right\": false, \"target\": {\"index\": 7, \"reflexive\": false, \"weight\": 5, \"px\": 338, \"py\": 188, \"y\": 188, \"x\": 338, \"id\": 8}, \"left\": true}, {\"id\": \"42ec6bca6859d936eaac1aae8235f3f9\", \"source\": {\"index\": 1, \"reflexive\": false, \"weight\": 3, \"px\": 202, \"py\": 145, \"y\": 145, \"x\": 202, \"id\": 2}, \"right\": true, \"target\": {\"index\": 5, \"reflexive\": false, \"weight\": 3, \"px\": 484, \"py\": 118, \"y\": 118, \"x\": 484, \"id\": 6}, \"left\": false}, {\"id\": \"d293ac494befb55f824cbbcb5a50548d\", \"source\": {\"index\": 4, \"reflexive\": false, \"weight\": 4, \"px\": 474, \"py\": 222, \"y\": 222, \"x\": 474, \"id\": 5}, \"right\": true, \"target\": {\"index\": 5, \"reflexive\": false, \"weight\": 3, \"px\": 484, \"py\": 118, \"y\": 118, \"x\": 484, \"id\": 6}, \"left\": false}]}"
    },
    "model": "graph.graph",
    "pk": "G1"
},
{
    "fields": {
        "graph_ui": ""
    },
    "model": "graph.graph",
    "pk": "useless_2"
},
{
    "fields": {
        "graph_ui": ""
    },
    "model": "graph.graph",
    "pk": "useless_3"
},
{
    "fields": {
        "graph_ui": ""
    },
    "model": "graph.graph",
    "pk": "useless_4"
},
{
    "fields": {
        "graph": "G1",
        "ui_id": 8
    },
    "model": "graph.node",
    "pk": "413bc4c6-803b-4f6f-856c-6ff0b6550317"
},
{
    "fields": {
        "graph": "G1",
        "ui_id": 3
    },
    "model": "graph.node",
    "pk": "69279944-8e2d-49cd-ae65-49bced9ea5a3"
},
{
    "fields": {
        "graph": "G1",
        "ui_id": 4
    },
    "model": "graph.node",
    "pk": "6b058c83-d973-4733-804e-c66a832fea22"
},
{
    "fields": {
        "graph": "G1",
        "ui_id": 7
    },
    "model": "graph.node",
    "pk": "8e94a17e-4655-4bd5-a1bd-d34535e3c111"
},
{
    "fields": {
        "graph": "G1",
        "ui_id": 2
    },
    "model": "graph.node",
    "pk": "93c2639a-4a0d-40fb-aaf0-b4b79aca3973"
},
{
    "fields": {
        "graph": "G1",
        "ui_id": 5
    },
    "model": "graph.node",
    "pk": "a01e98d9-3537-47e7-859d-51b59028d8f1"
},
{
    "fields": {
        "graph": "G1",
        "ui_id": 1
    },
    "model": "graph.node",
    "pk": "bb0a3f8d-1a5a-487f-8e38-c94f87bad341"
},
{
    "fields": {
        "graph": "G1",
        "ui_id": 6
    },
    "model": "graph.node",
    "pk": "ddfdec34-5fbe-4eb3-bb8c-836a89aa4369"
},
{
    "fields": {
        "destination_node": "8e94a17e-4655-4bd5-a1bd-d34535e3c111",
        "graph": "G1",
        "in_use": true,
        "flow": 1.0,
        "normalization_const": 1.2414245992972583,
        "start_node": "bb0a3f8d-1a5a-487f-8e38-c94f87bad341",
        "historic_player": "ai_playerai_playerai_playerai_player"
    },
    "model": "graph.playermodel",
    "pk": "PM_AI"
},
{
    "fields": {
        "destination_node": "ddfdec34-5fbe-4eb3-bb8c-836a89aa4369",
        "graph": "G1",
        "in_use": true,
        "flow": 1.0,
        "normalization_const": 1.156454023583518,
        "start_node": "bb0a3f8d-1a5a-487f-8e38-c94f87bad341",
        "historic_player": "user_1user_2user_3user_4"
    },
    "model": "graph.playermodel",
    "pk": "PM_NON_AI"
},
{
    "fields": {
        "graph": "G1",
        "cost_function": "x",
        "to_node": "a01e98d9-3537-47e7-859d-51b59028d8f1",
        "from_node": "413bc4c6-803b-4f6f-856c-6ff0b6550317"
    },
    "model": "graph.edge",
    "pk": "1184465dd4e350cd63c361038e0f9627"
},
{
    "fields": {
        "graph": "G1",
        "cost_function": "x",
        "to_node": "8e94a17e-4655-4bd5-a1bd-d34535e3c111",
        "from_node": "a01e98d9-3537-47e7-859d-51b59028d8f1"
    },
    "model": "graph.edge",
    "pk": "19ddc516c1fbea6ebd82a2180e583e40"
},
{
    "fields": {
        "graph": "G1",
        "cost_function": "x",
        "to_node": "ddfdec34-5fbe-4eb3-bb8c-836a89aa4369",
        "from_node": "93c2639a-4a0d-40fb-aaf0-b4b79aca3973"
    },
    "model": "graph.edge",
    "pk": "42ec6bca6859d936eaac1aae8235f3f9"
},
{
    "fields": {
        "graph": "G1",
        "cost_function": "x",
        "to_node": "8e94a17e-4655-4bd5-a1bd-d34535e3c111",
        "from_node": "413bc4c6-803b-4f6f-856c-6ff0b6550317"
    },
    "model": "graph.edge",
    "pk": "5fe9c893f17f9ad60f3dad201bdafb67"
},
{
    "fields": {
        "graph": "G1",
        "cost_function": "x",
        "to_node": "69279944-8e2d-49cd-ae65-49bced9ea5a3",
        "from_node": "bb0a3f8d-1a5a-487f-8e38-c94f87bad341"
    },
    "model": "graph.edge",
    "pk": "66552d93aade80180a124bcf35b67717"
},
{
    "fields": {
        "graph": "G1",
        "cost_function": "x",
        "to_node": "a01e98d9-3537-47e7-859d-51b59028d8f1",
        "from_node": "69279944-8e2d-49cd-ae65-49bced9ea5a3"
    },
    "model": "graph.edge",
    "pk": "95ec207f537330fa3a4bbbebd767f4fd"
},
{
    "fields": {
        "graph": "G1",
        "cost_function": "x",
        "to_node": "93c2639a-4a0d-40fb-aaf0-b4b79aca3973",
        "from_node": "bb0a3f8d-1a5a-487f-8e38-c94f87bad341"
    },
    "model": "graph.edge",
    "pk": "a2ac35a5c7ecbb8c14a8b3afdd1c46ae"
},
{
    "fields": {
        "graph": "G1",
        "cost_function": "x",
        "to_node": "6b058c83-d973-4733-804e-c66a832fea22",
        "from_node": "413bc4c6-803b-4f6f-856c-6ff0b6550317"
    },
    "model": "graph.edge",
    "pk": "a544467c4dc3b0e63f1e593a5640d7f5"
},
{
    "fields": {
        "graph": "G1",
        "cost_function": "x",
        "to_node": "413bc4c6-803b-4f6f-856c-6ff0b6550317",
        "from_node": "bb0a3f8d-1a5a-487f-8e38-c94f87bad341"
    },
    "model": "graph.edge",
    "pk": "a75184a02271985af347be47f481689e"
},
{
    "fields": {
        "graph": "G1",
        "cost_function": "x",
        "to_node": "8e94a17e-4655-4bd5-a1bd-d34535e3c111",
        "from_node": "6b058c83-d973-4733-804e-c66a832fea22"
    },
    "model": "graph.edge",
    "pk": "a77f2ba58725d031c7c05057e38433d9"
},
{
    "fields": {
        "graph": "G1",
        "cost_function": "x",
        "to_node": "ddfdec34-5fbe-4eb3-bb8c-836a89aa4369",
        "from_node": "a01e98d9-3537-47e7-859d-51b59028d8f1"
    },
    "model": "graph.edge",
    "pk": "d293ac494befb55f824cbbcb5a50548d"
},
{
    "fields": {
        "graph": "G1",
        "cost_function": "x",
        "to_node": "ddfdec34-5fbe-4eb3-bb8c-836a89aa4369",
        "from_node": "413bc4c6-803b-4f6f-856c-6ff0b6550317"
    },
    "model": "graph.edge",
    "pk": "f6a1d75d0e4cad29dc0ed865c57e5bc7"
},
{
    "fields": {
        "graph": "G1",
        "cost_function": "x",
        "to_node": "6b058c83-d973-4733-804e-c66a832fea22",
        "from_node": "93c2639a-4a0d-40fb-aaf0-b4b79aca3973"
    },
    "model": "graph.edge",
    "pk": "f6bc2cf3992fa212aa35dd0cfb5008cb"
},
{
    "fields": {
        "graph": "G1",
        "edges": [
            "a544467c4dc3b0e63f1e593a5640d7f5",
            "a75184a02271985af347be47f481689e",
            "a77f2ba58725d031c7c05057e38433d9"
        ],
        "player_model": "PM_AI"
    },
    "model": "graph.path",
    "pk": 1
},
{
    "fields": {
        "graph": "G1",
        "edges": [
            "1184465dd4e350cd63c361038e0f9627",
            "19ddc516c1fbea6ebd82a2180e583e40",
            "a75184a02271985af347be47f481689e"
        ],
        "player_model": "PM_AI"
    },
    "model": "graph.path",
    "pk": 2
},
{
    "fields": {
        "graph": "G1",
        "edges": [
            "5fe9c893f17f9ad60f3dad201bdafb67",
            "a75184a02271985af347be47f481689e"
        ],
        "player_model": "PM_AI"
    },
    "model": "graph.path",
    "pk": 3
},
{
    "fields": {
        "graph": "G1",
        "edges": [
            "a2ac35a5c7ecbb8c14a8b3afdd1c46ae",
            "a77f2ba58725d031c7c05057e38433d9",
            "f6bc2cf3992fa212aa35dd0cfb5008cb"
        ],
        "player_model": "PM_AI"
    },
    "model": "graph.path",
    "pk": 4
},
{
    "fields": {
        "graph": "G1",
        "edges": [
            "19ddc516c1fbea6ebd82a2180e583e40",
            "66552d93aade80180a124bcf35b67717",
            "95ec207f537330fa3a4bbbebd767f4fd"
        ],
        "player_model": "PM_AI"
    },
    "model": "graph.path",
    "pk": 5
},
{
    "fields": {
        "graph": "G1",
        "edges": [
            "1184465dd4e350cd63c361038e0f9627",
            "a75184a02271985af347be47f481689e",
            "d293ac494befb55f824cbbcb5a50548d"
        ],
        "player_model": "PM_NON_AI"
    },
    "model": "graph.path",
    "pk": 6
},
{
    "fields": {
        "graph": "G1",
        "edges": [
            "a75184a02271985af347be47f481689e",
            "f6a1d75d0e4cad29dc0ed865c57e5bc7"
        ],
        "player_model": "PM_NON_AI"
    },
    "model": "graph.path",
    "pk": 7
},
{
    "fields": {
        "graph": "G1",
        "edges": [
            "42ec6bca6859d936eaac1aae8235f3f9",
            "a2ac35a5c7ecbb8c14a8b3afdd1c46ae"
        ],
        "player_model": "PM_NON_AI"
    },
    "model": "graph.path",
    "pk": 8
},
{
    "fields": {
        "graph": "G1",
        "edges": [
            "66552d93aade80180a124bcf35b67717",
            "95ec207f537330fa3a4bbbebd767f4fd",
            "d293ac494befb55f824cbbcb5a50548d"
        ],
        "player_model": "PM_NON_AI"
    },
    "model": "graph.path",
    "pk": 9
},
{
    "fields": {
        "path": 1,
        "flow": 0.2
    },
    "model": "graph.pathflowassignment",
    "pk": 1
},
{
    "fields": {
        "path": 2,
        "flow": 0.2
    },
    "model": "graph.pathflowassignment",
    "pk": 2
},
{
    "fields": {
        "path": 3,
        "flow": 0.2
    },
    "model": "graph.pathflowassignment",
    "pk": 3
},
{
    "fields": {
        "path": 4,
        "flow": 0.2
    },
    "model": "graph.pathflowassignment",
    "pk": 4
},
{
    "fields": {
        "path": 5,
        "flow": 0.2
    },
    "model": "graph.pathflowassignment",
    "pk": 5
},
{
    "fields": {
        "path": 6,
        "flow": 0.25
    },
    "model": "graph.pathflowassignment",
    "pk": 6
},
{
    "fields": {
        "path": 7,
        "flow": 0.25
    },
    "model": "graph.pathflowassignment",
    "pk": 7
},
{
    "fields": {
        "path": 8,
        "flow": 0.25
    },
    "model": "graph.pathflowassignment",
    "pk": 8
},
{
    "fields": {
        "path": 9,
        "flow": 0.25
    },
    "model": "graph.pathflowassignment",
    "pk": 9
},
{
    "fields": {
        "path": 1,
        "flow": 0.2
    },
    "model": "graph.pathflowassignment",
    "pk": 10
},
{
    "fields": {
        "path": 2,
        "flow": 0.2
    },
    "model": "graph.pathflowassignment",
    "pk": 11
},
{
    "fields": {
        "path": 3,
        "flow": 0.2
    },
    "model": "graph.pathflowassignment",
    "pk": 12
},
{
    "fields": {
        "path": 4,
        "flow": 0.2
    },
    "model": "graph.pathflowassignment",
    "pk": 13
},
{
    "fields": {
        "path": 5,
        "flow": 0.2
    },
    "model": "graph.pathflowassignment",
    "pk": 14
},
{
    "fields": {
        "path": 6,
        "flow": 0.25
    },
    "model": "graph.pathflowassignment",
    "pk": 15
},
{
    "fields": {
        "path": 7,
        "flow": 0.25
    },
    "model": "graph.pathflowassignment",
    "pk": 16
},
{
    "fields": {
        "path": 8,
        "flow": 0.25
    },
    "model": "graph.pathflowassignment",
    "pk": 17
},
{
    "fields": {
        "path": 9,
        "flow": 0.25
    },
    "model": "graph.pathflowassignment",
    "pk": 18
},
{
    "fields": {
        "path": 1,
        "flow": 0.14974563441260968
    },
    "model": "graph.pathflowassignment",
    "pk": 19
},
{
    "fields": {
        "path": 2,
        "flow": 0.11662201734206472
    },
    "model": "graph.pathflowassignment",
    "pk": 20
},
{
    "fields": {
        "path": 3,
        "flow": 0.2233942357806917
    },
    "model": "graph.pathflowassignment",
    "pk": 21
},
{
    "fields": {
        "path": 4,
        "flow": 0.28684387668394223
    },
    "model": "graph.pathflowassignment",
    "pk": 22
},
{
    "fields": {
        "path": 5,
        "flow": 0.2233942357806917
    },
    "model": "graph.pathflowassignment",
    "pk": 23
},
{
    "fields": {
        "path": 6,
        "flow": 0.03846153846153846
    },
    "model": "graph.pathflowassignment",
    "pk": 24
},
{
    "fields": {
        "path": 7,
        "flow": 0.23076923076923075
    },
    "model": "graph.pathflowassignment",
    "pk": 25
},
{
    "fields": {
        "path": 8,
        "flow": 0.5705128205128205
    },
    "model": "graph.pathflowassignment",
    "pk": 26
},
{
    "fields": {
        "path": 9,
        "flow": 0.16025641025641024
    },
    "model": "graph.pathflowassignment",
    "pk": 27
},
{
    "fields": {
        "path": 1,
        "flow": 0.13993833201849742
    },
    "model": "graph.pathflowassignment",
    "pk": 28
},
{
    "fields": {
        "path": 2,
        "flow": 0.11624673582707999
    },
    "model": "graph.pathflowassignment",
    "pk": 29
},
{
    "fields": {
        "path": 3,
        "flow": 0.26984286778584443
    },
    "model": "graph.pathflowassignment",
    "pk": 30
},
{
    "fields": {
        "path": 4,
        "flow": 0.22694435679277805
    },
    "model": "graph.pathflowassignment",
    "pk": 31
},
{
    "fields": {
        "path": 5,
        "flow": 0.24702770757580006
    },
    "model": "graph.pathflowassignment",
    "pk": 32
},
{
    "fields": {
        "path": 6,
        "flow": 0.047619047619047616
    },
    "model": "graph.pathflowassignment",
    "pk": 33
},
{
    "fields": {
        "path": 7,
        "flow": 0.2857142857142857
    },
    "model": "graph.pathflowassignment",
    "pk": 34
},
{
    "fields": {
        "path": 8,
        "flow": 0.4682539682539682
    },
    "model": "graph.pathflowassignment",
    "pk": 35
},
{
    "fields": {
        "path": 9,
        "flow": 0.1984126984126984
    },
    "model": "graph.pathflowassignment",
    "pk": 36
},
{
    "fields": {
        "path": 1,
        "flow": 0.13139101484530705
    },
    "model": "graph.pathflowassignment",
    "pk": 37
},
{
    "fields": {
        "path": 2,
        "flow": 0.10787353293724641
    },
    "model": "graph.pathflowassignment",
    "pk": 38
},
{
    "fields": {
        "path": 3,
        "flow": 0.2905091584876866
    },
    "model": "graph.pathflowassignment",
    "pk": 39
},
{
    "fields": {
        "path": 4,
        "flow": 0.2227894855835189
    },
    "model": "graph.pathflowassignment",
    "pk": 40
},
{
    "fields": {
        "path": 5,
        "flow": 0.24743680814624106
    },
    "model": "graph.pathflowassignment",
    "pk": 41
},
{
    "fields": {
        "path": 6,
        "flow": 0.01639344262295082
    },
    "model": "graph.pathflowassignment",
    "pk": 42
},
{
    "fields": {
        "path": 7,
        "flow": 0.29508196721311475
    },
    "model": "graph.pathflowassignment",
    "pk": 43
},
{
    "fields": {
        "path": 8,
        "flow": 0.48360655737704916
    },
    "model": "graph.pathflowassignment",
    "pk": 44
},
{
    "fields": {
        "path": 9,
        "flow": 0.20491803278688525
    },
    "model": "graph.pathflowassignment",
    "pk": 45
},
{
    "fields": {
        "path": 1,
        "flow": 0.1259279028102671
    },
    "model": "graph.pathflowassignment",
    "pk": 46
},
{
    "fields": {
        "path": 2,
        "flow": 0.10369858486350647
    },
    "model": "graph.pathflowassignment",
    "pk": 47
},
{
    "fields": {
        "path": 3,
        "flow": 0.30695406179641027
    },
    "model": "graph.pathflowassignment",
    "pk": 48
},
{
    "fields": {
        "path": 4,
        "flow": 0.21821622645589664
    },
    "model": "graph.pathflowassignment",
    "pk": 49
},
{
    "fields": {
        "path": 5,
        "flow": 0.24520322407391956
    },
    "model": "graph.pathflowassignment",
    "pk": 50
},
{
    "fields": {
        "path": 6,
        "flow": 0.017543859649122806
    },
    "model": "graph.pathflowassignment",
    "pk": 51
},
{
    "fields": {
        "path": 7,
        "flow": 0.31578947368421045
    },
    "model": "graph.pathflowassignment",
    "pk": 52
},
{
    "fields": {
        "path": 8,
        "flow": 0.4473684210526315
    },
    "model": "graph.pathflowassignment",
    "pk": 53
},
{
    "fields": {
        "path": 9,
        "flow": 0.21929824561403508
    },
    "model": "graph.pathflowassignment",
    "pk": 54
},
{
    "fields": {
        "path": 1,
        "flow": 0.12092858063332167
    },
    "model": "graph.pathflowassignment",
    "pk": 55
},
{
    "fields": {
        "path": 2,
        "flow": 0.0995785475837888
    },
    "model": "graph.pathflowassignment",
    "pk": 56
},
{
    "fields": {
        "path": 3,
        "flow": 0.31707465785895517
    },
    "model": "graph.pathflowassignment",
    "pk": 57
},
{
    "fields": {
        "path": 4,
        "flow": 0.22032048581177546
    },
    "model": "graph.pathflowassignment",
    "pk": 58
},
{
    "fields": {
        "path": 5,
        "flow": 0.24209772811215893
    },
    "model": "graph.pathflowassignment",
    "pk": 59
},
{
    "fields": {
        "path": 6,
        "flow": 0.008771929824561403
    },
    "model": "graph.pathflowassignment",
    "pk": 60
},
{
    "fields": {
        "path": 7,
        "flow": 0.31578947368421045
    },
    "model": "graph.pathflowassignment",
    "pk": 61
},
{
    "fields": {
        "path": 8,
        "flow": 0.45614035087719296
    },
    "model": "graph.pathflowassignment",
    "pk": 62
},
{
    "fields": {
        "path": 9,
        "flow": 0.21929824561403508
    },
    "model": "graph.pathflowassignment",
    "pk": 63
},
{
    "fields": {
        "path": 1,
        "flow": 0.11698232469637777
    },
    "model": "graph.pathflowassignment",
    "pk": 64
},
{
    "fields": {
        "path": 2,
        "flow": 0.09680804120756478
    },
    "model": "graph.pathflowassignment",
    "pk": 65
},
{
    "fields": {
        "path": 3,
        "flow": 0.32544648221359124
    },
    "model": "graph.pathflowassignment",
    "pk": 66
},
{
    "fields": {
        "path": 4,
        "flow": 0.22077274991554235
    },
    "model": "graph.pathflowassignment",
    "pk": 67
},
{
    "fields": {
        "path": 5,
        "flow": 0.23999040196692384
    },
    "model": "graph.pathflowassignment",
    "pk": 68
},
{
    "fields": {
        "path": 6,
        "flow": 0.008695652173913044
    },
    "model": "graph.pathflowassignment",
    "pk": 69
},
{
    "fields": {
        "path": 7,
        "flow": 0.3130434782608696
    },
    "model": "graph.pathflowassignment",
    "pk": 70
},
{
    "fields": {
        "path": 8,
        "flow": 0.46086956521739136
    },
    "model": "graph.pathflowassignment",
    "pk": 71
},
{
    "fields": {
        "path": 9,
        "flow": 0.2173913043478261
    },
    "model": "graph.pathflowassignment",
    "pk": 72
},
{
    "fields": {
        "path": 1,
        "flow": 0.11368108748909439
    },
    "model": "graph.pathflowassignment",
    "pk": 73
},
{
    "fields": {
        "path": 2,
        "flow": 0.09451932833684895
    },
    "model": "graph.pathflowassignment",
    "pk": 74
},
{
    "fields": {
        "path": 3,
        "flow": 0.3321011535478344
    },
    "model": "graph.pathflowassignment",
    "pk": 75
},
{
    "fields": {
        "path": 4,
        "flow": 0.22075660269596414
    },
    "model": "graph.pathflowassignment",
    "pk": 76
},
{
    "fields": {
        "path": 5,
        "flow": 0.23894182793025803
    },
    "model": "graph.pathflowassignment",
    "pk": 77
},
{
    "fields": {
        "path": 6,
        "flow": 0.008771929824561403
    },
    "model": "graph.pathflowassignment",
    "pk": 78
},
{
    "fields": {
        "path": 7,
        "flow": 0.3070175438596491
    },
    "model": "graph.pathflowassignment",
    "pk": 79
},
{
    "fields": {
        "path": 8,
        "flow": 0.46491228070175433
    },
    "model": "graph.pathflowassignment",
    "pk": 80
},
{
    "fields": {
        "path": 9,
        "flow": 0.21929824561403508
    },
    "model": "graph.pathflowassignment",
    "pk": 81
},
{
    "fields": {
        "path": 1,
        "flow": 0.11102591981108532
    },
    "model": "graph.pathflowassignment",
    "pk": 82
},
{
    "fields": {
        "path": 2,
        "flow": 0.09268341984771777
    },
    "model": "graph.pathflowassignment",
    "pk": 83
},
{
    "fields": {
        "path": 3,
        "flow": 0.33792523140139924
    },
    "model": "graph.pathflowassignment",
    "pk": 84
},
{
    "fields": {
        "path": 4,
        "flow": 0.22048370813410206
    },
    "model": "graph.pathflowassignment",
    "pk": 85
},
{
    "fields": {
        "path": 5,
        "flow": 0.23788172080569558
    },
    "model": "graph.pathflowassignment",
    "pk": 86
},
{
    "fields": {
        "path": 6,
        "flow": 0.008849557522123894
    },
    "model": "graph.pathflowassignment",
    "pk": 87
},
{
    "fields": {
        "path": 7,
        "flow": 0.30088495575221236
    },
    "model": "graph.pathflowassignment",
    "pk": 88
},
{
    "fields": {
        "path": 8,
        "flow": 0.4690265486725663
    },
    "model": "graph.pathflowassignment",
    "pk": 89
},
{
    "fields": {
        "path": 9,
        "flow": 0.22123893805309733
    },
    "model": "graph.pathflowassignment",
    "pk": 90
},
{
    "fields": {
        "path": 1,
        "flow": 0.10887003074936885
    },
    "model": "graph.pathflowassignment",
    "pk": 91
},
{
    "fields": {
        "path": 2,
        "flow": 0.09120045153592875
    },
    "model": "graph.pathflowassignment",
    "pk": 92
},
{
    "fields": {
        "path": 3,
        "flow": 0.3431219330934503
    },
    "model": "graph.pathflowassignment",
    "pk": 93
},
{
    "fields": {
        "path": 4,
        "flow": 0.22001196377786783
    },
    "model": "graph.pathflowassignment",
    "pk": 94
},
{
    "fields": {
        "path": 5,
        "flow": 0.23679562084338437
    },
    "model": "graph.pathflowassignment",
    "pk": 95
},
{
    "fields": {
        "path": 6,
        "flow": 0.008771929824561403
    },
    "model": "graph.pathflowassignment",
    "pk": 96
},
{
    "fields": {
        "path": 7,
        "flow": 0.3070175438596491
    },
    "model": "graph.pathflowassignment",
    "pk": 97
},
{
    "fields": {
        "path": 8,
        "flow": 0.46491228070175433
    },
    "model": "graph.pathflowassignment",
    "pk": 98
},
{
    "fields": {
        "path": 9,
        "flow": 0.21929824561403508
    },
    "model": "graph.pathflowassignment",
    "pk": 99
},
{
    "fields": {
        "path": 1,
        "flow": 0.1067982156107485
    },
    "model": "graph.pathflowassignment",
    "pk": 100
},
{
    "fields": {
        "path": 2,
        "flow": 0.08974210988673835
    },
    "model": "graph.pathflowassignment",
    "pk": 101
},
{
    "fields": {
        "path": 3,
        "flow": 0.34681689584626046
    },
    "model": "graph.pathflowassignment",
    "pk": 102
},
{
    "fields": {
        "path": 4,
        "flow": 0.22016208979889282
    },
    "model": "graph.pathflowassignment",
    "pk": 103
},
{
    "fields": {
        "path": 5,
        "flow": 0.23648068885735993
    },
    "model": "graph.pathflowassignment",
    "pk": 104
},
{
    "fields": {
        "path": 6,
        "flow": 0.0
    },
    "model": "graph.pathflowassignment",
    "pk": 105
},
{
    "fields": {
        "path": 7,
        "flow": 0.30357142857142855
    },
    "model": "graph.pathflowassignment",
    "pk": 106
},
{
    "fields": {
        "path": 8,
        "flow": 0.4732142857142857
    },
    "model": "graph.pathflowassignment",
    "pk": 107
},
{
    "fields": {
        "path": 9,
        "flow": 0.2232142857142857
    },
    "model": "graph.pathflowassignment",
    "pk": 108
},
{
    "fields": {
        "path": 1,
        "flow": 0.10523106115730402
    },
    "model": "graph.pathflowassignment",
    "pk": 109
},
{
    "fields": {
        "path": 2,
        "flow": 0.0889009104389685
    },
    "model": "graph.pathflowassignment",
    "pk": 110
},
{
    "fields": {
        "path": 3,
        "flow": 0.35080416930322855
    },
    "model": "graph.pathflowassignment",
    "pk": 111
},
{
    "fields": {
        "path": 4,
        "flow": 0.21957604120843577
    },
    "model": "graph.pathflowassignment",
    "pk": 112
},
{
    "fields": {
        "path": 5,
        "flow": 0.23548781789206316
    },
    "model": "graph.pathflowassignment",
    "pk": 113
},
{
    "fields": {
        "path": 6,
        "flow": 0.0
    },
    "model": "graph.pathflowassignment",
    "pk": 114
},
{
    "fields": {
        "path": 7,
        "flow": 0.30357142857142855
    },
    "model": "graph.pathflowassignment",
    "pk": 115
},
{
    "fields": {
        "path": 8,
        "flow": 0.4732142857142857
    },
    "model": "graph.pathflowassignment",
    "pk": 116
},
{
    "fields": {
        "path": 9,
        "flow": 0.2232142857142857
    },
    "model": "graph.pathflowassignment",
    "pk": 117
},
{
    "fields": {
        "path": 1,
        "flow": 0.1038091739018261
    },
    "model": "graph.pathflowassignment",
    "pk": 118
},
{
    "fields": {
        "path": 2,
        "flow": 0.0881247213175852
    },
    "model": "graph.pathflowassignment",
    "pk": 119
},
{
    "fields": {
        "path": 3,
        "flow": 0.3540707889800953
    },
    "model": "graph.pathflowassignment",
    "pk": 120
},
{
    "fields": {
        "path": 4,
        "flow": 0.2192116228620194
    },
    "model": "graph.pathflowassignment",
    "pk": 121
},
{
    "fields": {
        "path": 5,
        "flow": 0.23478369293847387
    },
    "model": "graph.pathflowassignment",
    "pk": 122
},
{
    "fields": {
        "path": 6,
        "flow": 0.0
    },
    "model": "graph.pathflowassignment",
    "pk": 123
},
{
    "fields": {
        "path": 7,
        "flow": 0.30088495575221236
    },
    "model": "graph.pathflowassignment",
    "pk": 124
},
{
    "fields": {
        "path": 8,
        "flow": 0.4690265486725663
    },
    "model": "graph.pathflowassignment",
    "pk": 125
},
{
    "fields": {
        "path": 9,
        "flow": 0.23008849557522124
    },
    "model": "graph.pathflowassignment",
    "pk": 126
},
{
    "fields": {
        "path": 1,
        "flow": 0.10261618658262346
    },
    "model": "graph.pathflowassignment",
    "pk": 127
},
{
    "fields": {
        "path": 2,
        "flow": 0.08749447857821674
    },
    "model": "graph.pathflowassignment",
    "pk": 128
},
{
    "fields": {
        "path": 3,
        "flow": 0.35713646550861883
    },
    "model": "graph.pathflowassignment",
    "pk": 129
},
{
    "fields": {
        "path": 4,
        "flow": 0.2193073201176578
    },
    "model": "graph.pathflowassignment",
    "pk": 130
},
{
    "fields": {
        "path": 5,
        "flow": 0.23344554921288316
    },
    "model": "graph.pathflowassignment",
    "pk": 131
},
{
    "fields": {
        "path": 6,
        "flow": 0.0
    },
    "model": "graph.pathflowassignment",
    "pk": 132
},
{
    "fields": {
        "path": 7,
        "flow": 0.2982456140350877
    },
    "model": "graph.pathflowassignment",
    "pk": 133
},
{
    "fields": {
        "path": 8,
        "flow": 0.47368421052631576
    },
    "model": "graph.pathflowassignment",
    "pk": 134
},
{
    "fields": {
        "path": 9,
        "flow": 0.22807017543859648
    },
    "model": "graph.pathflowassignment",
    "pk": 135
},
{
    "fields": {
        "path": 1,
        "flow": 0.10153886969460608
    },
    "model": "graph.pathflowassignment",
    "pk": 136
},
{
    "fields": {
        "path": 2,
        "flow": 0.0869493682617447
    },
    "model": "graph.pathflowassignment",
    "pk": 137
},
{
    "fields": {
        "path": 3,
        "flow": 0.3598107608745089
    },
    "model": "graph.pathflowassignment",
    "pk": 138
},
{
    "fields": {
        "path": 4,
        "flow": 0.21909176810820033
    },
    "model": "graph.pathflowassignment",
    "pk": 139
},
{
    "fields": {
        "path": 5,
        "flow": 0.23260923306094003
    },
    "model": "graph.pathflowassignment",
    "pk": 140
},
{
    "fields": {
        "path": 6,
        "flow": 0.0
    },
    "model": "graph.pathflowassignment",
    "pk": 141
},
{
    "fields": {
        "path": 7,
        "flow": 0.29310344827586204
    },
    "model": "graph.pathflowassignment",
    "pk": 142
},
{
    "fields": {
        "path": 8,
        "flow": 0.46551724137931033
    },
    "model": "graph.pathflowassignment",
    "pk": 143
},
{
    "fields": {
        "path": 9,
        "flow": 0.24137931034482757
    },
    "model": "graph.pathflowassignment",
    "pk": 144
},
{
    "fields": {
        "path": 1,
        "flow": 0.10071445550093643
    },
    "model": "graph.pathflowassignment",
    "pk": 145
},
{
    "fields": {
        "path": 2,
        "flow": 0.08659286559022128
    },
    "model": "graph.pathflowassignment",
    "pk": 146
},
{
    "fields": {
        "path": 3,
        "flow": 0.3626821569075436
    },
    "model": "graph.pathflowassignment",
    "pk": 147
},
{
    "fields": {
        "path": 4,
        "flow": 0.21952589537062708
    },
    "model": "graph.pathflowassignment",
    "pk": 148
},
{
    "fields": {
        "path": 5,
        "flow": 0.23048462663067165
    },
    "model": "graph.pathflowassignment",
    "pk": 149
},
{
    "fields": {
        "path": 6,
        "flow": 0.0
    },
    "model": "graph.pathflowassignment",
    "pk": 150
},
{
    "fields": {
        "path": 7,
        "flow": 0.3076923076923077
    },
    "model": "graph.pathflowassignment",
    "pk": 151
},
{
    "fields": {
        "path": 8,
        "flow": 0.4615384615384616
    },
    "model": "graph.pathflowassignment",
    "pk": 152
},
{
    "fields": {
        "path": 9,
        "flow": 0.2307692307692308
    },
    "model": "graph.pathflowassignment",
    "pk": 153
},
{
    "fields": {
        "path": 1,
        "flow": 0.09960347913075268
    },
    "model": "graph.pathflowassignment",
    "pk": 154
},
{
    "fields": {
        "path": 2,
        "flow": 0.08600851442218596
    },
    "model": "graph.pathflowassignment",
    "pk": 155
},
{
    "fields": {
        "path": 3,
        "flow": 0.3639450037762092
    },
    "model": "graph.pathflowassignment",
    "pk": 156
},
{
    "fields": {
        "path": 4,
        "flow": 0.22026457833524887
    },
    "model": "graph.pathflowassignment",
    "pk": 157
},
{
    "fields": {
        "path": 5,
        "flow": 0.2301784243356033
    },
    "model": "graph.pathflowassignment",
    "pk": 158
},
{
    "fields": {
        "path": 6,
        "flow": 0.0
    },
    "model": "graph.pathflowassignment",
    "pk": 159
},
{
    "fields": {
        "path": 7,
        "flow": 0.3076923076923077
    },
    "model": "graph.pathflowassignment",
    "pk": 160
},
{
    "fields": {
        "path": 8,
        "flow": 0.4615384615384616
    },
    "model": "graph.pathflowassignment",
    "pk": 161
},
{
    "fields": {
        "path": 9,
        "flow": 0.2307692307692308
    },
    "model": "graph.pathflowassignment",
    "pk": 162
},
{
    "fields": {
        "path": 1,
        "flow": 0.0985773817431308
    },
    "model": "graph.pathflowassignment",
    "pk": 163
},
{
    "fields": {
        "path": 2,
        "flow": 0.08547988696956484
    },
    "model": "graph.pathflowassignment",
    "pk": 164
},
{
    "fields": {
        "path": 3,
        "flow": 0.36507933138784027
    },
    "model": "graph.pathflowassignment",
    "pk": 165
},
{
    "fields": {
        "path": 4,
        "flow": 0.2209113640078356
    },
    "model": "graph.pathflowassignment",
    "pk": 166
},
{
    "fields": {
        "path": 5,
        "flow": 0.22995203589162846
    },
    "model": "graph.pathflowassignment",
    "pk": 167
},
{
    "fields": {
        "path": 6,
        "flow": 0.0
    },
    "model": "graph.pathflowassignment",
    "pk": 168
},
{
    "fields": {
        "path": 7,
        "flow": 0.3076923076923077
    },
    "model": "graph.pathflowassignment",
    "pk": 169
},
{
    "fields": {
        "path": 8,
        "flow": 0.4615384615384616
    },
    "model": "graph.pathflowassignment",
    "pk": 170
},
{
    "fields": {
        "path": 9,
        "flow": 0.2307692307692308
    },
    "model": "graph.pathflowassignment",
    "pk": 171
},
{
    "fields": {
        "path": 1,
        "flow": 0.09762736452932436
    },
    "model": "graph.pathflowassignment",
    "pk": 172
},
{
    "fields": {
        "path": 2,
        "flow": 0.08499907778011066
    },
    "model": "graph.pathflowassignment",
    "pk": 173
},
{
    "fields": {
        "path": 3,
        "flow": 0.3661048511906514
    },
    "model": "graph.pathflowassignment",
    "pk": 174
},
{
    "fields": {
        "path": 4,
        "flow": 0.22148274552156672
    },
    "model": "graph.pathflowassignment",
    "pk": 175
},
{
    "fields": {
        "path": 5,
        "flow": 0.2297859609783468
    },
    "model": "graph.pathflowassignment",
    "pk": 176
},
{
    "fields": {
        "path": 6,
        "flow": 0.0
    },
    "model": "graph.pathflowassignment",
    "pk": 177
},
{
    "fields": {
        "path": 7,
        "flow": 0.3076923076923077
    },
    "model": "graph.pathflowassignment",
    "pk": 178
},
{
    "fields": {
        "path": 8,
        "flow": 0.4615384615384616
    },
    "model": "graph.pathflowassignment",
    "pk": 179
},
{
    "fields": {
        "path": 9,
        "flow": 0.2307692307692308
    },
    "model": "graph.pathflowassignment",
    "pk": 180
},
{
    "fields": {
        "path": 1,
        "flow": 0.09674566896770564
    },
    "model": "graph.pathflowassignment",
    "pk": 181
},
{
    "fields": {
        "path": 2,
        "flow": 0.08455967610362433
    },
    "model": "graph.pathflowassignment",
    "pk": 182
},
{
    "fields": {
        "path": 3,
        "flow": 0.3670372820303086
    },
    "model": "graph.pathflowassignment",
    "pk": 183
},
{
    "fields": {
        "path": 4,
        "flow": 0.22199154372721483
    },
    "model": "graph.pathflowassignment",
    "pk": 184
},
{
    "fields": {
        "path": 5,
        "flow": 0.22966582917114658
    },
    "model": "graph.pathflowassignment",
    "pk": 185
},
{
    "fields": {
        "path": 6,
        "flow": 0.0
    },
    "model": "graph.pathflowassignment",
    "pk": 186
},
{
    "fields": {
        "path": 7,
        "flow": 0.3076923076923077
    },
    "model": "graph.pathflowassignment",
    "pk": 187
},
{
    "fields": {
        "path": 8,
        "flow": 0.4615384615384616
    },
    "model": "graph.pathflowassignment",
    "pk": 188
},
{
    "fields": {
        "path": 9,
        "flow": 0.2307692307692308
    },
    "model": "graph.pathflowassignment",
    "pk": 189
},
{
    "fields": {
        "path": 1,
        "flow": 0.09592547066682111
    },
    "model": "graph.pathflowassignment",
    "pk": 190
},
{
    "fields": {
        "path": 2,
        "flow": 0.08415641978348162
    },
    "model": "graph.pathflowassignment",
    "pk": 191
},
{
    "fields": {
        "path": 3,
        "flow": 0.3678893344077464
    },
    "model": "graph.pathflowassignment",
    "pk": 192
},
{
    "fields": {
        "path": 4,
        "flow": 0.22244785459017433
    },
    "model": "graph.pathflowassignment",
    "pk": 193
},
{
    "fields": {
        "path": 5,
        "flow": 0.22958092055177662
    },
    "model": "graph.pathflowassignment",
    "pk": 194
},
{
    "fields": {
        "path": 6,
        "flow": 0.0
    },
    "model": "graph.pathflowassignment",
    "pk": 195
},
{
    "fields": {
        "path": 7,
        "flow": 0.3076923076923077
    },
    "model": "graph.pathflowassignment",
    "pk": 196
},
{
    "fields": {
        "path": 8,
        "flow": 0.4615384615384616
    },
    "model": "graph.pathflowassignment",
    "pk": 197
},
{
    "fields": {
        "path": 9,
        "flow": 0.2307692307692308
    },
    "model": "graph.pathflowassignment",
    "pk": 198
},
{
    "fields": {
        "path": 1,
        "flow": 0.09516076892515501
    },
    "model": "graph.pathflowassignment",
    "pk": 199
},
{
    "fields": {
        "path": 2,
        "flow": 0.08378494210017902
    },
    "model": "graph.pathflowassignment",
    "pk": 200
},
{
    "fields": {
        "path": 3,
        "flow": 0.368671413501141
    },
    "model": "graph.pathflowassignment",
    "pk": 201
},
{
    "fields": {
        "path": 4,
        "flow": 0.22285972285553324
    },
    "model": "graph.pathflowassignment",
    "pk": 202
},
{
    "fields": {
        "path": 5,
        "flow": 0.22952315261799172
    },
    "model": "graph.pathflowassignment",
    "pk": 203
},
{
    "fields": {
        "path": 6,
        "flow": 0.0
    },
    "model": "graph.pathflowassignment",
    "pk": 204
},
{
    "fields": {
        "path": 7,
        "flow": 0.3076923076923077
    },
    "model": "graph.pathflowassignment",
    "pk": 205
},
{
    "fields": {
        "path": 8,
        "flow": 0.4615384615384616
    },
    "model": "graph.pathflowassignment",
    "pk": 206
},
{
    "fields": {
        "path": 9,
        "flow": 0.2307692307692308
    },
    "model": "graph.pathflowassignment",
    "pk": 207
},
{
    "fields": {
        "path": 1,
        "flow": 0.09444628229051093
    },
    "model": "graph.pathflowassignment",
    "pk": 208
},
{
    "fields": {
        "path": 2,
        "flow": 0.08344158360013865
    },
    "model": "graph.pathflowassignment",
    "pk": 209
},
{
    "fields": {
        "path": 3,
        "flow": 0.36939213124305176
    },
    "model": "graph.pathflowassignment",
    "pk": 210
},
{
    "fields": {
        "path": 4,
        "flow": 0.22323362879761266
    },
    "model": "graph.pathflowassignment",
    "pk": 211
},
{
    "fields": {
        "path": 5,
        "flow": 0.229486374068686
    },
    "model": "graph.pathflowassignment",
    "pk": 212
},
{
    "fields": {
        "path": 6,
        "flow": 0.0
    },
    "model": "graph.pathflowassignment",
    "pk": 213
},
{
    "fields": {
        "path": 7,
        "flow": 0.3076923076923077
    },
    "model": "graph.pathflowassignment",
    "pk": 214
},
{
    "fields": {
        "path": 8,
        "flow": 0.4615384615384616
    },
    "model": "graph.pathflowassignment",
    "pk": 215
},
{
    "fields": {
        "path": 9,
        "flow": 0.2307692307692308
    },
    "model": "graph.pathflowassignment",
    "pk": 216
},
{
    "fields": {
        "path": 1,
        "flow": 0.2
    },
    "model": "graph.pathflowassignment",
    "pk": 217
},
{
    "fields": {
        "path": 2,
        "flow": 0.2
    },
    "model": "graph.pathflowassignment",
    "pk": 218
},
{
    "fields": {
        "path": 3,
        "flow": 0.2
    },
    "model": "graph.pathflowassignment",
    "pk": 219
},
{
    "fields": {
        "path": 4,
        "flow": 0.2
    },
    "model": "graph.pathflowassignment",
    "pk": 220
},
{
    "fields": {
        "path": 5,
        "flow": 0.2
    },
    "model": "graph.pathflowassignment",
    "pk": 221
},
{
    "fields": {
        "path": 6,
        "flow": 0.25
    },
    "model": "graph.pathflowassignment",
    "pk": 222
},
{
    "fields": {
        "path": 7,
        "flow": 0.25
    },
    "model": "graph.pathflowassignment",
    "pk": 223
},
{
    "fields": {
        "path": 8,
        "flow": 0.25
    },
    "model": "graph.pathflowassignment",
    "pk": 224
},
{
    "fields": {
        "path": 9,
        "flow": 0.25
    },
    "model": "graph.pathflowassignment",
    "pk": 225
},
{
    "fields": {
        "path": 1,
        "flow": 0.2
    },
    "model": "graph.pathflowassignment",
    "pk": 226
},
{
    "fields": {
        "path": 2,
        "flow": 0.2
    },
    "model": "graph.pathflowassignment",
    "pk": 227
},
{
    "fields": {
        "path": 3,
        "flow": 0.2
    },
    "model": "graph.pathflowassignment",
    "pk": 228
},
{
    "fields": {
        "path": 4,
        "flow": 0.2
    },
    "model": "graph.pathflowassignment",
    "pk": 229
},
{
    "fields": {
        "path": 5,
        "flow": 0.2
    },
    "model": "graph.pathflowassignment",
    "pk": 230
},
{
    "fields": {
        "path": 6,
        "flow": 0.0
    },
    "model": "graph.pathflowassignment",
    "pk": 231
},
{
    "fields": {
        "path": 7,
        "flow": 0.2619047619047619
    },
    "model": "graph.pathflowassignment",
    "pk": 232
},
{
    "fields": {
        "path": 8,
        "flow": 0.5892857142857143
    },
    "model": "graph.pathflowassignment",
    "pk": 233
},
{
    "fields": {
        "path": 9,
        "flow": 0.1488095238095238
    },
    "model": "graph.pathflowassignment",
    "pk": 234
},
{
    "fields": {
        "path": 1,
        "flow": 0.16648267701936792
    },
    "model": "graph.pathflowassignment",
    "pk": 235
},
{
    "fields": {
        "path": 2,
        "flow": 0.16648267701936792
    },
    "model": "graph.pathflowassignment",
    "pk": 236
},
{
    "fields": {
        "path": 3,
        "flow": 0.24836296930692783
    },
    "model": "graph.pathflowassignment",
    "pk": 237
},
{
    "fields": {
        "path": 4,
        "flow": 0.17902228757841618
    },
    "model": "graph.pathflowassignment",
    "pk": 238
},
{
    "fields": {
        "path": 5,
        "flow": 0.23964938907592023
    },
    "model": "graph.pathflowassignment",
    "pk": 239
},
{
    "fields": {
        "path": 6,
        "flow": 0.0
    },
    "model": "graph.pathflowassignment",
    "pk": 240
},
{
    "fields": {
        "path": 7,
        "flow": 0.23529411764705885
    },
    "model": "graph.pathflowassignment",
    "pk": 241
},
{
    "fields": {
        "path": 8,
        "flow": 0.5294117647058824
    },
    "model": "graph.pathflowassignment",
    "pk": 242
},
{
    "fields": {
        "path": 9,
        "flow": 0.23529411764705885
    },
    "model": "graph.pathflowassignment",
    "pk": 243
},
{
    "fields": {
        "path": 1,
        "flow": 0.1582784051869038
    },
    "model": "graph.pathflowassignment",
    "pk": 244
},
{
    "fields": {
        "path": 2,
        "flow": 0.1516364236625122
    },
    "model": "graph.pathflowassignment",
    "pk": 245
},
{
    "fields": {
        "path": 3,
        "flow": 0.284509411552503
    },
    "model": "graph.pathflowassignment",
    "pk": 246
},
{
    "fields": {
        "path": 4,
        "flow": 0.1821095607005213
    },
    "model": "graph.pathflowassignment",
    "pk": 247
},
{
    "fields": {
        "path": 5,
        "flow": 0.22346619889755978
    },
    "model": "graph.pathflowassignment",
    "pk": 248
},
{
    "fields": {
        "path": 6,
        "flow": 0.0
    },
    "model": "graph.pathflowassignment",
    "pk": 249
},
{
    "fields": {
        "path": 7,
        "flow": 0.26595744680851063
    },
    "model": "graph.pathflowassignment",
    "pk": 250
},
{
    "fields": {
        "path": 8,
        "flow": 0.5
    },
    "model": "graph.pathflowassignment",
    "pk": 251
},
{
    "fields": {
        "path": 9,
        "flow": 0.23404255319148937
    },
    "model": "graph.pathflowassignment",
    "pk": 252
},
{
    "fields": {
        "path": 1,
        "flow": 0.14916959899438184
    },
    "model": "graph.pathflowassignment",
    "pk": 253
},
{
    "fields": {
        "path": 2,
        "flow": 0.14061227862706002
    },
    "model": "graph.pathflowassignment",
    "pk": 254
},
{
    "fields": {
        "path": 3,
        "flow": 0.30342615776018217
    },
    "model": "graph.pathflowassignment",
    "pk": 255
},
{
    "fields": {
        "path": 4,
        "flow": 0.1876359014046377
    },
    "model": "graph.pathflowassignment",
    "pk": 256
},
{
    "fields": {
        "path": 5,
        "flow": 0.21915606321373832
    },
    "model": "graph.pathflowassignment",
    "pk": 257
},
{
    "fields": {
        "path": 6,
        "flow": 0.0
    },
    "model": "graph.pathflowassignment",
    "pk": 258
},
{
    "fields": {
        "path": 7,
        "flow": 0.2765957446808511
    },
    "model": "graph.pathflowassignment",
    "pk": 259
},
{
    "fields": {
        "path": 8,
        "flow": 0.4893617021276596
    },
    "model": "graph.pathflowassignment",
    "pk": 260
},
{
    "fields": {
        "path": 9,
        "flow": 0.23404255319148937
    },
    "model": "graph.pathflowassignment",
    "pk": 261
},
{
    "fields": {
        "path": 1,
        "flow": 0.14165005584767001
    },
    "model": "graph.pathflowassignment",
    "pk": 262
},
{
    "fields": {
        "path": 2,
        "flow": 0.13256581762132952
    },
    "model": "graph.pathflowassignment",
    "pk": 263
},
{
    "fields": {
        "path": 3,
        "flow": 0.31566719021533085
    },
    "model": "graph.pathflowassignment",
    "pk": 264
},
{
    "fields": {
        "path": 4,
        "flow": 0.19247168289072503
    },
    "model": "graph.pathflowassignment",
    "pk": 265
},
{
    "fields": {
        "path": 5,
        "flow": 0.21764525342494478
    },
    "model": "graph.pathflowassignment",
    "pk": 266
},
{
    "fields": {
        "path": 6,
        "flow": 0.0
    },
    "model": "graph.pathflowassignment",
    "pk": 267
},
{
    "fields": {
        "path": 7,
        "flow": 0.2795698924731183
    },
    "model": "graph.pathflowassignment",
    "pk": 268
},
{
    "fields": {
        "path": 8,
        "flow": 0.48387096774193555
    },
    "model": "graph.pathflowassignment",
    "pk": 269
},
{
    "fields": {
        "path": 9,
        "flow": 0.23655913978494625
    },
    "model": "graph.pathflowassignment",
    "pk": 270
},
{
    "fields": {
        "path": 1,
        "flow": 0.13564674751939806
    },
    "model": "graph.pathflowassignment",
    "pk": 271
},
{
    "fields": {
        "path": 2,
        "flow": 0.12655043531095028
    },
    "model": "graph.pathflowassignment",
    "pk": 272
},
{
    "fields": {
        "path": 3,
        "flow": 0.32472668526893705
    },
    "model": "graph.pathflowassignment",
    "pk": 273
},
{
    "fields": {
        "path": 4,
        "flow": 0.19642426041285696
    },
    "model": "graph.pathflowassignment",
    "pk": 274
},
{
    "fields": {
        "path": 5,
        "flow": 0.2166518714878576
    },
    "model": "graph.pathflowassignment",
    "pk": 275
},
{
    "fields": {
        "path": 6,
        "flow": 0.0
    },
    "model": "graph.pathflowassignment",
    "pk": 276
},
{
    "fields": {
        "path": 7,
        "flow": 0.2810810810810811
    },
    "model": "graph.pathflowassignment",
    "pk": 277
},
{
    "fields": {
        "path": 8,
        "flow": 0.48108108108108105
    },
    "model": "graph.pathflowassignment",
    "pk": 278
},
{
    "fields": {
        "path": 9,
        "flow": 0.23783783783783782
    },
    "model": "graph.pathflowassignment",
    "pk": 279
},
{
    "fields": {
        "path": 1,
        "flow": 0.1307294180429695
    },
    "model": "graph.pathflowassignment",
    "pk": 280
},
{
    "fields": {
        "path": 2,
        "flow": 0.1218615739940856
    },
    "model": "graph.pathflowassignment",
    "pk": 281
},
{
    "fields": {
        "path": 3,
        "flow": 0.33176780251799737
    },
    "model": "graph.pathflowassignment",
    "pk": 282
},
{
    "fields": {
        "path": 4,
        "flow": 0.19959919911219615
    },
    "model": "graph.pathflowassignment",
    "pk": 283
},
{
    "fields": {
        "path": 5,
        "flow": 0.21604200633275145
    },
    "model": "graph.pathflowassignment",
    "pk": 284
},
{
    "fields": {
        "path": 6,
        "flow": 0.0
    },
    "model": "graph.pathflowassignment",
    "pk": 285
},
{
    "fields": {
        "path": 7,
        "flow": 0.28260869565217395
    },
    "model": "graph.pathflowassignment",
    "pk": 286
},
{
    "fields": {
        "path": 8,
        "flow": 0.4782608695652174
    },
    "model": "graph.pathflowassignment",
    "pk": 287
},
{
    "fields": {
        "path": 9,
        "flow": 0.2391304347826087
    },
    "model": "graph.pathflowassignment",
    "pk": 288
},
{
    "fields": {
        "path": 1,
        "flow": 0.126606057402438
    },
    "model": "graph.pathflowassignment",
    "pk": 289
},
{
    "fields": {
        "path": 2,
        "flow": 0.11807560074169235
    },
    "model": "graph.pathflowassignment",
    "pk": 290
},
{
    "fields": {
        "path": 3,
        "flow": 0.3373945875228593
    },
    "model": "graph.pathflowassignment",
    "pk": 291
},
{
    "fields": {
        "path": 4,
        "flow": 0.20229106724050394
    },
    "model": "graph.pathflowassignment",
    "pk": 292
},
{
    "fields": {
        "path": 5,
        "flow": 0.2156326870925064
    },
    "model": "graph.pathflowassignment",
    "pk": 293
},
{
    "fields": {
        "path": 6,
        "flow": 0.0
    },
    "model": "graph.pathflowassignment",
    "pk": 294
},
{
    "fields": {
        "path": 7,
        "flow": 0.28415300546448086
    },
    "model": "graph.pathflowassignment",
    "pk": 295
},
{
    "fields": {
        "path": 8,
        "flow": 0.47540983606557374
    },
    "model": "graph.pathflowassignment",
    "pk": 296
},
{
    "fields": {
        "path": 9,
        "flow": 0.24043715846994534
    },
    "model": "graph.pathflowassignment",
    "pk": 297
},
{
    "fields": {
        "path": 1,
        "flow": 0.12308103706438935
    },
    "model": "graph.pathflowassignment",
    "pk": 298
},
{
    "fields": {
        "path": 2,
        "flow": 0.11493913109293014
    },
    "model": "graph.pathflowassignment",
    "pk": 299
},
{
    "fields": {
        "path": 3,
        "flow": 0.34198724577858347
    },
    "model": "graph.pathflowassignment",
    "pk": 300
},
{
    "fields": {
        "path": 4,
        "flow": 0.20466333338549703
    },
    "model": "graph.pathflowassignment",
    "pk": 301
},
{
    "fields": {
        "path": 5,
        "flow": 0.21532925267860004
    },
    "model": "graph.pathflowassignment",
    "pk": 302
},
{
    "fields": {
        "path": 6,
        "flow": 0.0
    },
    "model": "graph.pathflowassignment",
    "pk": 303
},
{
    "fields": {
        "path": 7,
        "flow": 0.28415300546448086
    },
    "model": "graph.pathflowassignment",
    "pk": 304
},
{
    "fields": {
        "path": 8,
        "flow": 0.47540983606557374
    },
    "model": "graph.pathflowassignment",
    "pk": 305
},
{
    "fields": {
        "path": 9,
        "flow": 0.24043715846994534
    },
    "model": "graph.pathflowassignment",
    "pk": 306
},
{
    "fields": {
        "path": 1,
        "flow": 0.12004606774024919
    },
    "model": "graph.pathflowassignment",
    "pk": 307
},
{
    "fields": {
        "path": 2,
        "flow": 0.11231505517487148
    },
    "model": "graph.pathflowassignment",
    "pk": 308
},
{
    "fields": {
        "path": 3,
        "flow": 0.34587776114911195
    },
    "model": "graph.pathflowassignment",
    "pk": 309
},
{
    "fields": {
        "path": 4,
        "flow": 0.20655511167616825
    },
    "model": "graph.pathflowassignment",
    "pk": 310
},
{
    "fields": {
        "path": 5,
        "flow": 0.21520600425959907
    },
    "model": "graph.pathflowassignment",
    "pk": 311
},
{
    "fields": {
        "path": 6,
        "flow": 0.0
    },
    "model": "graph.pathflowassignment",
    "pk": 312
},
{
    "fields": {
        "path": 7,
        "flow": 0.28415300546448086
    },
    "model": "graph.pathflowassignment",
    "pk": 313
},
{
    "fields": {
        "path": 8,
        "flow": 0.47540983606557374
    },
    "model": "graph.pathflowassignment",
    "pk": 314
},
{
    "fields": {
        "path": 9,
        "flow": 0.24043715846994534
    },
    "model": "graph.pathflowassignment",
    "pk": 315
},
{
    "fields": {
        "path": 1,
        "flow": 0.11740434667225177
    },
    "model": "graph.pathflowassignment",
    "pk": 316
},
{
    "fields": {
        "path": 2,
        "flow": 0.11008030537766572
    },
    "model": "graph.pathflowassignment",
    "pk": 317
},
{
    "fields": {
        "path": 3,
        "flow": 0.3492192312748994
    },
    "model": "graph.pathflowassignment",
    "pk": 318
},
{
    "fields": {
        "path": 4,
        "flow": 0.2080992382050444
    },
    "model": "graph.pathflowassignment",
    "pk": 319
},
{
    "fields": {
        "path": 5,
        "flow": 0.21519687847013874
    },
    "model": "graph.pathflowassignment",
    "pk": 320
},
{
    "fields": {
        "path": 6,
        "flow": 0.0
    },
    "model": "graph.pathflowassignment",
    "pk": 321
},
{
    "fields": {
        "path": 7,
        "flow": 0.2880434782608696
    },
    "model": "graph.pathflowassignment",
    "pk": 322
},
{
    "fields": {
        "path": 8,
        "flow": 0.4728260869565218
    },
    "model": "graph.pathflowassignment",
    "pk": 323
},
{
    "fields": {
        "path": 9,
        "flow": 0.2391304347826087
    },
    "model": "graph.pathflowassignment",
    "pk": 324
},
{
    "fields": {
        "path": 1,
        "flow": 0.2
    },
    "model": "graph.pathflowassignment",
    "pk": 325
},
{
    "fields": {
        "path": 2,
        "flow": 0.2
    },
    "model": "graph.pathflowassignment",
    "pk": 326
},
{
    "fields": {
        "path": 3,
        "flow": 0.2
    },
    "model": "graph.pathflowassignment",
    "pk": 327
},
{
    "fields": {
        "path": 4,
        "flow": 0.2
    },
    "model": "graph.pathflowassignment",
    "pk": 328
},
{
    "fields": {
        "path": 5,
        "flow": 0.2
    },
    "model": "graph.pathflowassignment",
    "pk": 329
},
{
    "fields": {
        "path": 6,
        "flow": 0.25
    },
    "model": "graph.pathflowassignment",
    "pk": 330
},
{
    "fields": {
        "path": 7,
        "flow": 0.25
    },
    "model": "graph.pathflowassignment",
    "pk": 331
},
{
    "fields": {
        "path": 8,
        "flow": 0.25
    },
    "model": "graph.pathflowassignment",
    "pk": 332
},
{
    "fields": {
        "path": 9,
        "flow": 0.25
    },
    "model": "graph.pathflowassignment",
    "pk": 333
},
{
    "fields": {
        "path": 1,
        "flow": 0.2
    },
    "model": "graph.pathflowassignment",
    "pk": 334
},
{
    "fields": {
        "path": 2,
        "flow": 0.2
    },
    "model": "graph.pathflowassignment",
    "pk": 335
},
{
    "fields": {
        "path": 3,
        "flow": 0.2
    },
    "model": "graph.pathflowassignment",
    "pk": 336
},
{
    "fields": {
        "path": 4,
        "flow": 0.2
    },
    "model": "graph.pathflowassignment",
    "pk": 337
},
{
    "fields": {
        "path": 5,
        "flow": 0.2
    },
    "model": "graph.pathflowassignment",
    "pk": 338
},
{
    "fields": {
        "path": 6,
        "flow": 0.5
    },
    "model": "graph.pathflowassignment",
    "pk": 339
},
{
    "fields": {
        "path": 7,
        "flow": 0.25
    },
    "model": "graph.pathflowassignment",
    "pk": 340
},
{
    "fields": {
        "path": 8,
        "flow": 0.0
    },
    "model": "graph.pathflowassignment",
    "pk": 341
},
{
    "fields": {
        "path": 9,
        "flow": 0.25
    },
    "model": "graph.pathflowassignment",
    "pk": 342
},
{
    "fields": {
        "path": 1,
        "flow": 0.12236773097376365
    },
    "model": "graph.pathflowassignment",
    "pk": 343
},
{
    "fields": {
        "path": 2,
        "flow": 0.07421978059505493
    },
    "model": "graph.pathflowassignment",
    "pk": 344
},
{
    "fields": {
        "path": 3,
        "flow": 0.1825512032609833
    },
    "model": "graph.pathflowassignment",
    "pk": 345
},
{
    "fields": {
        "path": 4,
        "flow": 0.3864609003361654
    },
    "model": "graph.pathflowassignment",
    "pk": 346
},
{
    "fields": {
        "path": 5,
        "flow": 0.2344003848340327
    },
    "model": "graph.pathflowassignment",
    "pk": 347
},
{
    "fields": {
        "path": 6,
        "flow": 0.5
    },
    "model": "graph.pathflowassignment",
    "pk": 348
},
{
    "fields": {
        "path": 7,
        "flow": 0.25
    },
    "model": "graph.pathflowassignment",
    "pk": 349
},
{
    "fields": {
        "path": 8,
        "flow": 0.0
    },
    "model": "graph.pathflowassignment",
    "pk": 350
},
{
    "fields": {
        "path": 9,
        "flow": 0.25
    },
    "model": "graph.pathflowassignment",
    "pk": 351
},
{
    "fields": {
        "path": 1,
        "flow": 0.09361823429142824
    },
    "model": "graph.pathflowassignment",
    "pk": 352
},
{
    "fields": {
        "path": 2,
        "flow": 0.047526444897772684
    },
    "model": "graph.pathflowassignment",
    "pk": 353
},
{
    "fields": {
        "path": 3,
        "flow": 0.19180231065889566
    },
    "model": "graph.pathflowassignment",
    "pk": 354
},
{
    "fields": {
        "path": 4,
        "flow": 0.414733283502084
    },
    "model": "graph.pathflowassignment",
    "pk": 355
},
{
    "fields": {
        "path": 5,
        "flow": 0.25231972664981933
    },
    "model": "graph.pathflowassignment",
    "pk": 356
},
{
    "fields": {
        "path": 6,
        "flow": 0.5
    },
    "model": "graph.pathflowassignment",
    "pk": 357
},
{
    "fields": {
        "path": 7,
        "flow": 0.25
    },
    "model": "graph.pathflowassignment",
    "pk": 358
},
{
    "fields": {
        "path": 8,
        "flow": 0.0
    },
    "model": "graph.pathflowassignment",
    "pk": 359
},
{
    "fields": {
        "path": 9,
        "flow": 0.25
    },
    "model": "graph.pathflowassignment",
    "pk": 360
},
{
    "fields": {
        "path": 1,
        "flow": 0.0780820046547582
    },
    "model": "graph.pathflowassignment",
    "pk": 361
},
{
    "fields": {
        "path": 2,
        "flow": 0.034402778168866506
    },
    "model": "graph.pathflowassignment",
    "pk": 362
},
{
    "fields": {
        "path": 3,
        "flow": 0.2027168004110353
    },
    "model": "graph.pathflowassignment",
    "pk": 363
},
{
    "fields": {
        "path": 4,
        "flow": 0.42265978608637644
    },
    "model": "graph.pathflowassignment",
    "pk": 364
},
{
    "fields": {
        "path": 5,
        "flow": 0.2621386306789636
    },
    "model": "graph.pathflowassignment",
    "pk": 365
},
{
    "fields": {
        "path": 6,
        "flow": 0.5
    },
    "model": "graph.pathflowassignment",
    "pk": 366
},
{
    "fields": {
        "path": 7,
        "flow": 0.25
    },
    "model": "graph.pathflowassignment",
    "pk": 367
},
{
    "fields": {
        "path": 8,
        "flow": 0.0
    },
    "model": "graph.pathflowassignment",
    "pk": 368
},
{
    "fields": {
        "path": 9,
        "flow": 0.25
    },
    "model": "graph.pathflowassignment",
    "pk": 369
},
{
    "fields": {
        "path": 1,
        "flow": 0.06779447606092545
    },
    "model": "graph.pathflowassignment",
    "pk": 370
},
{
    "fields": {
        "path": 2,
        "flow": 0.026332350162107717
    },
    "model": "graph.pathflowassignment",
    "pk": 371
},
{
    "fields": {
        "path": 3,
        "flow": 0.21242405411903106
    },
    "model": "graph.pathflowassignment",
    "pk": 372
},
{
    "fields": {
        "path": 4,
        "flow": 0.425928152752282
    },
    "model": "graph.pathflowassignment",
    "pk": 373
},
{
    "fields": {
        "path": 5,
        "flow": 0.2675209669056538
    },
    "model": "graph.pathflowassignment",
    "pk": 374
},
{
    "fields": {
        "path": 6,
        "flow": 0.4
    },
    "model": "graph.pathflowassignment",
    "pk": 375
},
{
    "fields": {
        "path": 7,
        "flow": 0.2
    },
    "model": "graph.pathflowassignment",
    "pk": 376
},
{
    "fields": {
        "path": 8,
        "flow": 0.0
    },
    "model": "graph.pathflowassignment",
    "pk": 377
},
{
    "fields": {
        "path": 9,
        "flow": 0.4
    },
    "model": "graph.pathflowassignment",
    "pk": 378
},
{
    "fields": {
        "path": 1,
        "flow": 0.06521799270733937
    },
    "model": "graph.pathflowassignment",
    "pk": 379
},
{
    "fields": {
        "path": 2,
        "flow": 0.023596400147019393
    },
    "model": "graph.pathflowassignment",
    "pk": 380
},
{
    "fields": {
        "path": 3,
        "flow": 0.23887929094228652
    },
    "model": "graph.pathflowassignment",
    "pk": 381
},
{
    "fields": {
        "path": 4,
        "flow": 0.43281228861958476
    },
    "model": "graph.pathflowassignment",
    "pk": 382
},
{
    "fields": {
        "path": 5,
        "flow": 0.23949402758377003
    },
    "model": "graph.pathflowassignment",
    "pk": 383
},
{
    "fields": {
        "path": 6,
        "flow": 0.4
    },
    "model": "graph.pathflowassignment",
    "pk": 384
},
{
    "fields": {
        "path": 7,
        "flow": 0.2
    },
    "model": "graph.pathflowassignment",
    "pk": 385
},
{
    "fields": {
        "path": 8,
        "flow": 0.0
    },
    "model": "graph.pathflowassignment",
    "pk": 386
},
{
    "fields": {
        "path": 9,
        "flow": 0.4
    },
    "model": "graph.pathflowassignment",
    "pk": 387
},
{
    "fields": {
        "path": 1,
        "flow": 0.06206501420255582
    },
    "model": "graph.pathflowassignment",
    "pk": 388
},
{
    "fields": {
        "path": 2,
        "flow": 0.021352047673466563
    },
    "model": "graph.pathflowassignment",
    "pk": 389
},
{
    "fields": {
        "path": 3,
        "flow": 0.2595186340453786
    },
    "model": "graph.pathflowassignment",
    "pk": 390
},
{
    "fields": {
        "path": 4,
        "flow": 0.43385740502863074
    },
    "model": "graph.pathflowassignment",
    "pk": 391
},
{
    "fields": {
        "path": 5,
        "flow": 0.22320689904996824
    },
    "model": "graph.pathflowassignment",
    "pk": 392
},
{
    "fields": {
        "path": 6,
        "flow": 0.4
    },
    "model": "graph.pathflowassignment",
    "pk": 393
},
{
    "fields": {
        "path": 7,
        "flow": 0.2
    },
    "model": "graph.pathflowassignment",
    "pk": 394
},
{
    "fields": {
        "path": 8,
        "flow": 0.0
    },
    "model": "graph.pathflowassignment",
    "pk": 395
},
{
    "fields": {
        "path": 9,
        "flow": 0.4
    },
    "model": "graph.pathflowassignment",
    "pk": 396
},
{
    "fields": {
        "path": 1,
        "flow": 0.058880402985096184
    },
    "model": "graph.pathflowassignment",
    "pk": 397
},
{
    "fields": {
        "path": 2,
        "flow": 0.019446794314920204
    },
    "model": "graph.pathflowassignment",
    "pk": 398
},
{
    "fields": {
        "path": 3,
        "flow": 0.27560397903887174
    },
    "model": "graph.pathflowassignment",
    "pk": 399
},
{
    "fields": {
        "path": 4,
        "flow": 0.4335169864635381
    },
    "model": "graph.pathflowassignment",
    "pk": 400
},
{
    "fields": {
        "path": 5,
        "flow": 0.21255183719757378
    },
    "model": "graph.pathflowassignment",
    "pk": 401
},
{
    "fields": {
        "path": 6,
        "flow": 0.4
    },
    "model": "graph.pathflowassignment",
    "pk": 402
},
{
    "fields": {
        "path": 7,
        "flow": 0.2
    },
    "model": "graph.pathflowassignment",
    "pk": 403
},
{
    "fields": {
        "path": 8,
        "flow": 0.0
    },
    "model": "graph.pathflowassignment",
    "pk": 404
},
{
    "fields": {
        "path": 9,
        "flow": 0.4
    },
    "model": "graph.pathflowassignment",
    "pk": 405
},
{
    "fields": {
        "path": 1,
        "flow": 0.055857757838310894
    },
    "model": "graph.pathflowassignment",
    "pk": 406
},
{
    "fields": {
        "path": 2,
        "flow": 0.017806574366554584
    },
    "model": "graph.pathflowassignment",
    "pk": 407
},
{
    "fields": {
        "path": 3,
        "flow": 0.2882218483519679
    },
    "model": "graph.pathflowassignment",
    "pk": 408
},
{
    "fields": {
        "path": 4,
        "flow": 0.433014514885622
    },
    "model": "graph.pathflowassignment",
    "pk": 409
},
{
    "fields": {
        "path": 5,
        "flow": 0.2050993045575447
    },
    "model": "graph.pathflowassignment",
    "pk": 410
},
{
    "fields": {
        "path": 6,
        "flow": 0.4
    },
    "model": "graph.pathflowassignment",
    "pk": 411
},
{
    "fields": {
        "path": 7,
        "flow": 0.2
    },
    "model": "graph.pathflowassignment",
    "pk": 412
},
{
    "fields": {
        "path": 8,
        "flow": 0.0
    },
    "model": "graph.pathflowassignment",
    "pk": 413
},
{
    "fields": {
        "path": 9,
        "flow": 0.4
    },
    "model": "graph.pathflowassignment",
    "pk": 414
},
{
    "fields": {
        "path": 1,
        "flow": 0.05306058745815967
    },
    "model": "graph.pathflowassignment",
    "pk": 415
},
{
    "fields": {
        "path": 2,
        "flow": 0.01638226904391623
    },
    "model": "graph.pathflowassignment",
    "pk": 416
},
{
    "fields": {
        "path": 3,
        "flow": 0.2982282751497502
    },
    "model": "graph.pathflowassignment",
    "pk": 417
},
{
    "fields": {
        "path": 4,
        "flow": 0.4326672188347795
    },
    "model": "graph.pathflowassignment",
    "pk": 418
},
{
    "fields": {
        "path": 5,
        "flow": 0.19966164951339443
    },
    "model": "graph.pathflowassignment",
    "pk": 419
},
{
    "fields": {
        "path": 6,
        "flow": 0.4
    },
    "model": "graph.pathflowassignment",
    "pk": 420
},
{
    "fields": {
        "path": 7,
        "flow": 0.2
    },
    "model": "graph.pathflowassignment",
    "pk": 421
},
{
    "fields": {
        "path": 8,
        "flow": 0.0
    },
    "model": "graph.pathflowassignment",
    "pk": 422
},
{
    "fields": {
        "path": 9,
        "flow": 0.4
    },
    "model": "graph.pathflowassignment",
    "pk": 423
},
{
    "fields": {
        "path": 1,
        "flow": 0.05049917767764287
    },
    "model": "graph.pathflowassignment",
    "pk": 424
},
{
    "fields": {
        "path": 2,
        "flow": 0.015136534972216974
    },
    "model": "graph.pathflowassignment",
    "pk": 425
},
{
    "fields": {
        "path": 3,
        "flow": 0.3062658876200422
    },
    "model": "graph.pathflowassignment",
    "pk": 426
},
{
    "fields": {
        "path": 4,
        "flow": 0.43252167998762986
    },
    "model": "graph.pathflowassignment",
    "pk": 427
},
{
    "fields": {
        "path": 5,
        "flow": 0.19557671974246807
    },
    "model": "graph.pathflowassignment",
    "pk": 428
},
{
    "fields": {
        "path": 6,
        "flow": 0.4
    },
    "model": "graph.pathflowassignment",
    "pk": 429
},
{
    "fields": {
        "path": 7,
        "flow": 0.2
    },
    "model": "graph.pathflowassignment",
    "pk": 430
},
{
    "fields": {
        "path": 8,
        "flow": 0.0
    },
    "model": "graph.pathflowassignment",
    "pk": 431
},
{
    "fields": {
        "path": 9,
        "flow": 0.4
    },
    "model": "graph.pathflowassignment",
    "pk": 432
},
{
    "fields": {
        "path": 1,
        "flow": 0.2
    },
    "model": "graph.pathflowassignment",
    "pk": 433
},
{
    "fields": {
        "path": 2,
        "flow": 0.2
    },
    "model": "graph.pathflowassignment",
    "pk": 434
},
{
    "fields": {
        "path": 3,
        "flow": 0.2
    },
    "model": "graph.pathflowassignment",
    "pk": 435
},
{
    "fields": {
        "path": 4,
        "flow": 0.2
    },
    "model": "graph.pathflowassignment",
    "pk": 436
},
{
    "fields": {
        "path": 5,
        "flow": 0.2
    },
    "model": "graph.pathflowassignment",
    "pk": 437
},
{
    "fields": {
        "path": 6,
        "flow": 0.25
    },
    "model": "graph.pathflowassignment",
    "pk": 438
},
{
    "fields": {
        "path": 7,
        "flow": 0.25
    },
    "model": "graph.pathflowassignment",
    "pk": 439
},
{
    "fields": {
        "path": 8,
        "flow": 0.25
    },
    "model": "graph.pathflowassignment",
    "pk": 440
},
{
    "fields": {
        "path": 9,
        "flow": 0.25
    },
    "model": "graph.pathflowassignment",
    "pk": 441
},
{
    "fields": {
        "path": 1,
        "flow": 0.2
    },
    "model": "graph.pathflowassignment",
    "pk": 442
},
{
    "fields": {
        "path": 2,
        "flow": 0.2
    },
    "model": "graph.pathflowassignment",
    "pk": 443
},
{
    "fields": {
        "path": 3,
        "flow": 0.2
    },
    "model": "graph.pathflowassignment",
    "pk": 444
},
{
    "fields": {
        "path": 4,
        "flow": 0.2
    },
    "model": "graph.pathflowassignment",
    "pk": 445
},
{
    "fields": {
        "path": 5,
        "flow": 0.2
    },
    "model": "graph.pathflowassignment",
    "pk": 446
},
{
    "fields": {
        "path": 6,
        "flow": 0.1455399061032864
    },
    "model": "graph.pathflowassignment",
    "pk": 447
},
{
    "fields": {
        "path": 7,
        "flow": 0.15023474178403756
    },
    "model": "graph.pathflowassignment",
    "pk": 448
},
{
    "fields": {
        "path": 8,
        "flow": 0.4694835680751174
    },
    "model": "graph.pathflowassignment",
    "pk": 449
},
{
    "fields": {
        "path": 9,
        "flow": 0.2347417840375587
    },
    "model": "graph.pathflowassignment",
    "pk": 450
},
{
    "fields": {
        "path": 1,
        "flow": 0.17052446133900193
    },
    "model": "graph.pathflowassignment",
    "pk": 451
},
{
    "fields": {
        "path": 2,
        "flow": 0.14742784189593103
    },
    "model": "graph.pathflowassignment",
    "pk": 452
},
{
    "fields": {
        "path": 3,
        "flow": 0.25439260297749705
    },
    "model": "graph.pathflowassignment",
    "pk": 453
},
{
    "fields": {
        "path": 4,
        "flow": 0.21382754689378494
    },
    "model": "graph.pathflowassignment",
    "pk": 454
},
{
    "fields": {
        "path": 5,
        "flow": 0.21382754689378494
    },
    "model": "graph.pathflowassignment",
    "pk": 455
},
{
    "fields": {
        "path": 6,
        "flow": 0.1455399061032864
    },
    "model": "graph.pathflowassignment",
    "pk": 456
},
{
    "fields": {
        "path": 7,
        "flow": 0.15023474178403756
    },
    "model": "graph.pathflowassignment",
    "pk": 457
},
{
    "fields": {
        "path": 8,
        "flow": 0.4694835680751174
    },
    "model": "graph.pathflowassignment",
    "pk": 458
},
{
    "fields": {
        "path": 9,
        "flow": 0.2347417840375587
    },
    "model": "graph.pathflowassignment",
    "pk": 459
},
{
    "fields": {
        "path": 1,
        "flow": 0.15514656083878198
    },
    "model": "graph.pathflowassignment",
    "pk": 460
},
{
    "fields": {
        "path": 2,
        "flow": 0.12503348929537192
    },
    "model": "graph.pathflowassignment",
    "pk": 461
},
{
    "fields": {
        "path": 3,
        "flow": 0.2862439455333085
    },
    "model": "graph.pathflowassignment",
    "pk": 462
},
{
    "fields": {
        "path": 4,
        "flow": 0.2150177749429265
    },
    "model": "graph.pathflowassignment",
    "pk": 463
},
{
    "fields": {
        "path": 5,
        "flow": 0.21855822938961114
    },
    "model": "graph.pathflowassignment",
    "pk": 464
},
{
    "fields": {
        "path": 6,
        "flow": 0.1455399061032864
    },
    "model": "graph.pathflowassignment",
    "pk": 465
},
{
    "fields": {
        "path": 7,
        "flow": 0.15023474178403756
    },
    "model": "graph.pathflowassignment",
    "pk": 466
},
{
    "fields": {
        "path": 8,
        "flow": 0.4694835680751174
    },
    "model": "graph.pathflowassignment",
    "pk": 467
},
{
    "fields": {
        "path": 9,
        "flow": 0.2347417840375587
    },
    "model": "graph.pathflowassignment",
    "pk": 468
},
{
    "fields": {
        "path": 1,
        "flow": 0.1450941839420756
    },
    "model": "graph.pathflowassignment",
    "pk": 469
},
{
    "fields": {
        "path": 2,
        "flow": 0.11108486529897917
    },
    "model": "graph.pathflowassignment",
    "pk": 470
},
{
    "fields": {
        "path": 3,
        "flow": 0.307317871588055
    },
    "model": "graph.pathflowassignment",
    "pk": 471
},
{
    "fields": {
        "path": 4,
        "flow": 0.2152414612659305
    },
    "model": "graph.pathflowassignment",
    "pk": 472
},
{
    "fields": {
        "path": 5,
        "flow": 0.22126161790495977
    },
    "model": "graph.pathflowassignment",
    "pk": 473
},
{
    "fields": {
        "path": 6,
        "flow": 0.1455399061032864
    },
    "model": "graph.pathflowassignment",
    "pk": 474
},
{
    "fields": {
        "path": 7,
        "flow": 0.15023474178403756
    },
    "model": "graph.pathflowassignment",
    "pk": 475
},
{
    "fields": {
        "path": 8,
        "flow": 0.4694835680751174
    },
    "model": "graph.pathflowassignment",
    "pk": 476
},
{
    "fields": {
        "path": 9,
        "flow": 0.2347417840375587
    },
    "model": "graph.pathflowassignment",
    "pk": 477
},
{
    "fields": {
        "path": 1,
        "flow": 0.1378288399704816
    },
    "model": "graph.pathflowassignment",
    "pk": 478
},
{
    "fields": {
        "path": 2,
        "flow": 0.10120551971578498
    },
    "model": "graph.pathflowassignment",
    "pk": 479
},
{
    "fields": {
        "path": 3,
        "flow": 0.322327513837479
    },
    "model": "graph.pathflowassignment",
    "pk": 480
},
{
    "fields": {
        "path": 4,
        "flow": 0.2154200092661903
    },
    "model": "graph.pathflowassignment",
    "pk": 481
},
{
    "fields": {
        "path": 5,
        "flow": 0.22321811721006424
    },
    "model": "graph.pathflowassignment",
    "pk": 482
},
{
    "fields": {
        "path": 6,
        "flow": 0.1455399061032864
    },
    "model": "graph.pathflowassignment",
    "pk": 483
},
{
    "fields": {
        "path": 7,
        "flow": 0.15023474178403756
    },
    "model": "graph.pathflowassignment",
    "pk": 484
},
{
    "fields": {
        "path": 8,
        "flow": 0.4694835680751174
    },
    "model": "graph.pathflowassignment",
    "pk": 485
},
{
    "fields": {
        "path": 9,
        "flow": 0.2347417840375587
    },
    "model": "graph.pathflowassignment",
    "pk": 486
},
{
    "fields": {
        "path": 1,
        "flow": 0.1322668257430986
    },
    "model": "graph.pathflowassignment",
    "pk": 487
},
{
    "fields": {
        "path": 2,
        "flow": 0.09370429359953898
    },
    "model": "graph.pathflowassignment",
    "pk": 488
},
{
    "fields": {
        "path": 3,
        "flow": 0.3335671482466245
    },
    "model": "graph.pathflowassignment",
    "pk": 489
},
{
    "fields": {
        "path": 4,
        "flow": 0.21566438074805455
    },
    "model": "graph.pathflowassignment",
    "pk": 490
},
{
    "fields": {
        "path": 5,
        "flow": 0.2247973516626835
    },
    "model": "graph.pathflowassignment",
    "pk": 491
},
{
    "fields": {
        "path": 6,
        "flow": 0.1455399061032864
    },
    "model": "graph.pathflowassignment",
    "pk": 492
},
{
    "fields": {
        "path": 7,
        "flow": 0.15023474178403756
    },
    "model": "graph.pathflowassignment",
    "pk": 493
},
{
    "fields": {
        "path": 8,
        "flow": 0.4694835680751174
    },
    "model": "graph.pathflowassignment",
    "pk": 494
},
{
    "fields": {
        "path": 9,
        "flow": 0.2347417840375587
    },
    "model": "graph.pathflowassignment",
    "pk": 495
},
{
    "fields": {
        "path": 1,
        "flow": 0.1278430179057333
    },
    "model": "graph.pathflowassignment",
    "pk": 496
},
{
    "fields": {
        "path": 2,
        "flow": 0.08774782259024418
    },
    "model": "graph.pathflowassignment",
    "pk": 497
},
{
    "fields": {
        "path": 3,
        "flow": 0.34230008575894294
    },
    "model": "graph.pathflowassignment",
    "pk": 498
},
{
    "fields": {
        "path": 4,
        "flow": 0.2159674826655558
    },
    "model": "graph.pathflowassignment",
    "pk": 499
},
{
    "fields": {
        "path": 5,
        "flow": 0.2261415910795238
    },
    "model": "graph.pathflowassignment",
    "pk": 500
},
{
    "fields": {
        "path": 6,
        "flow": 0.019736842105263157
    },
    "model": "graph.pathflowassignment",
    "pk": 501
},
{
    "fields": {
        "path": 7,
        "flow": 0.06578947368421052
    },
    "model": "graph.pathflowassignment",
    "pk": 502
},
{
    "fields": {
        "path": 8,
        "flow": 0.6578947368421053
    },
    "model": "graph.pathflowassignment",
    "pk": 503
},
{
    "fields": {
        "path": 9,
        "flow": 0.2565789473684211
    },
    "model": "graph.pathflowassignment",
    "pk": 504
},
{
    "fields": {
        "path": 1,
        "flow": 0.13035599411236412
    },
    "model": "graph.pathflowassignment",
    "pk": 505
},
{
    "fields": {
        "path": 2,
        "flow": 0.0911892416514724
    },
    "model": "graph.pathflowassignment",
    "pk": 506
},
{
    "fields": {
        "path": 3,
        "flow": 0.3665169738192194
    },
    "model": "graph.pathflowassignment",
    "pk": 507
},
{
    "fields": {
        "path": 4,
        "flow": 0.19523148502894425
    },
    "model": "graph.pathflowassignment",
    "pk": 508
},
{
    "fields": {
        "path": 5,
        "flow": 0.216706305388
    },
    "model": "graph.pathflowassignment",
    "pk": 509
},
{
    "fields": {
        "path": 6,
        "flow": 0.0
    },
    "model": "graph.pathflowassignment",
    "pk": 510
},
{
    "fields": {
        "path": 7,
        "flow": 0.21468926553672316
    },
    "model": "graph.pathflowassignment",
    "pk": 511
},
{
    "fields": {
        "path": 8,
        "flow": 0.5649717514124294
    },
    "model": "graph.pathflowassignment",
    "pk": 512
},
{
    "fields": {
        "path": 9,
        "flow": 0.22033898305084745
    },
    "model": "graph.pathflowassignment",
    "pk": 513
},
{
    "fields": {
        "path": 1,
        "flow": 0.1280450895428084
    },
    "model": "graph.pathflowassignment",
    "pk": 514
},
{
    "fields": {
        "path": 2,
        "flow": 0.09139153381773671
    },
    "model": "graph.pathflowassignment",
    "pk": 515
},
{
    "fields": {
        "path": 3,
        "flow": 0.371584099038721
    },
    "model": "graph.pathflowassignment",
    "pk": 516
},
{
    "fields": {
        "path": 4,
        "flow": 0.19026263770425994
    },
    "model": "graph.pathflowassignment",
    "pk": 517
},
{
    "fields": {
        "path": 5,
        "flow": 0.218716639896474
    },
    "model": "graph.pathflowassignment",
    "pk": 518
},
{
    "fields": {
        "path": 6,
        "flow": 0.0
    },
    "model": "graph.pathflowassignment",
    "pk": 519
},
{
    "fields": {
        "path": 7,
        "flow": 0.2549019607843137
    },
    "model": "graph.pathflowassignment",
    "pk": 520
},
{
    "fields": {
        "path": 8,
        "flow": 0.503267973856209
    },
    "model": "graph.pathflowassignment",
    "pk": 521
},
{
    "fields": {
        "path": 9,
        "flow": 0.24183006535947707
    },
    "model": "graph.pathflowassignment",
    "pk": 522
},
{
    "fields": {
        "path": 1,
        "flow": 0.12540432349113176
    },
    "model": "graph.pathflowassignment",
    "pk": 523
},
{
    "fields": {
        "path": 2,
        "flow": 0.09085497228337741
    },
    "model": "graph.pathflowassignment",
    "pk": 524
},
{
    "fields": {
        "path": 3,
        "flow": 0.3731045826084869
    },
    "model": "graph.pathflowassignment",
    "pk": 525
},
{
    "fields": {
        "path": 4,
        "flow": 0.1920247436908553
    },
    "model": "graph.pathflowassignment",
    "pk": 526
},
{
    "fields": {
        "path": 5,
        "flow": 0.21861137792614857
    },
    "model": "graph.pathflowassignment",
    "pk": 527
},
{
    "fields": {
        "path": 6,
        "flow": 0.0
    },
    "model": "graph.pathflowassignment",
    "pk": 528
},
{
    "fields": {
        "path": 7,
        "flow": 0.26666666666666666
    },
    "model": "graph.pathflowassignment",
    "pk": 529
},
{
    "fields": {
        "path": 8,
        "flow": 0.48666666666666664
    },
    "model": "graph.pathflowassignment",
    "pk": 530
},
{
    "fields": {
        "path": 9,
        "flow": 0.24666666666666667
    },
    "model": "graph.pathflowassignment",
    "pk": 531
},
{
    "fields": {
        "path": 1,
        "flow": 0.12288563202887877
    },
    "model": "graph.pathflowassignment",
    "pk": 532
},
{
    "fields": {
        "path": 2,
        "flow": 0.09023514786685381
    },
    "model": "graph.pathflowassignment",
    "pk": 533
},
{
    "fields": {
        "path": 3,
        "flow": 0.37376226663181394
    },
    "model": "graph.pathflowassignment",
    "pk": 534
},
{
    "fields": {
        "path": 4,
        "flow": 0.19487290280329134
    },
    "model": "graph.pathflowassignment",
    "pk": 535
},
{
    "fields": {
        "path": 5,
        "flow": 0.21824405066916208
    },
    "model": "graph.pathflowassignment",
    "pk": 536
},
{
    "fields": {
        "path": 6,
        "flow": 0.0
    },
    "model": "graph.pathflowassignment",
    "pk": 537
},
{
    "fields": {
        "path": 7,
        "flow": 0.26666666666666666
    },
    "model": "graph.pathflowassignment",
    "pk": 538
},
{
    "fields": {
        "path": 8,
        "flow": 0.48666666666666664
    },
    "model": "graph.pathflowassignment",
    "pk": 539
},
{
    "fields": {
        "path": 9,
        "flow": 0.24666666666666667
    },
    "model": "graph.pathflowassignment",
    "pk": 540
},
{
    "fields": {
        "iteration": 0,
        "graph_cost": 1,
        "game_object": null
    },
    "model": "graph.gameturn",
    "pk": 1
},
{
    "fields": {
        "iteration": 1,
        "graph_cost": 2,
        "game_object": "game_1"
    },
    "model": "graph.gameturn",
    "pk": 2
},
{
    "fields": {
        "iteration": 2,
        "graph_cost": 3,
        "game_object": "game_1"
    },
    "model": "graph.gameturn",
    "pk": 3
},
{
    "fields": {
        "iteration": 3,
        "graph_cost": 4,
        "game_object": "game_1"
    },
    "model": "graph.gameturn",
    "pk": 4
},
{
    "fields": {
        "iteration": 4,
        "graph_cost": 5,
        "game_object": "game_1"
    },
    "model": "graph.gameturn",
    "pk": 5
},
{
    "fields": {
        "iteration": 5,
        "graph_cost": 6,
        "game_object": "game_1"
    },
    "model": "graph.gameturn",
    "pk": 6
},
{
    "fields": {
        "iteration": 6,
        "graph_cost": 7,
        "game_object": "game_1"
    },
    "model": "graph.gameturn",
    "pk": 7
},
{
    "fields": {
        "iteration": 7,
        "graph_cost": 8,
        "game_object": "game_1"
    },
    "model": "graph.gameturn",
    "pk": 8
},
{
    "fields": {
        "iteration": 8,
        "graph_cost": 9,
        "game_object": "game_1"
    },
    "model": "graph.gameturn",
    "pk": 9
},
{
    "fields": {
        "iteration": 9,
        "graph_cost": 10,
        "game_object": "game_1"
    },
    "model": "graph.gameturn",
    "pk": 10
},
{
    "fields": {
        "iteration": 10,
        "graph_cost": 11,
        "game_object": "game_1"
    },
    "model": "graph.gameturn",
    "pk": 11
},
{
    "fields": {
        "iteration": 11,
        "graph_cost": 12,
        "game_object": "game_1"
    },
    "model": "graph.gameturn",
    "pk": 12
},
{
    "fields": {
        "iteration": 12,
        "graph_cost": 13,
        "game_object": "game_1"
    },
    "model": "graph.gameturn",
    "pk": 13
},
{
    "fields": {
        "iteration": 13,
        "graph_cost": 14,
        "game_object": "game_1"
    },
    "model": "graph.gameturn",
    "pk": 14
},
{
    "fields": {
        "iteration": 14,
        "graph_cost": 15,
        "game_object": "game_1"
    },
    "model": "graph.gameturn",
    "pk": 15
},
{
    "fields": {
        "iteration": 15,
        "graph_cost": 16,
        "game_object": "game_1"
    },
    "model": "graph.gameturn",
    "pk": 16
},
{
    "fields": {
        "iteration": 16,
        "graph_cost": 17,
        "game_object": "game_1"
    },
    "model": "graph.gameturn",
    "pk": 17
},
{
    "fields": {
        "iteration": 17,
        "graph_cost": 18,
        "game_object": "game_1"
    },
    "model": "graph.gameturn",
    "pk": 18
},
{
    "fields": {
        "iteration": 18,
        "graph_cost": 19,
        "game_object": "game_1"
    },
    "model": "graph.gameturn",
    "pk": 19
},
{
    "fields": {
        "iteration": 19,
        "graph_cost": 20,
        "game_object": "game_1"
    },
    "model": "graph.gameturn",
    "pk": 20
},
{
    "fields": {
        "iteration": 20,
        "graph_cost": 21,
        "game_object": "game_1"
    },
    "model": "graph.gameturn",
    "pk": 21
},
{
    "fields": {
        "iteration": 21,
        "graph_cost": 22,
        "game_object": "game_1"
    },
    "model": "graph.gameturn",
    "pk": 22
},
{
    "fields": {
        "iteration": 22,
        "graph_cost": 23,
        "game_object": "game_1"
    },
    "model": "graph.gameturn",
    "pk": 23
},
{
    "fields": {
        "iteration": 23,
        "graph_cost": null,
        "game_object": "game_1"
    },
    "model": "graph.gameturn",
    "pk": 24
},
{
    "fields": {
        "iteration": 0,
        "graph_cost": 24,
        "game_object": null
    },
    "model": "graph.gameturn",
    "pk": 25
},
{
    "fields": {
        "iteration": 1,
        "graph_cost": 25,
        "game_object": "game_2"
    },
    "model": "graph.gameturn",
    "pk": 26
},
{
    "fields": {
        "iteration": 2,
        "graph_cost": 26,
        "game_object": "game_2"
    },
    "model": "graph.gameturn",
    "pk": 27
},
{
    "fields": {
        "iteration": 3,
        "graph_cost": 27,
        "game_object": "game_2"
    },
    "model": "graph.gameturn",
    "pk": 28
},
{
    "fields": {
        "iteration": 4,
        "graph_cost": 28,
        "game_object": "game_2"
    },
    "model": "graph.gameturn",
    "pk": 29
},
{
    "fields": {
        "iteration": 5,
        "graph_cost": 29,
        "game_object": "game_2"
    },
    "model": "graph.gameturn",
    "pk": 30
},
{
    "fields": {
        "iteration": 6,
        "graph_cost": 30,
        "game_object": "game_2"
    },
    "model": "graph.gameturn",
    "pk": 31
},
{
    "fields": {
        "iteration": 7,
        "graph_cost": 31,
        "game_object": "game_2"
    },
    "model": "graph.gameturn",
    "pk": 32
},
{
    "fields": {
        "iteration": 8,
        "graph_cost": 32,
        "game_object": "game_2"
    },
    "model": "graph.gameturn",
    "pk": 33
},
{
    "fields": {
        "iteration": 9,
        "graph_cost": 33,
        "game_object": "game_2"
    },
    "model": "graph.gameturn",
    "pk": 34
},
{
    "fields": {
        "iteration": 10,
        "graph_cost": 34,
        "game_object": "game_2"
    },
    "model": "graph.gameturn",
    "pk": 35
},
{
    "fields": {
        "iteration": 11,
        "graph_cost": null,
        "game_object": "game_2"
    },
    "model": "graph.gameturn",
    "pk": 36
},
{
    "fields": {
        "iteration": 0,
        "graph_cost": 35,
        "game_object": null
    },
    "model": "graph.gameturn",
    "pk": 37
},
{
    "fields": {
        "iteration": 1,
        "graph_cost": 36,
        "game_object": "game_3"
    },
    "model": "graph.gameturn",
    "pk": 38
},
{
    "fields": {
        "iteration": 2,
        "graph_cost": 37,
        "game_object": "game_3"
    },
    "model": "graph.gameturn",
    "pk": 39
},
{
    "fields": {
        "iteration": 3,
        "graph_cost": 38,
        "game_object": "game_3"
    },
    "model": "graph.gameturn",
    "pk": 40
},
{
    "fields": {
        "iteration": 4,
        "graph_cost": 39,
        "game_object": "game_3"
    },
    "model": "graph.gameturn",
    "pk": 41
},
{
    "fields": {
        "iteration": 5,
        "graph_cost": 40,
        "game_object": "game_3"
    },
    "model": "graph.gameturn",
    "pk": 42
},
{
    "fields": {
        "iteration": 6,
        "graph_cost": 41,
        "game_object": "game_3"
    },
    "model": "graph.gameturn",
    "pk": 43
},
{
    "fields": {
        "iteration": 7,
        "graph_cost": 42,
        "game_object": "game_3"
    },
    "model": "graph.gameturn",
    "pk": 44
},
{
    "fields": {
        "iteration": 8,
        "graph_cost": 43,
        "game_object": "game_3"
    },
    "model": "graph.gameturn",
    "pk": 45
},
{
    "fields": {
        "iteration": 9,
        "graph_cost": 44,
        "game_object": "game_3"
    },
    "model": "graph.gameturn",
    "pk": 46
},
{
    "fields": {
        "iteration": 10,
        "graph_cost": 45,
        "game_object": "game_3"
    },
    "model": "graph.gameturn",
    "pk": 47
},
{
    "fields": {
        "iteration": 11,
        "graph_cost": null,
        "game_object": "game_3"
    },
    "model": "graph.gameturn",
    "pk": 48
},
{
    "fields": {
        "iteration": 0,
        "graph_cost": 46,
        "game_object": null
    },
    "model": "graph.gameturn",
    "pk": 49
},
{
    "fields": {
        "iteration": 1,
        "graph_cost": 47,
        "game_object": "game_4"
    },
    "model": "graph.gameturn",
    "pk": 50
},
{
    "fields": {
        "iteration": 2,
        "graph_cost": 48,
        "game_object": "game_4"
    },
    "model": "graph.gameturn",
    "pk": 51
},
{
    "fields": {
        "iteration": 3,
        "graph_cost": 49,
        "game_object": "game_4"
    },
    "model": "graph.gameturn",
    "pk": 52
},
{
    "fields": {
        "iteration": 4,
        "graph_cost": 50,
        "game_object": "game_4"
    },
    "model": "graph.gameturn",
    "pk": 53
},
{
    "fields": {
        "iteration": 5,
        "graph_cost": 51,
        "game_object": "game_4"
    },
    "model": "graph.gameturn",
    "pk": 54
},
{
    "fields": {
        "iteration": 6,
        "graph_cost": 52,
        "game_object": "game_4"
    },
    "model": "graph.gameturn",
    "pk": 55
},
{
    "fields": {
        "iteration": 7,
        "graph_cost": 53,
        "game_object": "game_4"
    },
    "model": "graph.gameturn",
    "pk": 56
},
{
    "fields": {
        "iteration": 8,
        "graph_cost": 54,
        "game_object": "game_4"
    },
    "model": "graph.gameturn",
    "pk": 57
},
{
    "fields": {
        "iteration": 9,
        "graph_cost": 55,
        "game_object": "game_4"
    },
    "model": "graph.gameturn",
    "pk": 58
},
{
    "fields": {
        "iteration": 10,
        "graph_cost": 56,
        "game_object": "game_4"
    },
    "model": "graph.gameturn",
    "pk": 59
},
{
    "fields": {
        "iteration": 11,
        "graph_cost": null,
        "game_object": "game_4"
    },
    "model": "graph.gameturn",
    "pk": 60
},
{
    "fields": {
        "player": 3,
        "path_assignments": [
            10,
            11,
            12,
            13,
            14
        ],
        "turn": 1
    },
    "model": "graph.flowdistribution",
    "pk": 1
},
{
    "fields": {
        "player": 2,
        "path_assignments": [
            15,
            16,
            17,
            18
        ],
        "turn": 1
    },
    "model": "graph.flowdistribution",
    "pk": 2
},
{
    "fields": {
        "player": 3,
        "path_assignments": [
            19,
            20,
            21,
            22,
            23
        ],
        "turn": 2
    },
    "model": "graph.flowdistribution",
    "pk": 3
},
{
    "fields": {
        "player": 2,
        "path_assignments": [
            24,
            25,
            26,
            27
        ],
        "turn": 2
    },
    "model": "graph.flowdistribution",
    "pk": 4
},
{
    "fields": {
        "player": 3,
        "path_assignments": [
            28,
            29,
            30,
            31,
            32
        ],
        "turn": 3
    },
    "model": "graph.flowdistribution",
    "pk": 5
},
{
    "fields": {
        "player": 2,
        "path_assignments": [
            33,
            34,
            35,
            36
        ],
        "turn": 3
    },
    "model": "graph.flowdistribution",
    "pk": 6
},
{
    "fields": {
        "player": 3,
        "path_assignments": [
            37,
            38,
            39,
            40,
            41
        ],
        "turn": 4
    },
    "model": "graph.flowdistribution",
    "pk": 7
},
{
    "fields": {
        "player": 2,
        "path_assignments": [
            42,
            43,
            44,
            45
        ],
        "turn": 4
    },
    "model": "graph.flowdistribution",
    "pk": 8
},
{
    "fields": {
        "player": 3,
        "path_assignments": [
            46,
            47,
            48,
            49,
            50
        ],
        "turn": 5
    },
    "model": "graph.flowdistribution",
    "pk": 9
},
{
    "fields": {
        "player": 2,
        "path_assignments": [
            51,
            52,
            53,
            54
        ],
        "turn": 5
    },
    "model": "graph.flowdistribution",
    "pk": 10
},
{
    "fields": {
        "player": 3,
        "path_assignments": [
            55,
            56,
            57,
            58,
            59
        ],
        "turn": 6
    },
    "model": "graph.flowdistribution",
    "pk": 11
},
{
    "fields": {
        "player": 2,
        "path_assignments": [
            60,
            61,
            62,
            63
        ],
        "turn": 6
    },
    "model": "graph.flowdistribution",
    "pk": 12
},
{
    "fields": {
        "player": 3,
        "path_assignments": [
            64,
            65,
            66,
            67,
            68
        ],
        "turn": 7
    },
    "model": "graph.flowdistribution",
    "pk": 13
},
{
    "fields": {
        "player": 2,
        "path_assignments": [
            69,
            70,
            71,
            72
        ],
        "turn": 7
    },
    "model": "graph.flowdistribution",
    "pk": 14
},
{
    "fields": {
        "player": 3,
        "path_assignments": [
            73,
            74,
            75,
            76,
            77
        ],
        "turn": 8
    },
    "model": "graph.flowdistribution",
    "pk": 15
},
{
    "fields": {
        "player": 2,
        "path_assignments": [
            78,
            79,
            80,
            81
        ],
        "turn": 8
    },
    "model": "graph.flowdistribution",
    "pk": 16
},
{
    "fields": {
        "player": 3,
        "path_assignments": [
            82,
            83,
            84,
            85,
            86
        ],
        "turn": 9
    },
    "model": "graph.flowdistribution",
    "pk": 17
},
{
    "fields": {
        "player": 2,
        "path_assignments": [
            87,
            88,
            89,
            90
        ],
        "turn": 9
    },
    "model": "graph.flowdistribution",
    "pk": 18
},
{
    "fields": {
        "player": 3,
        "path_assignments": [
            91,
            92,
            93,
            94,
            95
        ],
        "turn": 10
    },
    "model": "graph.flowdistribution",
    "pk": 19
},
{
    "fields": {
        "player": 2,
        "path_assignments": [
            96,
            97,
            98,
            99
        ],
        "turn": 10
    },
    "model": "graph.flowdistribution",
    "pk": 20
},
{
    "fields": {
        "player": 3,
        "path_assignments": [
            100,
            101,
            102,
            103,
            104
        ],
        "turn": 11
    },
    "model": "graph.flowdistribution",
    "pk": 21
},
{
    "fields": {
        "player": 2,
        "path_assignments": [
            105,
            106,
            107,
            108
        ],
        "turn": 11
    },
    "model": "graph.flowdistribution",
    "pk": 22
},
{
    "fields": {
        "player": 3,
        "path_assignments": [
            109,
            110,
            111,
            112,
            113
        ],
        "turn": 12
    },
    "model": "graph.flowdistribution",
    "pk": 23
},
{
    "fields": {
        "player": 2,
        "path_assignments": [
            114,
            115,
            116,
            117
        ],
        "turn": 12
    },
    "model": "graph.flowdistribution",
    "pk": 24
},
{
    "fields": {
        "player": 3,
        "path_assignments": [
            118,
            119,
            120,
            121,
            122
        ],
        "turn": 13
    },
    "model": "graph.flowdistribution",
    "pk": 25
},
{
    "fields": {
        "player": 2,
        "path_assignments": [
            123,
            124,
            125,
            126
        ],
        "turn": 13
    },
    "model": "graph.flowdistribution",
    "pk": 26
},
{
    "fields": {
        "player": 3,
        "path_assignments": [
            127,
            128,
            129,
            130,
            131
        ],
        "turn": 14
    },
    "model": "graph.flowdistribution",
    "pk": 27
},
{
    "fields": {
        "player": 2,
        "path_assignments": [
            132,
            133,
            134,
            135
        ],
        "turn": 14
    },
    "model": "graph.flowdistribution",
    "pk": 28
},
{
    "fields": {
        "player": 3,
        "path_assignments": [
            136,
            137,
            138,
            139,
            140
        ],
        "turn": 15
    },
    "model": "graph.flowdistribution",
    "pk": 29
},
{
    "fields": {
        "player": 2,
        "path_assignments": [
            141,
            142,
            143,
            144
        ],
        "turn": 15
    },
    "model": "graph.flowdistribution",
    "pk": 30
},
{
    "fields": {
        "player": 3,
        "path_assignments": [
            145,
            146,
            147,
            148,
            149
        ],
        "turn": 16
    },
    "model": "graph.flowdistribution",
    "pk": 31
},
{
    "fields": {
        "player": 2,
        "path_assignments": [
            150,
            151,
            152,
            153
        ],
        "turn": 16
    },
    "model": "graph.flowdistribution",
    "pk": 32
},
{
    "fields": {
        "player": 3,
        "path_assignments": [
            154,
            155,
            156,
            157,
            158
        ],
        "turn": 17
    },
    "model": "graph.flowdistribution",
    "pk": 33
},
{
    "fields": {
        "player": 2,
        "path_assignments": [
            159,
            160,
            161,
            162
        ],
        "turn": 17
    },
    "model": "graph.flowdistribution",
    "pk": 34
},
{
    "fields": {
        "player": 3,
        "path_assignments": [
            163,
            164,
            165,
            166,
            167
        ],
        "turn": 18
    },
    "model": "graph.flowdistribution",
    "pk": 35
},
{
    "fields": {
        "player": 2,
        "path_assignments": [
            168,
            169,
            170,
            171
        ],
        "turn": 18
    },
    "model": "graph.flowdistribution",
    "pk": 36
},
{
    "fields": {
        "player": 3,
        "path_assignments": [
            172,
            173,
            174,
            175,
            176
        ],
        "turn": 19
    },
    "model": "graph.flowdistribution",
    "pk": 37
},
{
    "fields": {
        "player": 2,
        "path_assignments": [
            177,
            178,
            179,
            180
        ],
        "turn": 19
    },
    "model": "graph.flowdistribution",
    "pk": 38
},
{
    "fields": {
        "player": 3,
        "path_assignments": [
            181,
            182,
            183,
            184,
            185
        ],
        "turn": 20
    },
    "model": "graph.flowdistribution",
    "pk": 39
},
{
    "fields": {
        "player": 2,
        "path_assignments": [
            186,
            187,
            188,
            189
        ],
        "turn": 20
    },
    "model": "graph.flowdistribution",
    "pk": 40
},
{
    "fields": {
        "player": 3,
        "path_assignments": [
            190,
            191,
            192,
            193,
            194
        ],
        "turn": 21
    },
    "model": "graph.flowdistribution",
    "pk": 41
},
{
    "fields": {
        "player": 2,
        "path_assignments": [
            195,
            196,
            197,
            198
        ],
        "turn": 21
    },
    "model": "graph.flowdistribution",
    "pk": 42
},
{
    "fields": {
        "player": 3,
        "path_assignments": [
            199,
            200,
            201,
            202,
            203
        ],
        "turn": 22
    },
    "model": "graph.flowdistribution",
    "pk": 43
},
{
    "fields": {
        "player": 2,
        "path_assignments": [
            204,
            205,
            206,
            207
        ],
        "turn": 22
    },
    "model": "graph.flowdistribution",
    "pk": 44
},
{
    "fields": {
        "player": 3,
        "path_assignments": [
            208,
            209,
            210,
            211,
            212
        ],
        "turn": 23
    },
    "model": "graph.flowdistribution",
    "pk": 45
},
{
    "fields": {
        "player": 2,
        "path_assignments": [
            213,
            214,
            215,
            216
        ],
        "turn": 23
    },
    "model": "graph.flowdistribution",
    "pk": 46
},
{
    "fields": {
        "player": 3,
        "path_assignments": [
            226,
            227,
            228,
            229,
            230
        ],
        "turn": 25
    },
    "model": "graph.flowdistribution",
    "pk": 47
},
{
    "fields": {
        "player": 4,
        "path_assignments": [
            231,
            232,
            233,
            234
        ],
        "turn": 25
    },
    "model": "graph.flowdistribution",
    "pk": 48
},
{
    "fields": {
        "player": 3,
        "path_assignments": [
            235,
            236,
            237,
            238,
            239
        ],
        "turn": 26
    },
    "model": "graph.flowdistribution",
    "pk": 49
},
{
    "fields": {
        "player": 4,
        "path_assignments": [
            240,
            241,
            242,
            243
        ],
        "turn": 26
    },
    "model": "graph.flowdistribution",
    "pk": 50
},
{
    "fields": {
        "player": 3,
        "path_assignments": [
            244,
            245,
            246,
            247,
            248
        ],
        "turn": 27
    },
    "model": "graph.flowdistribution",
    "pk": 51
},
{
    "fields": {
        "player": 4,
        "path_assignments": [
            249,
            250,
            251,
            252
        ],
        "turn": 27
    },
    "model": "graph.flowdistribution",
    "pk": 52
},
{
    "fields": {
        "player": 3,
        "path_assignments": [
            253,
            254,
            255,
            256,
            257
        ],
        "turn": 28
    },
    "model": "graph.flowdistribution",
    "pk": 53
},
{
    "fields": {
        "player": 4,
        "path_assignments": [
            258,
            259,
            260,
            261
        ],
        "turn": 28
    },
    "model": "graph.flowdistribution",
    "pk": 54
},
{
    "fields": {
        "player": 3,
        "path_assignments": [
            262,
            263,
            264,
            265,
            266
        ],
        "turn": 29
    },
    "model": "graph.flowdistribution",
    "pk": 55
},
{
    "fields": {
        "player": 4,
        "path_assignments": [
            267,
            268,
            269,
            270
        ],
        "turn": 29
    },
    "model": "graph.flowdistribution",
    "pk": 56
},
{
    "fields": {
        "player": 3,
        "path_assignments": [
            271,
            272,
            273,
            274,
            275
        ],
        "turn": 30
    },
    "model": "graph.flowdistribution",
    "pk": 57
},
{
    "fields": {
        "player": 4,
        "path_assignments": [
            276,
            277,
            278,
            279
        ],
        "turn": 30
    },
    "model": "graph.flowdistribution",
    "pk": 58
},
{
    "fields": {
        "player": 3,
        "path_assignments": [
            280,
            281,
            282,
            283,
            284
        ],
        "turn": 31
    },
    "model": "graph.flowdistribution",
    "pk": 59
},
{
    "fields": {
        "player": 4,
        "path_assignments": [
            285,
            286,
            287,
            288
        ],
        "turn": 31
    },
    "model": "graph.flowdistribution",
    "pk": 60
},
{
    "fields": {
        "player": 3,
        "path_assignments": [
            289,
            290,
            291,
            292,
            293
        ],
        "turn": 32
    },
    "model": "graph.flowdistribution",
    "pk": 61
},
{
    "fields": {
        "player": 4,
        "path_assignments": [
            294,
            295,
            296,
            297
        ],
        "turn": 32
    },
    "model": "graph.flowdistribution",
    "pk": 62
},
{
    "fields": {
        "player": 3,
        "path_assignments": [
            298,
            299,
            300,
            301,
            302
        ],
        "turn": 33
    },
    "model": "graph.flowdistribution",
    "pk": 63
},
{
    "fields": {
        "player": 4,
        "path_assignments": [
            303,
            304,
            305,
            306
        ],
        "turn": 33
    },
    "model": "graph.flowdistribution",
    "pk": 64
},
{
    "fields": {
        "player": 3,
        "path_assignments": [
            307,
            308,
            309,
            310,
            311
        ],
        "turn": 34
    },
    "model": "graph.flowdistribution",
    "pk": 65
},
{
    "fields": {
        "player": 4,
        "path_assignments": [
            312,
            313,
            314,
            315
        ],
        "turn": 34
    },
    "model": "graph.flowdistribution",
    "pk": 66
},
{
    "fields": {
        "player": 3,
        "path_assignments": [
            316,
            317,
            318,
            319,
            320
        ],
        "turn": 35
    },
    "model": "graph.flowdistribution",
    "pk": 67
},
{
    "fields": {
        "player": 4,
        "path_assignments": [
            321,
            322,
            323,
            324
        ],
        "turn": 35
    },
    "model": "graph.flowdistribution",
    "pk": 68
},
{
    "fields": {
        "player": 3,
        "path_assignments": [
            334,
            335,
            336,
            337,
            338
        ],
        "turn": 37
    },
    "model": "graph.flowdistribution",
    "pk": 69
},
{
    "fields": {
        "player": 5,
        "path_assignments": [
            339,
            340,
            341,
            342
        ],
        "turn": 37
    },
    "model": "graph.flowdistribution",
    "pk": 70
},
{
    "fields": {
        "player": 3,
        "path_assignments": [
            343,
            344,
            345,
            346,
            347
        ],
        "turn": 38
    },
    "model": "graph.flowdistribution",
    "pk": 71
},
{
    "fields": {
        "player": 5,
        "path_assignments": [
            348,
            349,
            350,
            351
        ],
        "turn": 38
    },
    "model": "graph.flowdistribution",
    "pk": 72
},
{
    "fields": {
        "player": 3,
        "path_assignments": [
            352,
            353,
            354,
            355,
            356
        ],
        "turn": 39
    },
    "model": "graph.flowdistribution",
    "pk": 73
},
{
    "fields": {
        "player": 5,
        "path_assignments": [
            357,
            358,
            359,
            360
        ],
        "turn": 39
    },
    "model": "graph.flowdistribution",
    "pk": 74
},
{
    "fields": {
        "player": 3,
        "path_assignments": [
            361,
            362,
            363,
            364,
            365
        ],
        "turn": 40
    },
    "model": "graph.flowdistribution",
    "pk": 75
},
{
    "fields": {
        "player": 5,
        "path_assignments": [
            366,
            367,
            368,
            369
        ],
        "turn": 40
    },
    "model": "graph.flowdistribution",
    "pk": 76
},
{
    "fields": {
        "player": 3,
        "path_assignments": [
            370,
            371,
            372,
            373,
            374
        ],
        "turn": 41
    },
    "model": "graph.flowdistribution",
    "pk": 77
},
{
    "fields": {
        "player": 5,
        "path_assignments": [
            375,
            376,
            377,
            378
        ],
        "turn": 41
    },
    "model": "graph.flowdistribution",
    "pk": 78
},
{
    "fields": {
        "player": 3,
        "path_assignments": [
            379,
            380,
            381,
            382,
            383
        ],
        "turn": 42
    },
    "model": "graph.flowdistribution",
    "pk": 79
},
{
    "fields": {
        "player": 5,
        "path_assignments": [
            384,
            385,
            386,
            387
        ],
        "turn": 42
    },
    "model": "graph.flowdistribution",
    "pk": 80
},
{
    "fields": {
        "player": 3,
        "path_assignments": [
            388,
            389,
            390,
            391,
            392
        ],
        "turn": 43
    },
    "model": "graph.flowdistribution",
    "pk": 81
},
{
    "fields": {
        "player": 5,
        "path_assignments": [
            393,
            394,
            395,
            396
        ],
        "turn": 43
    },
    "model": "graph.flowdistribution",
    "pk": 82
},
{
    "fields": {
        "player": 3,
        "path_assignments": [
            397,
            398,
            399,
            400,
            401
        ],
        "turn": 44
    },
    "model": "graph.flowdistribution",
    "pk": 83
},
{
    "fields": {
        "player": 5,
        "path_assignments": [
            402,
            403,
            404,
            405
        ],
        "turn": 44
    },
    "model": "graph.flowdistribution",
    "pk": 84
},
{
    "fields": {
        "player": 3,
        "path_assignments": [
            406,
            407,
            408,
            409,
            410
        ],
        "turn": 45
    },
    "model": "graph.flowdistribution",
    "pk": 85
},
{
    "fields": {
        "player": 5,
        "path_assignments": [
            411,
            412,
            413,
            414
        ],
        "turn": 45
    },
    "model": "graph.flowdistribution",
    "pk": 86
},
{
    "fields": {
        "player": 3,
        "path_assignments": [
            415,
            416,
            417,
            418,
            419
        ],
        "turn": 46
    },
    "model": "graph.flowdistribution",
    "pk": 87
},
{
    "fields": {
        "player": 5,
        "path_assignments": [
            420,
            421,
            422,
            423
        ],
        "turn": 46
    },
    "model": "graph.flowdistribution",
    "pk": 88
},
{
    "fields": {
        "player": 3,
        "path_assignments": [
            424,
            425,
            426,
            427,
            428
        ],
        "turn": 47
    },
    "model": "graph.flowdistribution",
    "pk": 89
},
{
    "fields": {
        "player": 5,
        "path_assignments": [
            429,
            430,
            431,
            432
        ],
        "turn": 47
    },
    "model": "graph.flowdistribution",
    "pk": 90
},
{
    "fields": {
        "player": 3,
        "path_assignments": [
            442,
            443,
            444,
            445,
            446
        ],
        "turn": 49
    },
    "model": "graph.flowdistribution",
    "pk": 91
},
{
    "fields": {
        "player": 6,
        "path_assignments": [
            447,
            448,
            449,
            450
        ],
        "turn": 49
    },
    "model": "graph.flowdistribution",
    "pk": 92
},
{
    "fields": {
        "player": 3,
        "path_assignments": [
            451,
            452,
            453,
            454,
            455
        ],
        "turn": 50
    },
    "model": "graph.flowdistribution",
    "pk": 93
},
{
    "fields": {
        "player": 6,
        "path_assignments": [
            456,
            457,
            458,
            459
        ],
        "turn": 50
    },
    "model": "graph.flowdistribution",
    "pk": 94
},
{
    "fields": {
        "player": 3,
        "path_assignments": [
            460,
            461,
            462,
            463,
            464
        ],
        "turn": 51
    },
    "model": "graph.flowdistribution",
    "pk": 95
},
{
    "fields": {
        "player": 6,
        "path_assignments": [
            465,
            466,
            467,
            468
        ],
        "turn": 51
    },
    "model": "graph.flowdistribution",
    "pk": 96
},
{
    "fields": {
        "player": 3,
        "path_assignments": [
            469,
            470,
            471,
            472,
            473
        ],
        "turn": 52
    },
    "model": "graph.flowdistribution",
    "pk": 97
},
{
    "fields": {
        "player": 6,
        "path_assignments": [
            474,
            475,
            476,
            477
        ],
        "turn": 52
    },
    "model": "graph.flowdistribution",
    "pk": 98
},
{
    "fields": {
        "player": 3,
        "path_assignments": [
            478,
            479,
            480,
            481,
            482
        ],
        "turn": 53
    },
    "model": "graph.flowdistribution",
    "pk": 99
},
{
    "fields": {
        "player": 6,
        "path_assignments": [
            483,
            484,
            485,
            486
        ],
        "turn": 53
    },
    "model": "graph.flowdistribution",
    "pk": 100
},
{
    "fields": {
        "player": 3,
        "path_assignments": [
            487,
            488,
            489,
            490,
            491
        ],
        "turn": 54
    },
    "model": "graph.flowdistribution",
    "pk": 101
},
{
    "fields": {
        "player": 6,
        "path_assignments": [
            492,
            493,
            494,
            495
        ],
        "turn": 54
    },
    "model": "graph.flowdistribution",
    "pk": 102
},
{
    "fields": {
        "player": 3,
        "path_assignments": [
            496,
            497,
            498,
            499,
            500
        ],
        "turn": 55
    },
    "model": "graph.flowdistribution",
    "pk": 103
},
{
    "fields": {
        "player": 6,
        "path_assignments": [
            501,
            502,
            503,
            504
        ],
        "turn": 55
    },
    "model": "graph.flowdistribution",
    "pk": 104
},
{
    "fields": {
        "player": 3,
        "path_assignments": [
            505,
            506,
            507,
            508,
            509
        ],
        "turn": 56
    },
    "model": "graph.flowdistribution",
    "pk": 105
},
{
    "fields": {
        "player": 6,
        "path_assignments": [
            510,
            511,
            512,
            513
        ],
        "turn": 56
    },
    "model": "graph.flowdistribution",
    "pk": 106
},
{
    "fields": {
        "player": 3,
        "path_assignments": [
            514,
            515,
            516,
            517,
            518
        ],
        "turn": 57
    },
    "model": "graph.flowdistribution",
    "pk": 107
},
{
    "fields": {
        "player": 6,
        "path_assignments": [
            519,
            520,
            521,
            522
        ],
        "turn": 57
    },
    "model": "graph.flowdistribution",
    "pk": 108
},
{
    "fields": {
        "player": 3,
        "path_assignments": [
            523,
            524,
            525,
            526,
            527
        ],
        "turn": 58
    },
    "model": "graph.flowdistribution",
    "pk": 109
},
{
    "fields": {
        "player": 6,
        "path_assignments": [
            528,
            529,
            530,
            531
        ],
        "turn": 58
    },
    "model": "graph.flowdistribution",
    "pk": 110
},
{
    "fields": {
        "player": 3,
        "path_assignments": [
            532,
            533,
            534,
            535,
            536
        ],
        "turn": 59
    },
    "model": "graph.flowdistribution",
    "pk": 111
},
{
    "fields": {
        "player": 6,
        "path_assignments": [
            537,
            538,
            539,
            540
        ],
        "turn": 59
    },
    "model": "graph.flowdistribution",
    "pk": 112
},
{
    "fields": {
        "player": 3,
        "learning_rate": 0.9994243755145752,
        "turn": 1
    },
    "model": "graph.learningrate",
    "pk": 1
},
{
    "fields": {
        "player": 3,
        "learning_rate": 0.707477167052361,
        "turn": 2
    },
    "model": "graph.learningrate",
    "pk": 2
},
{
    "fields": {
        "player": 3,
        "learning_rate": 0.5776841110242475,
        "turn": 3
    },
    "model": "graph.learningrate",
    "pk": 3
},
{
    "fields": {
        "player": 2,
        "learning_rate": 1.7652722855727416,
        "turn": 1
    },
    "model": "graph.learningrate",
    "pk": 4
},
{
    "fields": {
        "player": 2,
        "learning_rate": 0.9262787169784863,
        "turn": 2
    },
    "model": "graph.learningrate",
    "pk": 5
},
{
    "fields": {
        "player": 2,
        "learning_rate": 6.367236594787655,
        "turn": 3
    },
    "model": "graph.learningrate",
    "pk": 6
},
{
    "fields": {
        "player": 3,
        "learning_rate": 0.4996600978316071,
        "turn": 4
    },
    "model": "graph.learningrate",
    "pk": 7
},
{
    "fields": {
        "player": 3,
        "learning_rate": 0.44736568191695203,
        "turn": 5
    },
    "model": "graph.learningrate",
    "pk": 8
},
{
    "fields": {
        "player": 2,
        "learning_rate": 2.3979767126447245,
        "turn": 4
    },
    "model": "graph.learningrate",
    "pk": 9
},
{
    "fields": {
        "player": 2,
        "learning_rate": 0.8584864273352906,
        "turn": 5
    },
    "model": "graph.learningrate",
    "pk": 10
},
{
    "fields": {
        "player": 2,
        "learning_rate": 0.40893371057531946,
        "turn": 6
    },
    "model": "graph.learningrate",
    "pk": 11
},
{
    "fields": {
        "player": 3,
        "learning_rate": 0.4079929542217687,
        "turn": 6
    },
    "model": "graph.learningrate",
    "pk": 12
},
{
    "fields": {
        "player": 3,
        "learning_rate": 0.3781328527015611,
        "turn": 7
    },
    "model": "graph.learningrate",
    "pk": 13
},
{
    "fields": {
        "player": 3,
        "learning_rate": 0.3537017098677478,
        "turn": 8
    },
    "model": "graph.learningrate",
    "pk": 14
},
{
    "fields": {
        "player": 2,
        "learning_rate": 0.8104517825304887,
        "turn": 7
    },
    "model": "graph.learningrate",
    "pk": 15
},
{
    "fields": {
        "player": 2,
        "learning_rate": 1.4347928285545597,
        "turn": 8
    },
    "model": "graph.learningrate",
    "pk": 16
},
{
    "fields": {
        "player": 3,
        "learning_rate": 0.3331429734273181,
        "turn": 9
    },
    "model": "graph.learningrate",
    "pk": 17
},
{
    "fields": {
        "player": 3,
        "learning_rate": 0.3159547626454836,
        "turn": 10
    },
    "model": "graph.learningrate",
    "pk": 18
},
{
    "fields": {
        "player": 3,
        "learning_rate": 0.30173098114962726,
        "turn": 11
    },
    "model": "graph.learningrate",
    "pk": 19
},
{
    "fields": {
        "player": 2,
        "learning_rate": 0.8350845188186808,
        "turn": 9
    },
    "model": "graph.learningrate",
    "pk": 20
},
{
    "fields": {
        "player": 2,
        "learning_rate": 4.148627827558258,
        "turn": 10
    },
    "model": "graph.learningrate",
    "pk": 21
},
{
    "fields": {
        "player": 2,
        "learning_rate": 0.001,
        "turn": 11
    },
    "model": "graph.learningrate",
    "pk": 22
},
{
    "fields": {
        "player": 3,
        "learning_rate": 0.28881194665832055,
        "turn": 12
    },
    "model": "graph.learningrate",
    "pk": 23
},
{
    "fields": {
        "player": 3,
        "learning_rate": 0.2770834922430835,
        "turn": 13
    },
    "model": "graph.learningrate",
    "pk": 24
},
{
    "fields": {
        "player": 3,
        "learning_rate": 0.26705865146348,
        "turn": 14
    },
    "model": "graph.learningrate",
    "pk": 25
},
{
    "fields": {
        "player": 2,
        "learning_rate": 1.3055062182093173,
        "turn": 12
    },
    "model": "graph.learningrate",
    "pk": 26
},
{
    "fields": {
        "player": 2,
        "learning_rate": 0.001,
        "turn": 13
    },
    "model": "graph.learningrate",
    "pk": 27
},
{
    "fields": {
        "player": 2,
        "learning_rate": 0.8565114701721441,
        "turn": 14
    },
    "model": "graph.learningrate",
    "pk": 28
},
{
    "fields": {
        "player": 3,
        "learning_rate": 0.25799001675657574,
        "turn": 15
    },
    "model": "graph.learningrate",
    "pk": 29
},
{
    "fields": {
        "player": 3,
        "learning_rate": 0.24980400666788669,
        "turn": 16
    },
    "model": "graph.learningrate",
    "pk": 30
},
{
    "fields": {
        "player": 3,
        "learning_rate": 0.2424354636266522,
        "turn": 17
    },
    "model": "graph.learningrate",
    "pk": 31
},
{
    "fields": {
        "player": 2,
        "learning_rate": 1.5588280052739627,
        "turn": 15
    },
    "model": "graph.learningrate",
    "pk": 32
},
{
    "fields": {
        "player": 2,
        "learning_rate": 0.001,
        "turn": 16
    },
    "model": "graph.learningrate",
    "pk": 33
},
{
    "fields": {
        "player": 2,
        "learning_rate": 0.001,
        "turn": 17
    },
    "model": "graph.learningrate",
    "pk": 34
},
{
    "fields": {
        "player": 3,
        "learning_rate": 0.23582679474113147,
        "turn": 18
    },
    "model": "graph.learningrate",
    "pk": 35
},
{
    "fields": {
        "player": 3,
        "learning_rate": 0.2293982748477801,
        "turn": 19
    },
    "model": "graph.learningrate",
    "pk": 36
},
{
    "fields": {
        "player": 3,
        "learning_rate": 0.22365952429170888,
        "turn": 20
    },
    "model": "graph.learningrate",
    "pk": 37
},
{
    "fields": {
        "player": 2,
        "learning_rate": 0.001,
        "turn": 18
    },
    "model": "graph.learningrate",
    "pk": 38
},
{
    "fields": {
        "player": 2,
        "learning_rate": 0.001,
        "turn": 19
    },
    "model": "graph.learningrate",
    "pk": 39
},
{
    "fields": {
        "player": 2,
        "learning_rate": 0.001,
        "turn": 20
    },
    "model": "graph.learningrate",
    "pk": 40
},
{
    "fields": {
        "player": 3,
        "learning_rate": 0.9994243755145752,
        "turn": 25
    },
    "model": "graph.learningrate",
    "pk": 41
},
{
    "fields": {
        "player": 4,
        "learning_rate": 0.9544318777914041,
        "turn": 25
    },
    "model": "graph.learningrate",
    "pk": 42
},
{
    "fields": {
        "player": 3,
        "learning_rate": 0.707477167052361,
        "turn": 26
    },
    "model": "graph.learningrate",
    "pk": 43
},
{
    "fields": {
        "player": 4,
        "learning_rate": 0.965486457648781,
        "turn": 26
    },
    "model": "graph.learningrate",
    "pk": 44
},
{
    "fields": {
        "player": 3,
        "learning_rate": 0.5776841110242475,
        "turn": 27
    },
    "model": "graph.learningrate",
    "pk": 45
},
{
    "fields": {
        "player": 4,
        "learning_rate": 1.029800713271739,
        "turn": 27
    },
    "model": "graph.learningrate",
    "pk": 46
},
{
    "fields": {
        "player": 3,
        "learning_rate": 0.4996600978316071,
        "turn": 28
    },
    "model": "graph.learningrate",
    "pk": 47
},
{
    "fields": {
        "player": 4,
        "learning_rate": 0.934851621533153,
        "turn": 28
    },
    "model": "graph.learningrate",
    "pk": 48
},
{
    "fields": {
        "player": 3,
        "learning_rate": 0.44736568191695203,
        "turn": 29
    },
    "model": "graph.learningrate",
    "pk": 49
},
{
    "fields": {
        "player": 4,
        "learning_rate": 0.8160709755631885,
        "turn": 29
    },
    "model": "graph.learningrate",
    "pk": 50
},
{
    "fields": {
        "player": 3,
        "learning_rate": 0.4079929542217687,
        "turn": 30
    },
    "model": "graph.learningrate",
    "pk": 51
},
{
    "fields": {
        "player": 4,
        "learning_rate": 1.0465378468750204,
        "turn": 30
    },
    "model": "graph.learningrate",
    "pk": 52
},
{
    "fields": {
        "player": 3,
        "learning_rate": 0.3781328527015611,
        "turn": 31
    },
    "model": "graph.learningrate",
    "pk": 53
},
{
    "fields": {
        "player": 4,
        "learning_rate": 1.7330444522524566,
        "turn": 31
    },
    "model": "graph.learningrate",
    "pk": 54
},
{
    "fields": {
        "player": 3,
        "learning_rate": 0.3537017098677478,
        "turn": 32
    },
    "model": "graph.learningrate",
    "pk": 55
},
{
    "fields": {
        "player": 4,
        "learning_rate": 0.001,
        "turn": 32
    },
    "model": "graph.learningrate",
    "pk": 56
},
{
    "fields": {
        "player": 3,
        "learning_rate": 0.3331429734273181,
        "turn": 33
    },
    "model": "graph.learningrate",
    "pk": 57
},
{
    "fields": {
        "player": 4,
        "learning_rate": 0.001,
        "turn": 33
    },
    "model": "graph.learningrate",
    "pk": 58
},
{
    "fields": {
        "player": 3,
        "learning_rate": 0.3159547626454836,
        "turn": 34
    },
    "model": "graph.learningrate",
    "pk": 59
},
{
    "fields": {
        "player": 4,
        "learning_rate": 1.6285569517360499,
        "turn": 34
    },
    "model": "graph.learningrate",
    "pk": 60
},
{
    "fields": {
        "player": 3,
        "learning_rate": 0.9994243755145752,
        "turn": 37
    },
    "model": "graph.learningrate",
    "pk": 61
},
{
    "fields": {
        "player": 3,
        "learning_rate": 0.707477167052361,
        "turn": 38
    },
    "model": "graph.learningrate",
    "pk": 62
},
{
    "fields": {
        "player": 3,
        "learning_rate": 0.5776841110242475,
        "turn": 39
    },
    "model": "graph.learningrate",
    "pk": 63
},
{
    "fields": {
        "player": 5,
        "learning_rate": 0.001,
        "turn": 37
    },
    "model": "graph.learningrate",
    "pk": 64
},
{
    "fields": {
        "player": 5,
        "learning_rate": 0.001,
        "turn": 38
    },
    "model": "graph.learningrate",
    "pk": 65
},
{
    "fields": {
        "player": 5,
        "learning_rate": 0.001,
        "turn": 39
    },
    "model": "graph.learningrate",
    "pk": 66
},
{
    "fields": {
        "player": 3,
        "learning_rate": 0.4996600978316071,
        "turn": 40
    },
    "model": "graph.learningrate",
    "pk": 67
},
{
    "fields": {
        "player": 3,
        "learning_rate": 0.44736568191695203,
        "turn": 41
    },
    "model": "graph.learningrate",
    "pk": 68
},
{
    "fields": {
        "player": 5,
        "learning_rate": 0.1809524181245025,
        "turn": 40
    },
    "model": "graph.learningrate",
    "pk": 69
},
{
    "fields": {
        "player": 5,
        "learning_rate": 0.001,
        "turn": 41
    },
    "model": "graph.learningrate",
    "pk": 70
},
{
    "fields": {
        "player": 5,
        "learning_rate": 0.001,
        "turn": 42
    },
    "model": "graph.learningrate",
    "pk": 71
},
{
    "fields": {
        "player": 3,
        "learning_rate": 0.4079929542217687,
        "turn": 42
    },
    "model": "graph.learningrate",
    "pk": 72
},
{
    "fields": {
        "player": 3,
        "learning_rate": 0.3781328527015611,
        "turn": 43
    },
    "model": "graph.learningrate",
    "pk": 73
},
{
    "fields": {
        "player": 3,
        "learning_rate": 0.3537017098677478,
        "turn": 44
    },
    "model": "graph.learningrate",
    "pk": 74
},
{
    "fields": {
        "player": 5,
        "learning_rate": 0.001,
        "turn": 43
    },
    "model": "graph.learningrate",
    "pk": 75
},
{
    "fields": {
        "player": 5,
        "learning_rate": 0.001,
        "turn": 44
    },
    "model": "graph.learningrate",
    "pk": 76
},
{
    "fields": {
        "player": 3,
        "learning_rate": 0.3331429734273181,
        "turn": 45
    },
    "model": "graph.learningrate",
    "pk": 77
},
{
    "fields": {
        "player": 3,
        "learning_rate": 0.3159547626454836,
        "turn": 46
    },
    "model": "graph.learningrate",
    "pk": 78
},
{
    "fields": {
        "player": 5,
        "learning_rate": 0.001,
        "turn": 45
    },
    "model": "graph.learningrate",
    "pk": 79
},
{
    "fields": {
        "player": 5,
        "learning_rate": 0.001,
        "turn": 46
    },
    "model": "graph.learningrate",
    "pk": 80
},
{
    "fields": {
        "player": 3,
        "learning_rate": 0.9994243755145752,
        "turn": 49
    },
    "model": "graph.learningrate",
    "pk": 81
},
{
    "fields": {
        "player": 6,
        "learning_rate": 0.001,
        "turn": 49
    },
    "model": "graph.learningrate",
    "pk": 82
},
{
    "fields": {
        "player": 3,
        "learning_rate": 0.707477167052361,
        "turn": 50
    },
    "model": "graph.learningrate",
    "pk": 83
},
{
    "fields": {
        "player": 6,
        "learning_rate": 0.001,
        "turn": 50
    },
    "model": "graph.learningrate",
    "pk": 84
},
{
    "fields": {
        "player": 3,
        "learning_rate": 0.5776841110242475,
        "turn": 51
    },
    "model": "graph.learningrate",
    "pk": 85
},
{
    "fields": {
        "player": 6,
        "learning_rate": 0.001,
        "turn": 51
    },
    "model": "graph.learningrate",
    "pk": 86
},
{
    "fields": {
        "player": 3,
        "learning_rate": 0.4996600978316071,
        "turn": 52
    },
    "model": "graph.learningrate",
    "pk": 87
},
{
    "fields": {
        "player": 6,
        "learning_rate": 0.001,
        "turn": 52
    },
    "model": "graph.learningrate",
    "pk": 88
},
{
    "fields": {
        "player": 3,
        "learning_rate": 0.44736568191695203,
        "turn": 53
    },
    "model": "graph.learningrate",
    "pk": 89
},
{
    "fields": {
        "player": 6,
        "learning_rate": 0.001,
        "turn": 53
    },
    "model": "graph.learningrate",
    "pk": 90
},
{
    "fields": {
        "player": 3,
        "learning_rate": 0.4079929542217687,
        "turn": 54
    },
    "model": "graph.learningrate",
    "pk": 91
},
{
    "fields": {
        "player": 6,
        "learning_rate": 1.2995064655045676,
        "turn": 54
    },
    "model": "graph.learningrate",
    "pk": 92
},
{
    "fields": {
        "player": 3,
        "learning_rate": 0.3781328527015611,
        "turn": 55
    },
    "model": "graph.learningrate",
    "pk": 93
},
{
    "fields": {
        "player": 6,
        "learning_rate": 1.4648442405792035,
        "turn": 55
    },
    "model": "graph.learningrate",
    "pk": 94
},
{
    "fields": {
        "player": 3,
        "learning_rate": 0.3537017098677478,
        "turn": 56
    },
    "model": "graph.learningrate",
    "pk": 95
},
{
    "fields": {
        "player": 6,
        "learning_rate": 0.9262787169784863,
        "turn": 56
    },
    "model": "graph.learningrate",
    "pk": 96
},
{
    "fields": {
        "player": 3,
        "learning_rate": 0.3331429734273181,
        "turn": 57
    },
    "model": "graph.learningrate",
    "pk": 97
},
{
    "fields": {
        "player": 6,
        "learning_rate": 0.8198387321483794,
        "turn": 57
    },
    "model": "graph.learningrate",
    "pk": 98
},
{
    "fields": {
        "player": 3,
        "learning_rate": 0.3159547626454836,
        "turn": 58
    },
    "model": "graph.learningrate",
    "pk": 99
},
{
    "fields": {
        "player": 6,
        "learning_rate": 0.001,
        "turn": 58
    },
    "model": "graph.learningrate",
    "pk": 100
},
{
    "fields": {
        "edge": "a75184a02271985af347be47f481689e",
        "cost": 1.1
    },
    "model": "graph.edgecost",
    "pk": 1
},
{
    "fields": {
        "edge": "5fe9c893f17f9ad60f3dad201bdafb67",
        "cost": 0.2
    },
    "model": "graph.edgecost",
    "pk": 2
},
{
    "fields": {
        "edge": "a544467c4dc3b0e63f1e593a5640d7f5",
        "cost": 0.2
    },
    "model": "graph.edgecost",
    "pk": 3
},
{
    "fields": {
        "edge": "a77f2ba58725d031c7c05057e38433d9",
        "cost": 0.4
    },
    "model": "graph.edgecost",
    "pk": 4
},
{
    "fields": {
        "edge": "1184465dd4e350cd63c361038e0f9627",
        "cost": 0.45
    },
    "model": "graph.edgecost",
    "pk": 5
},
{
    "fields": {
        "edge": "19ddc516c1fbea6ebd82a2180e583e40",
        "cost": 0.4
    },
    "model": "graph.edgecost",
    "pk": 6
},
{
    "fields": {
        "edge": "95ec207f537330fa3a4bbbebd767f4fd",
        "cost": 0.45
    },
    "model": "graph.edgecost",
    "pk": 7
},
{
    "fields": {
        "edge": "a2ac35a5c7ecbb8c14a8b3afdd1c46ae",
        "cost": 0.45
    },
    "model": "graph.edgecost",
    "pk": 8
},
{
    "fields": {
        "edge": "f6bc2cf3992fa212aa35dd0cfb5008cb",
        "cost": 0.2
    },
    "model": "graph.edgecost",
    "pk": 9
},
{
    "fields": {
        "edge": "66552d93aade80180a124bcf35b67717",
        "cost": 0.45
    },
    "model": "graph.edgecost",
    "pk": 10
},
{
    "fields": {
        "edge": "f6a1d75d0e4cad29dc0ed865c57e5bc7",
        "cost": 0.25
    },
    "model": "graph.edgecost",
    "pk": 11
},
{
    "fields": {
        "edge": "42ec6bca6859d936eaac1aae8235f3f9",
        "cost": 0.25
    },
    "model": "graph.edgecost",
    "pk": 12
},
{
    "fields": {
        "edge": "d293ac494befb55f824cbbcb5a50548d",
        "cost": 0.5
    },
    "model": "graph.edgecost",
    "pk": 13
},
{
    "fields": {
        "edge": "a75184a02271985af347be47f481689e",
        "cost": 0.7589926567661353
    },
    "model": "graph.edgecost",
    "pk": 14
},
{
    "fields": {
        "edge": "5fe9c893f17f9ad60f3dad201bdafb67",
        "cost": 0.2233942357806917
    },
    "model": "graph.edgecost",
    "pk": 15
},
{
    "fields": {
        "edge": "a544467c4dc3b0e63f1e593a5640d7f5",
        "cost": 0.14974563441260968
    },
    "model": "graph.edgecost",
    "pk": 16
},
{
    "fields": {
        "edge": "a77f2ba58725d031c7c05057e38433d9",
        "cost": 0.4365895110965519
    },
    "model": "graph.edgecost",
    "pk": 17
},
{
    "fields": {
        "edge": "1184465dd4e350cd63c361038e0f9627",
        "cost": 0.15508355580360317
    },
    "model": "graph.edgecost",
    "pk": 18
},
{
    "fields": {
        "edge": "19ddc516c1fbea6ebd82a2180e583e40",
        "cost": 0.3400162531227564
    },
    "model": "graph.edgecost",
    "pk": 19
},
{
    "fields": {
        "edge": "95ec207f537330fa3a4bbbebd767f4fd",
        "cost": 0.38365064603710197
    },
    "model": "graph.edgecost",
    "pk": 20
},
{
    "fields": {
        "edge": "a2ac35a5c7ecbb8c14a8b3afdd1c46ae",
        "cost": 0.8573566971967628
    },
    "model": "graph.edgecost",
    "pk": 21
},
{
    "fields": {
        "edge": "f6bc2cf3992fa212aa35dd0cfb5008cb",
        "cost": 0.28684387668394223
    },
    "model": "graph.edgecost",
    "pk": 22
},
{
    "fields": {
        "edge": "66552d93aade80180a124bcf35b67717",
        "cost": 0.38365064603710197
    },
    "model": "graph.edgecost",
    "pk": 23
},
{
    "fields": {
        "edge": "f6a1d75d0e4cad29dc0ed865c57e5bc7",
        "cost": 0.23076923076923075
    },
    "model": "graph.edgecost",
    "pk": 24
},
{
    "fields": {
        "edge": "42ec6bca6859d936eaac1aae8235f3f9",
        "cost": 0.5705128205128205
    },
    "model": "graph.edgecost",
    "pk": 25
},
{
    "fields": {
        "edge": "d293ac494befb55f824cbbcb5a50548d",
        "cost": 0.1987179487179487
    },
    "model": "graph.edgecost",
    "pk": 26
},
{
    "fields": {
        "edge": "a75184a02271985af347be47f481689e",
        "cost": 0.8593612689647553
    },
    "model": "graph.edgecost",
    "pk": 27
},
{
    "fields": {
        "edge": "5fe9c893f17f9ad60f3dad201bdafb67",
        "cost": 0.26984286778584443
    },
    "model": "graph.edgecost",
    "pk": 28
},
{
    "fields": {
        "edge": "a544467c4dc3b0e63f1e593a5640d7f5",
        "cost": 0.13993833201849742
    },
    "model": "graph.edgecost",
    "pk": 29
},
{
    "fields": {
        "edge": "a77f2ba58725d031c7c05057e38433d9",
        "cost": 0.3668826888112755
    },
    "model": "graph.edgecost",
    "pk": 30
},
{
    "fields": {
        "edge": "1184465dd4e350cd63c361038e0f9627",
        "cost": 0.16386578344612762
    },
    "model": "graph.edgecost",
    "pk": 31
},
{
    "fields": {
        "edge": "19ddc516c1fbea6ebd82a2180e583e40",
        "cost": 0.36327444340288007
    },
    "model": "graph.edgecost",
    "pk": 32
},
{
    "fields": {
        "edge": "95ec207f537330fa3a4bbbebd767f4fd",
        "cost": 0.44544040598849843
    },
    "model": "graph.edgecost",
    "pk": 33
},
{
    "fields": {
        "edge": "a2ac35a5c7ecbb8c14a8b3afdd1c46ae",
        "cost": 0.6951983250467463
    },
    "model": "graph.edgecost",
    "pk": 34
},
{
    "fields": {
        "edge": "f6bc2cf3992fa212aa35dd0cfb5008cb",
        "cost": 0.22694435679277805
    },
    "model": "graph.edgecost",
    "pk": 35
},
{
    "fields": {
        "edge": "66552d93aade80180a124bcf35b67717",
        "cost": 0.44544040598849843
    },
    "model": "graph.edgecost",
    "pk": 36
},
{
    "fields": {
        "edge": "f6a1d75d0e4cad29dc0ed865c57e5bc7",
        "cost": 0.2857142857142857
    },
    "model": "graph.edgecost",
    "pk": 37
},
{
    "fields": {
        "edge": "42ec6bca6859d936eaac1aae8235f3f9",
        "cost": 0.4682539682539682
    },
    "model": "graph.edgecost",
    "pk": 38
},
{
    "fields": {
        "edge": "d293ac494befb55f824cbbcb5a50548d",
        "cost": 0.24603174603174602
    },
    "model": "graph.edgecost",
    "pk": 39
},
{
    "fields": {
        "edge": "a75184a02271985af347be47f481689e",
        "cost": 0.8412491161063057
    },
    "model": "graph.edgecost",
    "pk": 40
},
{
    "fields": {
        "edge": "5fe9c893f17f9ad60f3dad201bdafb67",
        "cost": 0.2905091584876866
    },
    "model": "graph.edgecost",
    "pk": 41
},
{
    "fields": {
        "edge": "a544467c4dc3b0e63f1e593a5640d7f5",
        "cost": 0.13139101484530705
    },
    "model": "graph.edgecost",
    "pk": 42
},
{
    "fields": {
        "edge": "a77f2ba58725d031c7c05057e38433d9",
        "cost": 0.354180500428826
    },
    "model": "graph.edgecost",
    "pk": 43
},
{
    "fields": {
        "edge": "1184465dd4e350cd63c361038e0f9627",
        "cost": 0.12426697556019724
    },
    "model": "graph.edgecost",
    "pk": 44
},
{
    "fields": {
        "edge": "19ddc516c1fbea6ebd82a2180e583e40",
        "cost": 0.35531034108348747
    },
    "model": "graph.edgecost",
    "pk": 45
},
{
    "fields": {
        "edge": "95ec207f537330fa3a4bbbebd767f4fd",
        "cost": 0.4523548409331263
    },
    "model": "graph.edgecost",
    "pk": 46
},
{
    "fields": {
        "edge": "a2ac35a5c7ecbb8c14a8b3afdd1c46ae",
        "cost": 0.706396042960568
    },
    "model": "graph.edgecost",
    "pk": 47
},
{
    "fields": {
        "edge": "f6bc2cf3992fa212aa35dd0cfb5008cb",
        "cost": 0.2227894855835189
    },
    "model": "graph.edgecost",
    "pk": 48
},
{
    "fields": {
        "edge": "66552d93aade80180a124bcf35b67717",
        "cost": 0.4523548409331263
    },
    "model": "graph.edgecost",
    "pk": 49
},
{
    "fields": {
        "edge": "f6a1d75d0e4cad29dc0ed865c57e5bc7",
        "cost": 0.29508196721311475
    },
    "model": "graph.edgecost",
    "pk": 50
},
{
    "fields": {
        "edge": "42ec6bca6859d936eaac1aae8235f3f9",
        "cost": 0.48360655737704916
    },
    "model": "graph.edgecost",
    "pk": 51
},
{
    "fields": {
        "edge": "d293ac494befb55f824cbbcb5a50548d",
        "cost": 0.22131147540983606
    },
    "model": "graph.edgecost",
    "pk": 52
},
{
    "fields": {
        "edge": "a75184a02271985af347be47f481689e",
        "cost": 0.8699138828035171
    },
    "model": "graph.edgecost",
    "pk": 53
},
{
    "fields": {
        "edge": "5fe9c893f17f9ad60f3dad201bdafb67",
        "cost": 0.30695406179641027
    },
    "model": "graph.edgecost",
    "pk": 54
},
{
    "fields": {
        "edge": "a544467c4dc3b0e63f1e593a5640d7f5",
        "cost": 0.1259279028102671
    },
    "model": "graph.edgecost",
    "pk": 55
},
{
    "fields": {
        "edge": "a77f2ba58725d031c7c05057e38433d9",
        "cost": 0.3441441292661638
    },
    "model": "graph.edgecost",
    "pk": 56
},
{
    "fields": {
        "edge": "1184465dd4e350cd63c361038e0f9627",
        "cost": 0.12124244451262928
    },
    "model": "graph.edgecost",
    "pk": 57
},
{
    "fields": {
        "edge": "19ddc516c1fbea6ebd82a2180e583e40",
        "cost": 0.34890180893742606
    },
    "model": "graph.edgecost",
    "pk": 58
},
{
    "fields": {
        "edge": "95ec207f537330fa3a4bbbebd767f4fd",
        "cost": 0.46450146968795464
    },
    "model": "graph.edgecost",
    "pk": 59
},
{
    "fields": {
        "edge": "a2ac35a5c7ecbb8c14a8b3afdd1c46ae",
        "cost": 0.6655846475085282
    },
    "model": "graph.edgecost",
    "pk": 60
},
{
    "fields": {
        "edge": "f6bc2cf3992fa212aa35dd0cfb5008cb",
        "cost": 0.21821622645589664
    },
    "model": "graph.edgecost",
    "pk": 61
},
{
    "fields": {
        "edge": "66552d93aade80180a124bcf35b67717",
        "cost": 0.46450146968795464
    },
    "model": "graph.edgecost",
    "pk": 62
},
{
    "fields": {
        "edge": "f6a1d75d0e4cad29dc0ed865c57e5bc7",
        "cost": 0.31578947368421045
    },
    "model": "graph.edgecost",
    "pk": 63
},
{
    "fields": {
        "edge": "42ec6bca6859d936eaac1aae8235f3f9",
        "cost": 0.4473684210526315
    },
    "model": "graph.edgecost",
    "pk": 64
},
{
    "fields": {
        "edge": "d293ac494befb55f824cbbcb5a50548d",
        "cost": 0.23684210526315788
    },
    "model": "graph.edgecost",
    "pk": 65
},
{
    "fields": {
        "edge": "a75184a02271985af347be47f481689e",
        "cost": 0.8621431895848375
    },
    "model": "graph.edgecost",
    "pk": 66
},
{
    "fields": {
        "edge": "5fe9c893f17f9ad60f3dad201bdafb67",
        "cost": 0.31707465785895517
    },
    "model": "graph.edgecost",
    "pk": 67
},
{
    "fields": {
        "edge": "a544467c4dc3b0e63f1e593a5640d7f5",
        "cost": 0.12092858063332167
    },
    "model": "graph.edgecost",
    "pk": 68
},
{
    "fields": {
        "edge": "a77f2ba58725d031c7c05057e38433d9",
        "cost": 0.3412490664450971
    },
    "model": "graph.edgecost",
    "pk": 69
},
{
    "fields": {
        "edge": "1184465dd4e350cd63c361038e0f9627",
        "cost": 0.1083504774083502
    },
    "model": "graph.edgecost",
    "pk": 70
},
{
    "fields": {
        "edge": "19ddc516c1fbea6ebd82a2180e583e40",
        "cost": 0.3416762756959477
    },
    "model": "graph.edgecost",
    "pk": 71
},
{
    "fields": {
        "edge": "95ec207f537330fa3a4bbbebd767f4fd",
        "cost": 0.461395973726194
    },
    "model": "graph.edgecost",
    "pk": 72
},
{
    "fields": {
        "edge": "a2ac35a5c7ecbb8c14a8b3afdd1c46ae",
        "cost": 0.6764608366889684
    },
    "model": "graph.edgecost",
    "pk": 73
},
{
    "fields": {
        "edge": "f6bc2cf3992fa212aa35dd0cfb5008cb",
        "cost": 0.22032048581177546
    },
    "model": "graph.edgecost",
    "pk": 74
},
{
    "fields": {
        "edge": "66552d93aade80180a124bcf35b67717",
        "cost": 0.461395973726194
    },
    "model": "graph.edgecost",
    "pk": 75
},
{
    "fields": {
        "edge": "f6a1d75d0e4cad29dc0ed865c57e5bc7",
        "cost": 0.31578947368421045
    },
    "model": "graph.edgecost",
    "pk": 76
},
{
    "fields": {
        "edge": "42ec6bca6859d936eaac1aae8235f3f9",
        "cost": 0.45614035087719296
    },
    "model": "graph.edgecost",
    "pk": 77
},
{
    "fields": {
        "edge": "d293ac494befb55f824cbbcb5a50548d",
        "cost": 0.22807017543859648
    },
    "model": "graph.edgecost",
    "pk": 78
},
{
    "fields": {
        "edge": "a75184a02271985af347be47f481689e",
        "cost": 0.8609759785523163
    },
    "model": "graph.edgecost",
    "pk": 79
},
{
    "fields": {
        "edge": "5fe9c893f17f9ad60f3dad201bdafb67",
        "cost": 0.32544648221359124
    },
    "model": "graph.edgecost",
    "pk": 80
},
{
    "fields": {
        "edge": "a544467c4dc3b0e63f1e593a5640d7f5",
        "cost": 0.11698232469637777
    },
    "model": "graph.edgecost",
    "pk": 81
},
{
    "fields": {
        "edge": "a77f2ba58725d031c7c05057e38433d9",
        "cost": 0.3377550746119201
    },
    "model": "graph.edgecost",
    "pk": 82
},
{
    "fields": {
        "edge": "1184465dd4e350cd63c361038e0f9627",
        "cost": 0.10550369338147783
    },
    "model": "graph.edgecost",
    "pk": 83
},
{
    "fields": {
        "edge": "19ddc516c1fbea6ebd82a2180e583e40",
        "cost": 0.3367984431744886
    },
    "model": "graph.edgecost",
    "pk": 84
},
{
    "fields": {
        "edge": "95ec207f537330fa3a4bbbebd767f4fd",
        "cost": 0.45738170631474995
    },
    "model": "graph.edgecost",
    "pk": 85
},
{
    "fields": {
        "edge": "a2ac35a5c7ecbb8c14a8b3afdd1c46ae",
        "cost": 0.6816423151329337
    },
    "model": "graph.edgecost",
    "pk": 86
},
{
    "fields": {
        "edge": "f6bc2cf3992fa212aa35dd0cfb5008cb",
        "cost": 0.22077274991554235
    },
    "model": "graph.edgecost",
    "pk": 87
},
{
    "fields": {
        "edge": "66552d93aade80180a124bcf35b67717",
        "cost": 0.45738170631474995
    },
    "model": "graph.edgecost",
    "pk": 88
},
{
    "fields": {
        "edge": "f6a1d75d0e4cad29dc0ed865c57e5bc7",
        "cost": 0.3130434782608696
    },
    "model": "graph.edgecost",
    "pk": 89
},
{
    "fields": {
        "edge": "42ec6bca6859d936eaac1aae8235f3f9",
        "cost": 0.46086956521739136
    },
    "model": "graph.edgecost",
    "pk": 90
},
{
    "fields": {
        "edge": "d293ac494befb55f824cbbcb5a50548d",
        "cost": 0.22608695652173916
    },
    "model": "graph.edgecost",
    "pk": 91
},
{
    "fields": {
        "edge": "a75184a02271985af347be47f481689e",
        "cost": 0.8560910430579883
    },
    "model": "graph.edgecost",
    "pk": 92
},
{
    "fields": {
        "edge": "5fe9c893f17f9ad60f3dad201bdafb67",
        "cost": 0.3321011535478344
    },
    "model": "graph.edgecost",
    "pk": 93
},
{
    "fields": {
        "edge": "a544467c4dc3b0e63f1e593a5640d7f5",
        "cost": 0.11368108748909439
    },
    "model": "graph.edgecost",
    "pk": 94
},
{
    "fields": {
        "edge": "a77f2ba58725d031c7c05057e38433d9",
        "cost": 0.33443769018505853
    },
    "model": "graph.edgecost",
    "pk": 95
},
{
    "fields": {
        "edge": "1184465dd4e350cd63c361038e0f9627",
        "cost": 0.10329125816141035
    },
    "model": "graph.edgecost",
    "pk": 96
},
{
    "fields": {
        "edge": "19ddc516c1fbea6ebd82a2180e583e40",
        "cost": 0.333461156267107
    },
    "model": "graph.edgecost",
    "pk": 97
},
{
    "fields": {
        "edge": "95ec207f537330fa3a4bbbebd767f4fd",
        "cost": 0.4582400735442931
    },
    "model": "graph.edgecost",
    "pk": 98
},
{
    "fields": {
        "edge": "a2ac35a5c7ecbb8c14a8b3afdd1c46ae",
        "cost": 0.6856688833977185
    },
    "model": "graph.edgecost",
    "pk": 99
},
{
    "fields": {
        "edge": "f6bc2cf3992fa212aa35dd0cfb5008cb",
        "cost": 0.22075660269596414
    },
    "model": "graph.edgecost",
    "pk": 100
},
{
    "fields": {
        "edge": "66552d93aade80180a124bcf35b67717",
        "cost": 0.4582400735442931
    },
    "model": "graph.edgecost",
    "pk": 101
},
{
    "fields": {
        "edge": "f6a1d75d0e4cad29dc0ed865c57e5bc7",
        "cost": 0.3070175438596491
    },
    "model": "graph.edgecost",
    "pk": 102
},
{
    "fields": {
        "edge": "42ec6bca6859d936eaac1aae8235f3f9",
        "cost": 0.46491228070175433
    },
    "model": "graph.edgecost",
    "pk": 103
},
{
    "fields": {
        "edge": "d293ac494befb55f824cbbcb5a50548d",
        "cost": 0.22807017543859648
    },
    "model": "graph.edgecost",
    "pk": 104
},
{
    "fields": {
        "edge": "a75184a02271985af347be47f481689e",
        "cost": 0.8513690843345387
    },
    "model": "graph.edgecost",
    "pk": 105
},
{
    "fields": {
        "edge": "5fe9c893f17f9ad60f3dad201bdafb67",
        "cost": 0.33792523140139924
    },
    "model": "graph.edgecost",
    "pk": 106
},
{
    "fields": {
        "edge": "a544467c4dc3b0e63f1e593a5640d7f5",
        "cost": 0.11102591981108532
    },
    "model": "graph.edgecost",
    "pk": 107
},
{
    "fields": {
        "edge": "a77f2ba58725d031c7c05057e38433d9",
        "cost": 0.3315096279451874
    },
    "model": "graph.edgecost",
    "pk": 108
},
{
    "fields": {
        "edge": "1184465dd4e350cd63c361038e0f9627",
        "cost": 0.10153297736984167
    },
    "model": "graph.edgecost",
    "pk": 109
},
{
    "fields": {
        "edge": "19ddc516c1fbea6ebd82a2180e583e40",
        "cost": 0.33056514065341336
    },
    "model": "graph.edgecost",
    "pk": 110
},
{
    "fields": {
        "edge": "95ec207f537330fa3a4bbbebd767f4fd",
        "cost": 0.45912065885879294
    },
    "model": "graph.edgecost",
    "pk": 111
},
{
    "fields": {
        "edge": "a2ac35a5c7ecbb8c14a8b3afdd1c46ae",
        "cost": 0.6895102568066684
    },
    "model": "graph.edgecost",
    "pk": 112
},
{
    "fields": {
        "edge": "f6bc2cf3992fa212aa35dd0cfb5008cb",
        "cost": 0.22048370813410206
    },
    "model": "graph.edgecost",
    "pk": 113
},
{
    "fields": {
        "edge": "66552d93aade80180a124bcf35b67717",
        "cost": 0.45912065885879294
    },
    "model": "graph.edgecost",
    "pk": 114
},
{
    "fields": {
        "edge": "f6a1d75d0e4cad29dc0ed865c57e5bc7",
        "cost": 0.30088495575221236
    },
    "model": "graph.edgecost",
    "pk": 115
},
{
    "fields": {
        "edge": "42ec6bca6859d936eaac1aae8235f3f9",
        "cost": 0.4690265486725663
    },
    "model": "graph.edgecost",
    "pk": 116
},
{
    "fields": {
        "edge": "d293ac494befb55f824cbbcb5a50548d",
        "cost": 0.2300884955752212
    },
    "model": "graph.edgecost",
    "pk": 117
},
{
    "fields": {
        "edge": "a75184a02271985af347be47f481689e",
        "cost": 0.8589818890629585
    },
    "model": "graph.edgecost",
    "pk": 118
},
{
    "fields": {
        "edge": "5fe9c893f17f9ad60f3dad201bdafb67",
        "cost": 0.3431219330934503
    },
    "model": "graph.edgecost",
    "pk": 119
},
{
    "fields": {
        "edge": "a544467c4dc3b0e63f1e593a5640d7f5",
        "cost": 0.10887003074936885
    },
    "model": "graph.edgecost",
    "pk": 120
},
{
    "fields": {
        "edge": "a77f2ba58725d031c7c05057e38433d9",
        "cost": 0.32888199452723665
    },
    "model": "graph.edgecost",
    "pk": 121
},
{
    "fields": {
        "edge": "1184465dd4e350cd63c361038e0f9627",
        "cost": 0.09997238136049015
    },
    "model": "graph.edgecost",
    "pk": 122
},
{
    "fields": {
        "edge": "19ddc516c1fbea6ebd82a2180e583e40",
        "cost": 0.3279960723793131
    },
    "model": "graph.edgecost",
    "pk": 123
},
{
    "fields": {
        "edge": "95ec207f537330fa3a4bbbebd767f4fd",
        "cost": 0.45609386645741945
    },
    "model": "graph.edgecost",
    "pk": 124
},
{
    "fields": {
        "edge": "a2ac35a5c7ecbb8c14a8b3afdd1c46ae",
        "cost": 0.6849242444796222
    },
    "model": "graph.edgecost",
    "pk": 125
},
{
    "fields": {
        "edge": "f6bc2cf3992fa212aa35dd0cfb5008cb",
        "cost": 0.22001196377786783
    },
    "model": "graph.edgecost",
    "pk": 126
},
{
    "fields": {
        "edge": "66552d93aade80180a124bcf35b67717",
        "cost": 0.45609386645741945
    },
    "model": "graph.edgecost",
    "pk": 127
},
{
    "fields": {
        "edge": "f6a1d75d0e4cad29dc0ed865c57e5bc7",
        "cost": 0.3070175438596491
    },
    "model": "graph.edgecost",
    "pk": 128
},
{
    "fields": {
        "edge": "42ec6bca6859d936eaac1aae8235f3f9",
        "cost": 0.46491228070175433
    },
    "model": "graph.edgecost",
    "pk": 129
},
{
    "fields": {
        "edge": "d293ac494befb55f824cbbcb5a50548d",
        "cost": 0.22807017543859648
    },
    "model": "graph.edgecost",
    "pk": 130
},
{
    "fields": {
        "edge": "a75184a02271985af347be47f481689e",
        "cost": 0.8469286499151758
    },
    "model": "graph.edgecost",
    "pk": 131
},
{
    "fields": {
        "edge": "5fe9c893f17f9ad60f3dad201bdafb67",
        "cost": 0.34681689584626046
    },
    "model": "graph.edgecost",
    "pk": 132
},
{
    "fields": {
        "edge": "a544467c4dc3b0e63f1e593a5640d7f5",
        "cost": 0.1067982156107485
    },
    "model": "graph.edgecost",
    "pk": 133
},
{
    "fields": {
        "edge": "a77f2ba58725d031c7c05057e38433d9",
        "cost": 0.3269603054096413
    },
    "model": "graph.edgecost",
    "pk": 134
},
{
    "fields": {
        "edge": "1184465dd4e350cd63c361038e0f9627",
        "cost": 0.08974210988673835
    },
    "model": "graph.edgecost",
    "pk": 135
},
{
    "fields": {
        "edge": "19ddc516c1fbea6ebd82a2180e583e40",
        "cost": 0.32622279874409826
    },
    "model": "graph.edgecost",
    "pk": 136
},
{
    "fields": {
        "edge": "95ec207f537330fa3a4bbbebd767f4fd",
        "cost": 0.45969497457164565
    },
    "model": "graph.edgecost",
    "pk": 137
},
{
    "fields": {
        "edge": "a2ac35a5c7ecbb8c14a8b3afdd1c46ae",
        "cost": 0.6933763755131785
    },
    "model": "graph.edgecost",
    "pk": 138
},
{
    "fields": {
        "edge": "f6bc2cf3992fa212aa35dd0cfb5008cb",
        "cost": 0.22016208979889282
    },
    "model": "graph.edgecost",
    "pk": 139
},
{
    "fields": {
        "edge": "66552d93aade80180a124bcf35b67717",
        "cost": 0.45969497457164565
    },
    "model": "graph.edgecost",
    "pk": 140
},
{
    "fields": {
        "edge": "f6a1d75d0e4cad29dc0ed865c57e5bc7",
        "cost": 0.30357142857142855
    },
    "model": "graph.edgecost",
    "pk": 141
},
{
    "fields": {
        "edge": "42ec6bca6859d936eaac1aae8235f3f9",
        "cost": 0.4732142857142857
    },
    "model": "graph.edgecost",
    "pk": 142
},
{
    "fields": {
        "edge": "d293ac494befb55f824cbbcb5a50548d",
        "cost": 0.2232142857142857
    },
    "model": "graph.edgecost",
    "pk": 143
},
{
    "fields": {
        "edge": "a75184a02271985af347be47f481689e",
        "cost": 0.8485075694709296
    },
    "model": "graph.edgecost",
    "pk": 144
},
{
    "fields": {
        "edge": "5fe9c893f17f9ad60f3dad201bdafb67",
        "cost": 0.35080416930322855
    },
    "model": "graph.edgecost",
    "pk": 145
},
{
    "fields": {
        "edge": "a544467c4dc3b0e63f1e593a5640d7f5",
        "cost": 0.10523106115730402
    },
    "model": "graph.edgecost",
    "pk": 146
},
{
    "fields": {
        "edge": "a77f2ba58725d031c7c05057e38433d9",
        "cost": 0.3248071023657398
    },
    "model": "graph.edgecost",
    "pk": 147
},
{
    "fields": {
        "edge": "1184465dd4e350cd63c361038e0f9627",
        "cost": 0.0889009104389685
    },
    "model": "graph.edgecost",
    "pk": 148
},
{
    "fields": {
        "edge": "19ddc516c1fbea6ebd82a2180e583e40",
        "cost": 0.32438872833103166
    },
    "model": "graph.edgecost",
    "pk": 149
},
{
    "fields": {
        "edge": "95ec207f537330fa3a4bbbebd767f4fd",
        "cost": 0.4587021036063489
    },
    "model": "graph.edgecost",
    "pk": 150
},
{
    "fields": {
        "edge": "a2ac35a5c7ecbb8c14a8b3afdd1c46ae",
        "cost": 0.6927903269227215
    },
    "model": "graph.edgecost",
    "pk": 151
},
{
    "fields": {
        "edge": "f6bc2cf3992fa212aa35dd0cfb5008cb",
        "cost": 0.21957604120843577
    },
    "model": "graph.edgecost",
    "pk": 152
},
{
    "fields": {
        "edge": "66552d93aade80180a124bcf35b67717",
        "cost": 0.4587021036063489
    },
    "model": "graph.edgecost",
    "pk": 153
},
{
    "fields": {
        "edge": "f6a1d75d0e4cad29dc0ed865c57e5bc7",
        "cost": 0.30357142857142855
    },
    "model": "graph.edgecost",
    "pk": 154
},
{
    "fields": {
        "edge": "42ec6bca6859d936eaac1aae8235f3f9",
        "cost": 0.4732142857142857
    },
    "model": "graph.edgecost",
    "pk": 155
},
{
    "fields": {
        "edge": "d293ac494befb55f824cbbcb5a50548d",
        "cost": 0.2232142857142857
    },
    "model": "graph.edgecost",
    "pk": 156
},
{
    "fields": {
        "edge": "a75184a02271985af347be47f481689e",
        "cost": 0.846889639951719
    },
    "model": "graph.edgecost",
    "pk": 157
},
{
    "fields": {
        "edge": "5fe9c893f17f9ad60f3dad201bdafb67",
        "cost": 0.3540707889800953
    },
    "model": "graph.edgecost",
    "pk": 158
},
{
    "fields": {
        "edge": "a544467c4dc3b0e63f1e593a5640d7f5",
        "cost": 0.1038091739018261
    },
    "model": "graph.edgecost",
    "pk": 159
},
{
    "fields": {
        "edge": "a77f2ba58725d031c7c05057e38433d9",
        "cost": 0.3230207967638455
    },
    "model": "graph.edgecost",
    "pk": 160
},
{
    "fields": {
        "edge": "1184465dd4e350cd63c361038e0f9627",
        "cost": 0.0881247213175852
    },
    "model": "graph.edgecost",
    "pk": 161
},
{
    "fields": {
        "edge": "19ddc516c1fbea6ebd82a2180e583e40",
        "cost": 0.3229084142560591
    },
    "model": "graph.edgecost",
    "pk": 162
},
{
    "fields": {
        "edge": "95ec207f537330fa3a4bbbebd767f4fd",
        "cost": 0.4648721885136951
    },
    "model": "graph.edgecost",
    "pk": 163
},
{
    "fields": {
        "edge": "a2ac35a5c7ecbb8c14a8b3afdd1c46ae",
        "cost": 0.6882381715345858
    },
    "model": "graph.edgecost",
    "pk": 164
},
{
    "fields": {
        "edge": "f6bc2cf3992fa212aa35dd0cfb5008cb",
        "cost": 0.2192116228620194
    },
    "model": "graph.edgecost",
    "pk": 165
},
{
    "fields": {
        "edge": "66552d93aade80180a124bcf35b67717",
        "cost": 0.4648721885136951
    },
    "model": "graph.edgecost",
    "pk": 166
},
{
    "fields": {
        "edge": "f6a1d75d0e4cad29dc0ed865c57e5bc7",
        "cost": 0.30088495575221236
    },
    "model": "graph.edgecost",
    "pk": 167
},
{
    "fields": {
        "edge": "42ec6bca6859d936eaac1aae8235f3f9",
        "cost": 0.4690265486725663
    },
    "model": "graph.edgecost",
    "pk": 168
},
{
    "fields": {
        "edge": "d293ac494befb55f824cbbcb5a50548d",
        "cost": 0.23008849557522124
    },
    "model": "graph.edgecost",
    "pk": 169
},
{
    "fields": {
        "edge": "a75184a02271985af347be47f481689e",
        "cost": 0.8454927447045468
    },
    "model": "graph.edgecost",
    "pk": 170
},
{
    "fields": {
        "edge": "5fe9c893f17f9ad60f3dad201bdafb67",
        "cost": 0.35713646550861883
    },
    "model": "graph.edgecost",
    "pk": 171
},
{
    "fields": {
        "edge": "a544467c4dc3b0e63f1e593a5640d7f5",
        "cost": 0.10261618658262346
    },
    "model": "graph.edgecost",
    "pk": 172
},
{
    "fields": {
        "edge": "a77f2ba58725d031c7c05057e38433d9",
        "cost": 0.32192350670028125
    },
    "model": "graph.edgecost",
    "pk": 173
},
{
    "fields": {
        "edge": "1184465dd4e350cd63c361038e0f9627",
        "cost": 0.08749447857821674
    },
    "model": "graph.edgecost",
    "pk": 174
},
{
    "fields": {
        "edge": "19ddc516c1fbea6ebd82a2180e583e40",
        "cost": 0.32094002779109987
    },
    "model": "graph.edgecost",
    "pk": 175
},
{
    "fields": {
        "edge": "95ec207f537330fa3a4bbbebd767f4fd",
        "cost": 0.4615157246514796
    },
    "model": "graph.edgecost",
    "pk": 176
},
{
    "fields": {
        "edge": "a2ac35a5c7ecbb8c14a8b3afdd1c46ae",
        "cost": 0.6929915306439736
    },
    "model": "graph.edgecost",
    "pk": 177
},
{
    "fields": {
        "edge": "f6bc2cf3992fa212aa35dd0cfb5008cb",
        "cost": 0.2193073201176578
    },
    "model": "graph.edgecost",
    "pk": 178
},
{
    "fields": {
        "edge": "66552d93aade80180a124bcf35b67717",
        "cost": 0.4615157246514796
    },
    "model": "graph.edgecost",
    "pk": 179
},
{
    "fields": {
        "edge": "f6a1d75d0e4cad29dc0ed865c57e5bc7",
        "cost": 0.2982456140350877
    },
    "model": "graph.edgecost",
    "pk": 180
},
{
    "fields": {
        "edge": "42ec6bca6859d936eaac1aae8235f3f9",
        "cost": 0.47368421052631576
    },
    "model": "graph.edgecost",
    "pk": 181
},
{
    "fields": {
        "edge": "d293ac494befb55f824cbbcb5a50548d",
        "cost": 0.22807017543859648
    },
    "model": "graph.edgecost",
    "pk": 182
},
{
    "fields": {
        "edge": "a75184a02271985af347be47f481689e",
        "cost": 0.8414024471067219
    },
    "model": "graph.edgecost",
    "pk": 183
},
{
    "fields": {
        "edge": "5fe9c893f17f9ad60f3dad201bdafb67",
        "cost": 0.3598107608745089
    },
    "model": "graph.edgecost",
    "pk": 184
},
{
    "fields": {
        "edge": "a544467c4dc3b0e63f1e593a5640d7f5",
        "cost": 0.10153886969460608
    },
    "model": "graph.edgecost",
    "pk": 185
},
{
    "fields": {
        "edge": "a77f2ba58725d031c7c05057e38433d9",
        "cost": 0.32063063780280643
    },
    "model": "graph.edgecost",
    "pk": 186
},
{
    "fields": {
        "edge": "1184465dd4e350cd63c361038e0f9627",
        "cost": 0.0869493682617447
    },
    "model": "graph.edgecost",
    "pk": 187
},
{
    "fields": {
        "edge": "19ddc516c1fbea6ebd82a2180e583e40",
        "cost": 0.3195586013226847
    },
    "model": "graph.edgecost",
    "pk": 188
},
{
    "fields": {
        "edge": "95ec207f537330fa3a4bbbebd767f4fd",
        "cost": 0.47398854340576757
    },
    "model": "graph.edgecost",
    "pk": 189
},
{
    "fields": {
        "edge": "a2ac35a5c7ecbb8c14a8b3afdd1c46ae",
        "cost": 0.6846090094875107
    },
    "model": "graph.edgecost",
    "pk": 190
},
{
    "fields": {
        "edge": "f6bc2cf3992fa212aa35dd0cfb5008cb",
        "cost": 0.21909176810820033
    },
    "model": "graph.edgecost",
    "pk": 191
},
{
    "fields": {
        "edge": "66552d93aade80180a124bcf35b67717",
        "cost": 0.47398854340576757
    },
    "model": "graph.edgecost",
    "pk": 192
},
{
    "fields": {
        "edge": "f6a1d75d0e4cad29dc0ed865c57e5bc7",
        "cost": 0.29310344827586204
    },
    "model": "graph.edgecost",
    "pk": 193
},
{
    "fields": {
        "edge": "42ec6bca6859d936eaac1aae8235f3f9",
        "cost": 0.46551724137931033
    },
    "model": "graph.edgecost",
    "pk": 194
},
{
    "fields": {
        "edge": "d293ac494befb55f824cbbcb5a50548d",
        "cost": 0.24137931034482757
    },
    "model": "graph.edgecost",
    "pk": 195
},
{
    "fields": {
        "edge": "a75184a02271985af347be47f481689e",
        "cost": 0.8576817856910091
    },
    "model": "graph.edgecost",
    "pk": 196
},
{
    "fields": {
        "edge": "5fe9c893f17f9ad60f3dad201bdafb67",
        "cost": 0.3626821569075436
    },
    "model": "graph.edgecost",
    "pk": 197
},
{
    "fields": {
        "edge": "a544467c4dc3b0e63f1e593a5640d7f5",
        "cost": 0.10071445550093643
    },
    "model": "graph.edgecost",
    "pk": 198
},
{
    "fields": {
        "edge": "a77f2ba58725d031c7c05057e38433d9",
        "cost": 0.3202403508715635
    },
    "model": "graph.edgecost",
    "pk": 199
},
{
    "fields": {
        "edge": "1184465dd4e350cd63c361038e0f9627",
        "cost": 0.08659286559022128
    },
    "model": "graph.edgecost",
    "pk": 200
},
{
    "fields": {
        "edge": "19ddc516c1fbea6ebd82a2180e583e40",
        "cost": 0.31707749222089293
    },
    "model": "graph.edgecost",
    "pk": 201
},
{
    "fields": {
        "edge": "95ec207f537330fa3a4bbbebd767f4fd",
        "cost": 0.46125385739990243
    },
    "model": "graph.edgecost",
    "pk": 202
},
{
    "fields": {
        "edge": "a2ac35a5c7ecbb8c14a8b3afdd1c46ae",
        "cost": 0.6810643569090887
    },
    "model": "graph.edgecost",
    "pk": 203
},
{
    "fields": {
        "edge": "f6bc2cf3992fa212aa35dd0cfb5008cb",
        "cost": 0.21952589537062708
    },
    "model": "graph.edgecost",
    "pk": 204
},
{
    "fields": {
        "edge": "66552d93aade80180a124bcf35b67717",
        "cost": 0.46125385739990243
    },
    "model": "graph.edgecost",
    "pk": 205
},
{
    "fields": {
        "edge": "f6a1d75d0e4cad29dc0ed865c57e5bc7",
        "cost": 0.3076923076923077
    },
    "model": "graph.edgecost",
    "pk": 206
},
{
    "fields": {
        "edge": "42ec6bca6859d936eaac1aae8235f3f9",
        "cost": 0.4615384615384616
    },
    "model": "graph.edgecost",
    "pk": 207
},
{
    "fields": {
        "edge": "d293ac494befb55f824cbbcb5a50548d",
        "cost": 0.2307692307692308
    },
    "model": "graph.edgecost",
    "pk": 208
},
{
    "fields": {
        "edge": "a75184a02271985af347be47f481689e",
        "cost": 0.8572493050214556
    },
    "model": "graph.edgecost",
    "pk": 209
},
{
    "fields": {
        "edge": "5fe9c893f17f9ad60f3dad201bdafb67",
        "cost": 0.3639450037762092
    },
    "model": "graph.edgecost",
    "pk": 210
},
{
    "fields": {
        "edge": "a544467c4dc3b0e63f1e593a5640d7f5",
        "cost": 0.09960347913075268
    },
    "model": "graph.edgecost",
    "pk": 211
},
{
    "fields": {
        "edge": "a77f2ba58725d031c7c05057e38433d9",
        "cost": 0.31986805746600155
    },
    "model": "graph.edgecost",
    "pk": 212
},
{
    "fields": {
        "edge": "1184465dd4e350cd63c361038e0f9627",
        "cost": 0.08600851442218596
    },
    "model": "graph.edgecost",
    "pk": 213
},
{
    "fields": {
        "edge": "19ddc516c1fbea6ebd82a2180e583e40",
        "cost": 0.31618693875778925
    },
    "model": "graph.edgecost",
    "pk": 214
},
{
    "fields": {
        "edge": "95ec207f537330fa3a4bbbebd767f4fd",
        "cost": 0.4609476551048341
    },
    "model": "graph.edgecost",
    "pk": 215
},
{
    "fields": {
        "edge": "a2ac35a5c7ecbb8c14a8b3afdd1c46ae",
        "cost": 0.6818030398737105
    },
    "model": "graph.edgecost",
    "pk": 216
},
{
    "fields": {
        "edge": "f6bc2cf3992fa212aa35dd0cfb5008cb",
        "cost": 0.22026457833524887
    },
    "model": "graph.edgecost",
    "pk": 217
},
{
    "fields": {
        "edge": "66552d93aade80180a124bcf35b67717",
        "cost": 0.4609476551048341
    },
    "model": "graph.edgecost",
    "pk": 218
},
{
    "fields": {
        "edge": "f6a1d75d0e4cad29dc0ed865c57e5bc7",
        "cost": 0.3076923076923077
    },
    "model": "graph.edgecost",
    "pk": 219
},
{
    "fields": {
        "edge": "42ec6bca6859d936eaac1aae8235f3f9",
        "cost": 0.4615384615384616
    },
    "model": "graph.edgecost",
    "pk": 220
},
{
    "fields": {
        "edge": "d293ac494befb55f824cbbcb5a50548d",
        "cost": 0.2307692307692308
    },
    "model": "graph.edgecost",
    "pk": 221
},
{
    "fields": {
        "edge": "a75184a02271985af347be47f481689e",
        "cost": 0.8568289077928436
    },
    "model": "graph.edgecost",
    "pk": 222
},
{
    "fields": {
        "edge": "5fe9c893f17f9ad60f3dad201bdafb67",
        "cost": 0.36507933138784027
    },
    "model": "graph.edgecost",
    "pk": 223
},
{
    "fields": {
        "edge": "a544467c4dc3b0e63f1e593a5640d7f5",
        "cost": 0.0985773817431308
    },
    "model": "graph.edgecost",
    "pk": 224
},
{
    "fields": {
        "edge": "a77f2ba58725d031c7c05057e38433d9",
        "cost": 0.3194887457509664
    },
    "model": "graph.edgecost",
    "pk": 225
},
{
    "fields": {
        "edge": "1184465dd4e350cd63c361038e0f9627",
        "cost": 0.08547988696956484
    },
    "model": "graph.edgecost",
    "pk": 226
},
{
    "fields": {
        "edge": "19ddc516c1fbea6ebd82a2180e583e40",
        "cost": 0.3154319228611933
    },
    "model": "graph.edgecost",
    "pk": 227
},
{
    "fields": {
        "edge": "95ec207f537330fa3a4bbbebd767f4fd",
        "cost": 0.4607212666608593
    },
    "model": "graph.edgecost",
    "pk": 228
},
{
    "fields": {
        "edge": "a2ac35a5c7ecbb8c14a8b3afdd1c46ae",
        "cost": 0.6824498255462972
    },
    "model": "graph.edgecost",
    "pk": 229
},
{
    "fields": {
        "edge": "f6bc2cf3992fa212aa35dd0cfb5008cb",
        "cost": 0.2209113640078356
    },
    "model": "graph.edgecost",
    "pk": 230
},
{
    "fields": {
        "edge": "66552d93aade80180a124bcf35b67717",
        "cost": 0.4607212666608593
    },
    "model": "graph.edgecost",
    "pk": 231
},
{
    "fields": {
        "edge": "f6a1d75d0e4cad29dc0ed865c57e5bc7",
        "cost": 0.3076923076923077
    },
    "model": "graph.edgecost",
    "pk": 232
},
{
    "fields": {
        "edge": "42ec6bca6859d936eaac1aae8235f3f9",
        "cost": 0.4615384615384616
    },
    "model": "graph.edgecost",
    "pk": 233
},
{
    "fields": {
        "edge": "d293ac494befb55f824cbbcb5a50548d",
        "cost": 0.2307692307692308
    },
    "model": "graph.edgecost",
    "pk": 234
},
{
    "fields": {
        "edge": "a75184a02271985af347be47f481689e",
        "cost": 0.8564236011923941
    },
    "model": "graph.edgecost",
    "pk": 235
},
{
    "fields": {
        "edge": "5fe9c893f17f9ad60f3dad201bdafb67",
        "cost": 0.3661048511906514
    },
    "model": "graph.edgecost",
    "pk": 236
},
{
    "fields": {
        "edge": "a544467c4dc3b0e63f1e593a5640d7f5",
        "cost": 0.09762736452932436
    },
    "model": "graph.edgecost",
    "pk": 237
},
{
    "fields": {
        "edge": "a77f2ba58725d031c7c05057e38433d9",
        "cost": 0.31911011005089107
    },
    "model": "graph.edgecost",
    "pk": 238
},
{
    "fields": {
        "edge": "1184465dd4e350cd63c361038e0f9627",
        "cost": 0.08499907778011066
    },
    "model": "graph.edgecost",
    "pk": 239
},
{
    "fields": {
        "edge": "19ddc516c1fbea6ebd82a2180e583e40",
        "cost": 0.3147850387584575
    },
    "model": "graph.edgecost",
    "pk": 240
},
{
    "fields": {
        "edge": "95ec207f537330fa3a4bbbebd767f4fd",
        "cost": 0.46055519174757764
    },
    "model": "graph.edgecost",
    "pk": 241
},
{
    "fields": {
        "edge": "a2ac35a5c7ecbb8c14a8b3afdd1c46ae",
        "cost": 0.6830212070600283
    },
    "model": "graph.edgecost",
    "pk": 242
},
{
    "fields": {
        "edge": "f6bc2cf3992fa212aa35dd0cfb5008cb",
        "cost": 0.22148274552156672
    },
    "model": "graph.edgecost",
    "pk": 243
},
{
    "fields": {
        "edge": "66552d93aade80180a124bcf35b67717",
        "cost": 0.46055519174757764
    },
    "model": "graph.edgecost",
    "pk": 244
},
{
    "fields": {
        "edge": "f6a1d75d0e4cad29dc0ed865c57e5bc7",
        "cost": 0.3076923076923077
    },
    "model": "graph.edgecost",
    "pk": 245
},
{
    "fields": {
        "edge": "42ec6bca6859d936eaac1aae8235f3f9",
        "cost": 0.4615384615384616
    },
    "model": "graph.edgecost",
    "pk": 246
},
{
    "fields": {
        "edge": "d293ac494befb55f824cbbcb5a50548d",
        "cost": 0.2307692307692308
    },
    "model": "graph.edgecost",
    "pk": 247
},
{
    "fields": {
        "edge": "a75184a02271985af347be47f481689e",
        "cost": 0.8560349347939463
    },
    "model": "graph.edgecost",
    "pk": 248
},
{
    "fields": {
        "edge": "5fe9c893f17f9ad60f3dad201bdafb67",
        "cost": 0.3670372820303086
    },
    "model": "graph.edgecost",
    "pk": 249
},
{
    "fields": {
        "edge": "a544467c4dc3b0e63f1e593a5640d7f5",
        "cost": 0.09674566896770564
    },
    "model": "graph.edgecost",
    "pk": 250
},
{
    "fields": {
        "edge": "a77f2ba58725d031c7c05057e38433d9",
        "cost": 0.3187372126949205
    },
    "model": "graph.edgecost",
    "pk": 251
},
{
    "fields": {
        "edge": "1184465dd4e350cd63c361038e0f9627",
        "cost": 0.08455967610362433
    },
    "model": "graph.edgecost",
    "pk": 252
},
{
    "fields": {
        "edge": "19ddc516c1fbea6ebd82a2180e583e40",
        "cost": 0.3142255052747709
    },
    "model": "graph.edgecost",
    "pk": 253
},
{
    "fields": {
        "edge": "95ec207f537330fa3a4bbbebd767f4fd",
        "cost": 0.46043505994037737
    },
    "model": "graph.edgecost",
    "pk": 254
},
{
    "fields": {
        "edge": "a2ac35a5c7ecbb8c14a8b3afdd1c46ae",
        "cost": 0.6835300052656764
    },
    "model": "graph.edgecost",
    "pk": 255
},
{
    "fields": {
        "edge": "f6bc2cf3992fa212aa35dd0cfb5008cb",
        "cost": 0.22199154372721483
    },
    "model": "graph.edgecost",
    "pk": 256
},
{
    "fields": {
        "edge": "66552d93aade80180a124bcf35b67717",
        "cost": 0.46043505994037737
    },
    "model": "graph.edgecost",
    "pk": 257
},
{
    "fields": {
        "edge": "f6a1d75d0e4cad29dc0ed865c57e5bc7",
        "cost": 0.3076923076923077
    },
    "model": "graph.edgecost",
    "pk": 258
},
{
    "fields": {
        "edge": "42ec6bca6859d936eaac1aae8235f3f9",
        "cost": 0.4615384615384616
    },
    "model": "graph.edgecost",
    "pk": 259
},
{
    "fields": {
        "edge": "d293ac494befb55f824cbbcb5a50548d",
        "cost": 0.2307692307692308
    },
    "model": "graph.edgecost",
    "pk": 260
},
{
    "fields": {
        "edge": "a75184a02271985af347be47f481689e",
        "cost": 0.8556635325503569
    },
    "model": "graph.edgecost",
    "pk": 261
},
{
    "fields": {
        "edge": "5fe9c893f17f9ad60f3dad201bdafb67",
        "cost": 0.3678893344077464
    },
    "model": "graph.edgecost",
    "pk": 262
},
{
    "fields": {
        "edge": "a544467c4dc3b0e63f1e593a5640d7f5",
        "cost": 0.09592547066682111
    },
    "model": "graph.edgecost",
    "pk": 263
},
{
    "fields": {
        "edge": "a77f2ba58725d031c7c05057e38433d9",
        "cost": 0.31837332525699547
    },
    "model": "graph.edgecost",
    "pk": 264
},
{
    "fields": {
        "edge": "1184465dd4e350cd63c361038e0f9627",
        "cost": 0.08415641978348162
    },
    "model": "graph.edgecost",
    "pk": 265
},
{
    "fields": {
        "edge": "19ddc516c1fbea6ebd82a2180e583e40",
        "cost": 0.31373734033525824
    },
    "model": "graph.edgecost",
    "pk": 266
},
{
    "fields": {
        "edge": "95ec207f537330fa3a4bbbebd767f4fd",
        "cost": 0.46035015132100743
    },
    "model": "graph.edgecost",
    "pk": 267
},
{
    "fields": {
        "edge": "a2ac35a5c7ecbb8c14a8b3afdd1c46ae",
        "cost": 0.6839863161286359
    },
    "model": "graph.edgecost",
    "pk": 268
},
{
    "fields": {
        "edge": "f6bc2cf3992fa212aa35dd0cfb5008cb",
        "cost": 0.22244785459017433
    },
    "model": "graph.edgecost",
    "pk": 269
},
{
    "fields": {
        "edge": "66552d93aade80180a124bcf35b67717",
        "cost": 0.46035015132100743
    },
    "model": "graph.edgecost",
    "pk": 270
},
{
    "fields": {
        "edge": "f6a1d75d0e4cad29dc0ed865c57e5bc7",
        "cost": 0.3076923076923077
    },
    "model": "graph.edgecost",
    "pk": 271
},
{
    "fields": {
        "edge": "42ec6bca6859d936eaac1aae8235f3f9",
        "cost": 0.4615384615384616
    },
    "model": "graph.edgecost",
    "pk": 272
},
{
    "fields": {
        "edge": "d293ac494befb55f824cbbcb5a50548d",
        "cost": 0.2307692307692308
    },
    "model": "graph.edgecost",
    "pk": 273
},
{
    "fields": {
        "edge": "a75184a02271985af347be47f481689e",
        "cost": 0.8553094322187828
    },
    "model": "graph.edgecost",
    "pk": 274
},
{
    "fields": {
        "edge": "5fe9c893f17f9ad60f3dad201bdafb67",
        "cost": 0.368671413501141
    },
    "model": "graph.edgecost",
    "pk": 275
},
{
    "fields": {
        "edge": "a544467c4dc3b0e63f1e593a5640d7f5",
        "cost": 0.09516076892515501
    },
    "model": "graph.edgecost",
    "pk": 276
},
{
    "fields": {
        "edge": "a77f2ba58725d031c7c05057e38433d9",
        "cost": 0.31802049178068825
    },
    "model": "graph.edgecost",
    "pk": 277
},
{
    "fields": {
        "edge": "1184465dd4e350cd63c361038e0f9627",
        "cost": 0.08378494210017902
    },
    "model": "graph.edgecost",
    "pk": 278
},
{
    "fields": {
        "edge": "19ddc516c1fbea6ebd82a2180e583e40",
        "cost": 0.3133080947181707
    },
    "model": "graph.edgecost",
    "pk": 279
},
{
    "fields": {
        "edge": "95ec207f537330fa3a4bbbebd767f4fd",
        "cost": 0.46029238338722256
    },
    "model": "graph.edgecost",
    "pk": 280
},
{
    "fields": {
        "edge": "a2ac35a5c7ecbb8c14a8b3afdd1c46ae",
        "cost": 0.6843981843939948
    },
    "model": "graph.edgecost",
    "pk": 281
},
{
    "fields": {
        "edge": "f6bc2cf3992fa212aa35dd0cfb5008cb",
        "cost": 0.22285972285553324
    },
    "model": "graph.edgecost",
    "pk": 282
},
{
    "fields": {
        "edge": "66552d93aade80180a124bcf35b67717",
        "cost": 0.46029238338722256
    },
    "model": "graph.edgecost",
    "pk": 283
},
{
    "fields": {
        "edge": "f6a1d75d0e4cad29dc0ed865c57e5bc7",
        "cost": 0.3076923076923077
    },
    "model": "graph.edgecost",
    "pk": 284
},
{
    "fields": {
        "edge": "42ec6bca6859d936eaac1aae8235f3f9",
        "cost": 0.4615384615384616
    },
    "model": "graph.edgecost",
    "pk": 285
},
{
    "fields": {
        "edge": "d293ac494befb55f824cbbcb5a50548d",
        "cost": 0.2307692307692308
    },
    "model": "graph.edgecost",
    "pk": 286
},
{
    "fields": {
        "edge": "a75184a02271985af347be47f481689e",
        "cost": 0.854972304826009
    },
    "model": "graph.edgecost",
    "pk": 287
},
{
    "fields": {
        "edge": "5fe9c893f17f9ad60f3dad201bdafb67",
        "cost": 0.36939213124305176
    },
    "model": "graph.edgecost",
    "pk": 288
},
{
    "fields": {
        "edge": "a544467c4dc3b0e63f1e593a5640d7f5",
        "cost": 0.09444628229051093
    },
    "model": "graph.edgecost",
    "pk": 289
},
{
    "fields": {
        "edge": "a77f2ba58725d031c7c05057e38433d9",
        "cost": 0.3176799110881236
    },
    "model": "graph.edgecost",
    "pk": 290
},
{
    "fields": {
        "edge": "1184465dd4e350cd63c361038e0f9627",
        "cost": 0.08344158360013865
    },
    "model": "graph.edgecost",
    "pk": 291
},
{
    "fields": {
        "edge": "19ddc516c1fbea6ebd82a2180e583e40",
        "cost": 0.31292795766882464
    },
    "model": "graph.edgecost",
    "pk": 292
},
{
    "fields": {
        "edge": "95ec207f537330fa3a4bbbebd767f4fd",
        "cost": 0.46025560483791683
    },
    "model": "graph.edgecost",
    "pk": 293
},
{
    "fields": {
        "edge": "a2ac35a5c7ecbb8c14a8b3afdd1c46ae",
        "cost": 0.6847720903360743
    },
    "model": "graph.edgecost",
    "pk": 294
},
{
    "fields": {
        "edge": "f6bc2cf3992fa212aa35dd0cfb5008cb",
        "cost": 0.22323362879761266
    },
    "model": "graph.edgecost",
    "pk": 295
},
{
    "fields": {
        "edge": "66552d93aade80180a124bcf35b67717",
        "cost": 0.46025560483791683
    },
    "model": "graph.edgecost",
    "pk": 296
},
{
    "fields": {
        "edge": "f6a1d75d0e4cad29dc0ed865c57e5bc7",
        "cost": 0.3076923076923077
    },
    "model": "graph.edgecost",
    "pk": 297
},
{
    "fields": {
        "edge": "42ec6bca6859d936eaac1aae8235f3f9",
        "cost": 0.4615384615384616
    },
    "model": "graph.edgecost",
    "pk": 298
},
{
    "fields": {
        "edge": "d293ac494befb55f824cbbcb5a50548d",
        "cost": 0.2307692307692308
    },
    "model": "graph.edgecost",
    "pk": 299
},
{
    "fields": {
        "edge": "1184465dd4e350cd63c361038e0f9627",
        "cost": 0.2
    },
    "model": "graph.edgecost",
    "pk": 300
},
{
    "fields": {
        "edge": "19ddc516c1fbea6ebd82a2180e583e40",
        "cost": 0.4
    },
    "model": "graph.edgecost",
    "pk": 301
},
{
    "fields": {
        "edge": "42ec6bca6859d936eaac1aae8235f3f9",
        "cost": 0.5892857142857143
    },
    "model": "graph.edgecost",
    "pk": 302
},
{
    "fields": {
        "edge": "5fe9c893f17f9ad60f3dad201bdafb67",
        "cost": 0.2
    },
    "model": "graph.edgecost",
    "pk": 303
},
{
    "fields": {
        "edge": "66552d93aade80180a124bcf35b67717",
        "cost": 0.3488095238095238
    },
    "model": "graph.edgecost",
    "pk": 304
},
{
    "fields": {
        "edge": "95ec207f537330fa3a4bbbebd767f4fd",
        "cost": 0.3488095238095238
    },
    "model": "graph.edgecost",
    "pk": 305
},
{
    "fields": {
        "edge": "a2ac35a5c7ecbb8c14a8b3afdd1c46ae",
        "cost": 0.7892857142857144
    },
    "model": "graph.edgecost",
    "pk": 306
},
{
    "fields": {
        "edge": "a544467c4dc3b0e63f1e593a5640d7f5",
        "cost": 0.2
    },
    "model": "graph.edgecost",
    "pk": 307
},
{
    "fields": {
        "edge": "a75184a02271985af347be47f481689e",
        "cost": 0.861904761904762
    },
    "model": "graph.edgecost",
    "pk": 308
},
{
    "fields": {
        "edge": "a77f2ba58725d031c7c05057e38433d9",
        "cost": 0.4
    },
    "model": "graph.edgecost",
    "pk": 309
},
{
    "fields": {
        "edge": "d293ac494befb55f824cbbcb5a50548d",
        "cost": 0.1488095238095238
    },
    "model": "graph.edgecost",
    "pk": 310
},
{
    "fields": {
        "edge": "f6a1d75d0e4cad29dc0ed865c57e5bc7",
        "cost": 0.2619047619047619
    },
    "model": "graph.edgecost",
    "pk": 311
},
{
    "fields": {
        "edge": "f6bc2cf3992fa212aa35dd0cfb5008cb",
        "cost": 0.2
    },
    "model": "graph.edgecost",
    "pk": 312
},
{
    "fields": {
        "edge": "1184465dd4e350cd63c361038e0f9627",
        "cost": 0.16648267701936792
    },
    "model": "graph.edgecost",
    "pk": 313
},
{
    "fields": {
        "edge": "19ddc516c1fbea6ebd82a2180e583e40",
        "cost": 0.4061320660952882
    },
    "model": "graph.edgecost",
    "pk": 314
},
{
    "fields": {
        "edge": "42ec6bca6859d936eaac1aae8235f3f9",
        "cost": 0.5294117647058824
    },
    "model": "graph.edgecost",
    "pk": 315
},
{
    "fields": {
        "edge": "5fe9c893f17f9ad60f3dad201bdafb67",
        "cost": 0.24836296930692783
    },
    "model": "graph.edgecost",
    "pk": 316
},
{
    "fields": {
        "edge": "66552d93aade80180a124bcf35b67717",
        "cost": 0.4749435067229791
    },
    "model": "graph.edgecost",
    "pk": 317
},
{
    "fields": {
        "edge": "95ec207f537330fa3a4bbbebd767f4fd",
        "cost": 0.4749435067229791
    },
    "model": "graph.edgecost",
    "pk": 318
},
{
    "fields": {
        "edge": "a2ac35a5c7ecbb8c14a8b3afdd1c46ae",
        "cost": 0.7084340522842986
    },
    "model": "graph.edgecost",
    "pk": 319
},
{
    "fields": {
        "edge": "a544467c4dc3b0e63f1e593a5640d7f5",
        "cost": 0.16648267701936792
    },
    "model": "graph.edgecost",
    "pk": 320
},
{
    "fields": {
        "edge": "a75184a02271985af347be47f481689e",
        "cost": 0.8166224409927225
    },
    "model": "graph.edgecost",
    "pk": 321
},
{
    "fields": {
        "edge": "a77f2ba58725d031c7c05057e38433d9",
        "cost": 0.3455049645977841
    },
    "model": "graph.edgecost",
    "pk": 322
},
{
    "fields": {
        "edge": "d293ac494befb55f824cbbcb5a50548d",
        "cost": 0.23529411764705885
    },
    "model": "graph.edgecost",
    "pk": 323
},
{
    "fields": {
        "edge": "f6a1d75d0e4cad29dc0ed865c57e5bc7",
        "cost": 0.23529411764705885
    },
    "model": "graph.edgecost",
    "pk": 324
},
{
    "fields": {
        "edge": "f6bc2cf3992fa212aa35dd0cfb5008cb",
        "cost": 0.17902228757841618
    },
    "model": "graph.edgecost",
    "pk": 325
},
{
    "fields": {
        "edge": "1184465dd4e350cd63c361038e0f9627",
        "cost": 0.1516364236625122
    },
    "model": "graph.edgecost",
    "pk": 326
},
{
    "fields": {
        "edge": "19ddc516c1fbea6ebd82a2180e583e40",
        "cost": 0.375102622560072
    },
    "model": "graph.edgecost",
    "pk": 327
},
{
    "fields": {
        "edge": "42ec6bca6859d936eaac1aae8235f3f9",
        "cost": 0.5
    },
    "model": "graph.edgecost",
    "pk": 328
},
{
    "fields": {
        "edge": "5fe9c893f17f9ad60f3dad201bdafb67",
        "cost": 0.284509411552503
    },
    "model": "graph.edgecost",
    "pk": 329
},
{
    "fields": {
        "edge": "66552d93aade80180a124bcf35b67717",
        "cost": 0.4575087520890492
    },
    "model": "graph.edgecost",
    "pk": 330
},
{
    "fields": {
        "edge": "95ec207f537330fa3a4bbbebd767f4fd",
        "cost": 0.4575087520890492
    },
    "model": "graph.edgecost",
    "pk": 331
},
{
    "fields": {
        "edge": "a2ac35a5c7ecbb8c14a8b3afdd1c46ae",
        "cost": 0.6821095607005213
    },
    "model": "graph.edgecost",
    "pk": 332
},
{
    "fields": {
        "edge": "a544467c4dc3b0e63f1e593a5640d7f5",
        "cost": 0.1582784051869038
    },
    "model": "graph.edgecost",
    "pk": 333
},
{
    "fields": {
        "edge": "a75184a02271985af347be47f481689e",
        "cost": 0.8603816872104296
    },
    "model": "graph.edgecost",
    "pk": 334
},
{
    "fields": {
        "edge": "a77f2ba58725d031c7c05057e38433d9",
        "cost": 0.34038796588742515
    },
    "model": "graph.edgecost",
    "pk": 335
},
{
    "fields": {
        "edge": "d293ac494befb55f824cbbcb5a50548d",
        "cost": 0.23404255319148937
    },
    "model": "graph.edgecost",
    "pk": 336
},
{
    "fields": {
        "edge": "f6a1d75d0e4cad29dc0ed865c57e5bc7",
        "cost": 0.26595744680851063
    },
    "model": "graph.edgecost",
    "pk": 337
},
{
    "fields": {
        "edge": "f6bc2cf3992fa212aa35dd0cfb5008cb",
        "cost": 0.1821095607005213
    },
    "model": "graph.edgecost",
    "pk": 338
},
{
    "fields": {
        "edge": "1184465dd4e350cd63c361038e0f9627",
        "cost": 0.14061227862706002
    },
    "model": "graph.edgecost",
    "pk": 339
},
{
    "fields": {
        "edge": "19ddc516c1fbea6ebd82a2180e583e40",
        "cost": 0.3597683418407983
    },
    "model": "graph.edgecost",
    "pk": 340
},
{
    "fields": {
        "edge": "42ec6bca6859d936eaac1aae8235f3f9",
        "cost": 0.4893617021276596
    },
    "model": "graph.edgecost",
    "pk": 341
},
{
    "fields": {
        "edge": "5fe9c893f17f9ad60f3dad201bdafb67",
        "cost": 0.30342615776018217
    },
    "model": "graph.edgecost",
    "pk": 342
},
{
    "fields": {
        "edge": "66552d93aade80180a124bcf35b67717",
        "cost": 0.4531986164052277
    },
    "model": "graph.edgecost",
    "pk": 343
},
{
    "fields": {
        "edge": "95ec207f537330fa3a4bbbebd767f4fd",
        "cost": 0.4531986164052277
    },
    "model": "graph.edgecost",
    "pk": 344
},
{
    "fields": {
        "edge": "a2ac35a5c7ecbb8c14a8b3afdd1c46ae",
        "cost": 0.6769976035322973
    },
    "model": "graph.edgecost",
    "pk": 345
},
{
    "fields": {
        "edge": "a544467c4dc3b0e63f1e593a5640d7f5",
        "cost": 0.14916959899438184
    },
    "model": "graph.edgecost",
    "pk": 346
},
{
    "fields": {
        "edge": "a75184a02271985af347be47f481689e",
        "cost": 0.8698037800624752
    },
    "model": "graph.edgecost",
    "pk": 347
},
{
    "fields": {
        "edge": "a77f2ba58725d031c7c05057e38433d9",
        "cost": 0.3368055003990196
    },
    "model": "graph.edgecost",
    "pk": 348
},
{
    "fields": {
        "edge": "d293ac494befb55f824cbbcb5a50548d",
        "cost": 0.23404255319148937
    },
    "model": "graph.edgecost",
    "pk": 349
},
{
    "fields": {
        "edge": "f6a1d75d0e4cad29dc0ed865c57e5bc7",
        "cost": 0.2765957446808511
    },
    "model": "graph.edgecost",
    "pk": 350
},
{
    "fields": {
        "edge": "f6bc2cf3992fa212aa35dd0cfb5008cb",
        "cost": 0.1876359014046377
    },
    "model": "graph.edgecost",
    "pk": 351
},
{
    "fields": {
        "edge": "1184465dd4e350cd63c361038e0f9627",
        "cost": 0.13256581762132952
    },
    "model": "graph.edgecost",
    "pk": 352
},
{
    "fields": {
        "edge": "19ddc516c1fbea6ebd82a2180e583e40",
        "cost": 0.3502110710462743
    },
    "model": "graph.edgecost",
    "pk": 353
},
{
    "fields": {
        "edge": "42ec6bca6859d936eaac1aae8235f3f9",
        "cost": 0.48387096774193555
    },
    "model": "graph.edgecost",
    "pk": 354
},
{
    "fields": {
        "edge": "5fe9c893f17f9ad60f3dad201bdafb67",
        "cost": 0.31566719021533085
    },
    "model": "graph.edgecost",
    "pk": 355
},
{
    "fields": {
        "edge": "66552d93aade80180a124bcf35b67717",
        "cost": 0.45420439320989103
    },
    "model": "graph.edgecost",
    "pk": 356
},
{
    "fields": {
        "edge": "95ec207f537330fa3a4bbbebd767f4fd",
        "cost": 0.45420439320989103
    },
    "model": "graph.edgecost",
    "pk": 357
},
{
    "fields": {
        "edge": "a2ac35a5c7ecbb8c14a8b3afdd1c46ae",
        "cost": 0.6763426506326606
    },
    "model": "graph.edgecost",
    "pk": 358
},
{
    "fields": {
        "edge": "a544467c4dc3b0e63f1e593a5640d7f5",
        "cost": 0.14165005584767001
    },
    "model": "graph.edgecost",
    "pk": 359
},
{
    "fields": {
        "edge": "a75184a02271985af347be47f481689e",
        "cost": 0.8694529561574487
    },
    "model": "graph.edgecost",
    "pk": 360
},
{
    "fields": {
        "edge": "a77f2ba58725d031c7c05057e38433d9",
        "cost": 0.334121738738395
    },
    "model": "graph.edgecost",
    "pk": 361
},
{
    "fields": {
        "edge": "d293ac494befb55f824cbbcb5a50548d",
        "cost": 0.23655913978494625
    },
    "model": "graph.edgecost",
    "pk": 362
},
{
    "fields": {
        "edge": "f6a1d75d0e4cad29dc0ed865c57e5bc7",
        "cost": 0.2795698924731183
    },
    "model": "graph.edgecost",
    "pk": 363
},
{
    "fields": {
        "edge": "f6bc2cf3992fa212aa35dd0cfb5008cb",
        "cost": 0.19247168289072503
    },
    "model": "graph.edgecost",
    "pk": 364
},
{
    "fields": {
        "edge": "1184465dd4e350cd63c361038e0f9627",
        "cost": 0.12655043531095028
    },
    "model": "graph.edgecost",
    "pk": 365
},
{
    "fields": {
        "edge": "19ddc516c1fbea6ebd82a2180e583e40",
        "cost": 0.3432023067988079
    },
    "model": "graph.edgecost",
    "pk": 366
},
{
    "fields": {
        "edge": "42ec6bca6859d936eaac1aae8235f3f9",
        "cost": 0.48108108108108105
    },
    "model": "graph.edgecost",
    "pk": 367
},
{
    "fields": {
        "edge": "5fe9c893f17f9ad60f3dad201bdafb67",
        "cost": 0.32472668526893705
    },
    "model": "graph.edgecost",
    "pk": 368
},
{
    "fields": {
        "edge": "66552d93aade80180a124bcf35b67717",
        "cost": 0.45448970932569543
    },
    "model": "graph.edgecost",
    "pk": 369
},
{
    "fields": {
        "edge": "95ec207f537330fa3a4bbbebd767f4fd",
        "cost": 0.45448970932569543
    },
    "model": "graph.edgecost",
    "pk": 370
},
{
    "fields": {
        "edge": "a2ac35a5c7ecbb8c14a8b3afdd1c46ae",
        "cost": 0.677505341493938
    },
    "model": "graph.edgecost",
    "pk": 371
},
{
    "fields": {
        "edge": "a544467c4dc3b0e63f1e593a5640d7f5",
        "cost": 0.13564674751939806
    },
    "model": "graph.edgecost",
    "pk": 372
},
{
    "fields": {
        "edge": "a75184a02271985af347be47f481689e",
        "cost": 0.8680049491803665
    },
    "model": "graph.edgecost",
    "pk": 373
},
{
    "fields": {
        "edge": "a77f2ba58725d031c7c05057e38433d9",
        "cost": 0.332071007932255
    },
    "model": "graph.edgecost",
    "pk": 374
},
{
    "fields": {
        "edge": "d293ac494befb55f824cbbcb5a50548d",
        "cost": 0.23783783783783782
    },
    "model": "graph.edgecost",
    "pk": 375
},
{
    "fields": {
        "edge": "f6a1d75d0e4cad29dc0ed865c57e5bc7",
        "cost": 0.2810810810810811
    },
    "model": "graph.edgecost",
    "pk": 376
},
{
    "fields": {
        "edge": "f6bc2cf3992fa212aa35dd0cfb5008cb",
        "cost": 0.19642426041285696
    },
    "model": "graph.edgecost",
    "pk": 377
},
{
    "fields": {
        "edge": "1184465dd4e350cd63c361038e0f9627",
        "cost": 0.1218615739940856
    },
    "model": "graph.edgecost",
    "pk": 378
},
{
    "fields": {
        "edge": "19ddc516c1fbea6ebd82a2180e583e40",
        "cost": 0.33790358032683704
    },
    "model": "graph.edgecost",
    "pk": 379
},
{
    "fields": {
        "edge": "42ec6bca6859d936eaac1aae8235f3f9",
        "cost": 0.4782608695652174
    },
    "model": "graph.edgecost",
    "pk": 380
},
{
    "fields": {
        "edge": "5fe9c893f17f9ad60f3dad201bdafb67",
        "cost": 0.33176780251799737
    },
    "model": "graph.edgecost",
    "pk": 381
},
{
    "fields": {
        "edge": "66552d93aade80180a124bcf35b67717",
        "cost": 0.45517244111536015
    },
    "model": "graph.edgecost",
    "pk": 382
},
{
    "fields": {
        "edge": "95ec207f537330fa3a4bbbebd767f4fd",
        "cost": 0.45517244111536015
    },
    "model": "graph.edgecost",
    "pk": 383
},
{
    "fields": {
        "edge": "a2ac35a5c7ecbb8c14a8b3afdd1c46ae",
        "cost": 0.6778600686774136
    },
    "model": "graph.edgecost",
    "pk": 384
},
{
    "fields": {
        "edge": "a544467c4dc3b0e63f1e593a5640d7f5",
        "cost": 0.1307294180429695
    },
    "model": "graph.edgecost",
    "pk": 385
},
{
    "fields": {
        "edge": "a75184a02271985af347be47f481689e",
        "cost": 0.8669674902072264
    },
    "model": "graph.edgecost",
    "pk": 386
},
{
    "fields": {
        "edge": "a77f2ba58725d031c7c05057e38433d9",
        "cost": 0.33032861715516565
    },
    "model": "graph.edgecost",
    "pk": 387
},
{
    "fields": {
        "edge": "d293ac494befb55f824cbbcb5a50548d",
        "cost": 0.2391304347826087
    },
    "model": "graph.edgecost",
    "pk": 388
},
{
    "fields": {
        "edge": "f6a1d75d0e4cad29dc0ed865c57e5bc7",
        "cost": 0.28260869565217395
    },
    "model": "graph.edgecost",
    "pk": 389
},
{
    "fields": {
        "edge": "f6bc2cf3992fa212aa35dd0cfb5008cb",
        "cost": 0.19959919911219615
    },
    "model": "graph.edgecost",
    "pk": 390
},
{
    "fields": {
        "edge": "1184465dd4e350cd63c361038e0f9627",
        "cost": 0.11807560074169235
    },
    "model": "graph.edgecost",
    "pk": 391
},
{
    "fields": {
        "edge": "19ddc516c1fbea6ebd82a2180e583e40",
        "cost": 0.33370828783419876
    },
    "model": "graph.edgecost",
    "pk": 392
},
{
    "fields": {
        "edge": "42ec6bca6859d936eaac1aae8235f3f9",
        "cost": 0.47540983606557374
    },
    "model": "graph.edgecost",
    "pk": 393
},
{
    "fields": {
        "edge": "5fe9c893f17f9ad60f3dad201bdafb67",
        "cost": 0.3373945875228593
    },
    "model": "graph.edgecost",
    "pk": 394
},
{
    "fields": {
        "edge": "66552d93aade80180a124bcf35b67717",
        "cost": 0.4560698455624518
    },
    "model": "graph.edgecost",
    "pk": 395
},
{
    "fields": {
        "edge": "95ec207f537330fa3a4bbbebd767f4fd",
        "cost": 0.4560698455624518
    },
    "model": "graph.edgecost",
    "pk": 396
},
{
    "fields": {
        "edge": "a2ac35a5c7ecbb8c14a8b3afdd1c46ae",
        "cost": 0.6777009033060777
    },
    "model": "graph.edgecost",
    "pk": 397
},
{
    "fields": {
        "edge": "a544467c4dc3b0e63f1e593a5640d7f5",
        "cost": 0.126606057402438
    },
    "model": "graph.edgecost",
    "pk": 398
},
{
    "fields": {
        "edge": "a75184a02271985af347be47f481689e",
        "cost": 0.8662292511314705
    },
    "model": "graph.edgecost",
    "pk": 399
},
{
    "fields": {
        "edge": "a77f2ba58725d031c7c05057e38433d9",
        "cost": 0.32889712464294196
    },
    "model": "graph.edgecost",
    "pk": 400
},
{
    "fields": {
        "edge": "d293ac494befb55f824cbbcb5a50548d",
        "cost": 0.24043715846994534
    },
    "model": "graph.edgecost",
    "pk": 401
},
{
    "fields": {
        "edge": "f6a1d75d0e4cad29dc0ed865c57e5bc7",
        "cost": 0.28415300546448086
    },
    "model": "graph.edgecost",
    "pk": 402
},
{
    "fields": {
        "edge": "f6bc2cf3992fa212aa35dd0cfb5008cb",
        "cost": 0.20229106724050394
    },
    "model": "graph.edgecost",
    "pk": 403
},
{
    "fields": {
        "edge": "1184465dd4e350cd63c361038e0f9627",
        "cost": 0.11493913109293014
    },
    "model": "graph.edgecost",
    "pk": 404
},
{
    "fields": {
        "edge": "19ddc516c1fbea6ebd82a2180e583e40",
        "cost": 0.33026838377153017
    },
    "model": "graph.edgecost",
    "pk": 405
},
{
    "fields": {
        "edge": "42ec6bca6859d936eaac1aae8235f3f9",
        "cost": 0.47540983606557374
    },
    "model": "graph.edgecost",
    "pk": 406
},
{
    "fields": {
        "edge": "5fe9c893f17f9ad60f3dad201bdafb67",
        "cost": 0.34198724577858347
    },
    "model": "graph.edgecost",
    "pk": 407
},
{
    "fields": {
        "edge": "66552d93aade80180a124bcf35b67717",
        "cost": 0.4557664111485454
    },
    "model": "graph.edgecost",
    "pk": 408
},
{
    "fields": {
        "edge": "95ec207f537330fa3a4bbbebd767f4fd",
        "cost": 0.4557664111485454
    },
    "model": "graph.edgecost",
    "pk": 409
},
{
    "fields": {
        "edge": "a2ac35a5c7ecbb8c14a8b3afdd1c46ae",
        "cost": 0.6800731694510708
    },
    "model": "graph.edgecost",
    "pk": 410
},
{
    "fields": {
        "edge": "a544467c4dc3b0e63f1e593a5640d7f5",
        "cost": 0.12308103706438935
    },
    "model": "graph.edgecost",
    "pk": 411
},
{
    "fields": {
        "edge": "a75184a02271985af347be47f481689e",
        "cost": 0.8641604194003838
    },
    "model": "graph.edgecost",
    "pk": 412
},
{
    "fields": {
        "edge": "a77f2ba58725d031c7c05057e38433d9",
        "cost": 0.32774437044988636
    },
    "model": "graph.edgecost",
    "pk": 413
},
{
    "fields": {
        "edge": "d293ac494befb55f824cbbcb5a50548d",
        "cost": 0.24043715846994534
    },
    "model": "graph.edgecost",
    "pk": 414
},
{
    "fields": {
        "edge": "f6a1d75d0e4cad29dc0ed865c57e5bc7",
        "cost": 0.28415300546448086
    },
    "model": "graph.edgecost",
    "pk": 415
},
{
    "fields": {
        "edge": "f6bc2cf3992fa212aa35dd0cfb5008cb",
        "cost": 0.20466333338549703
    },
    "model": "graph.edgecost",
    "pk": 416
},
{
    "fields": {
        "edge": "1184465dd4e350cd63c361038e0f9627",
        "cost": 0.11231505517487148
    },
    "model": "graph.edgecost",
    "pk": 417
},
{
    "fields": {
        "edge": "19ddc516c1fbea6ebd82a2180e583e40",
        "cost": 0.3275210594344705
    },
    "model": "graph.edgecost",
    "pk": 418
},
{
    "fields": {
        "edge": "42ec6bca6859d936eaac1aae8235f3f9",
        "cost": 0.47540983606557374
    },
    "model": "graph.edgecost",
    "pk": 419
},
{
    "fields": {
        "edge": "5fe9c893f17f9ad60f3dad201bdafb67",
        "cost": 0.34587776114911195
    },
    "model": "graph.edgecost",
    "pk": 420
},
{
    "fields": {
        "edge": "66552d93aade80180a124bcf35b67717",
        "cost": 0.4556431627295444
    },
    "model": "graph.edgecost",
    "pk": 421
},
{
    "fields": {
        "edge": "95ec207f537330fa3a4bbbebd767f4fd",
        "cost": 0.4556431627295444
    },
    "model": "graph.edgecost",
    "pk": 422
},
{
    "fields": {
        "edge": "a2ac35a5c7ecbb8c14a8b3afdd1c46ae",
        "cost": 0.681964947741742
    },
    "model": "graph.edgecost",
    "pk": 423
},
{
    "fields": {
        "edge": "a544467c4dc3b0e63f1e593a5640d7f5",
        "cost": 0.12004606774024919
    },
    "model": "graph.edgecost",
    "pk": 424
},
{
    "fields": {
        "edge": "a75184a02271985af347be47f481689e",
        "cost": 0.8623918895287135
    },
    "model": "graph.edgecost",
    "pk": 425
},
{
    "fields": {
        "edge": "a77f2ba58725d031c7c05057e38433d9",
        "cost": 0.3266011794164174
    },
    "model": "graph.edgecost",
    "pk": 426
},
{
    "fields": {
        "edge": "d293ac494befb55f824cbbcb5a50548d",
        "cost": 0.24043715846994534
    },
    "model": "graph.edgecost",
    "pk": 427
},
{
    "fields": {
        "edge": "f6a1d75d0e4cad29dc0ed865c57e5bc7",
        "cost": 0.28415300546448086
    },
    "model": "graph.edgecost",
    "pk": 428
},
{
    "fields": {
        "edge": "f6bc2cf3992fa212aa35dd0cfb5008cb",
        "cost": 0.20655511167616825
    },
    "model": "graph.edgecost",
    "pk": 429
},
{
    "fields": {
        "edge": "1184465dd4e350cd63c361038e0f9627",
        "cost": 0.11008030537766572
    },
    "model": "graph.edgecost",
    "pk": 430
},
{
    "fields": {
        "edge": "19ddc516c1fbea6ebd82a2180e583e40",
        "cost": 0.32527718384780446
    },
    "model": "graph.edgecost",
    "pk": 431
},
{
    "fields": {
        "edge": "42ec6bca6859d936eaac1aae8235f3f9",
        "cost": 0.4728260869565218
    },
    "model": "graph.edgecost",
    "pk": 432
},
{
    "fields": {
        "edge": "5fe9c893f17f9ad60f3dad201bdafb67",
        "cost": 0.3492192312748994
    },
    "model": "graph.edgecost",
    "pk": 433
},
{
    "fields": {
        "edge": "66552d93aade80180a124bcf35b67717",
        "cost": 0.45432731325274744
    },
    "model": "graph.edgecost",
    "pk": 434
},
{
    "fields": {
        "edge": "95ec207f537330fa3a4bbbebd767f4fd",
        "cost": 0.45432731325274744
    },
    "model": "graph.edgecost",
    "pk": 435
},
{
    "fields": {
        "edge": "a2ac35a5c7ecbb8c14a8b3afdd1c46ae",
        "cost": 0.6809253251615661
    },
    "model": "graph.edgecost",
    "pk": 436
},
{
    "fields": {
        "edge": "a544467c4dc3b0e63f1e593a5640d7f5",
        "cost": 0.11740434667225177
    },
    "model": "graph.edgecost",
    "pk": 437
},
{
    "fields": {
        "edge": "a75184a02271985af347be47f481689e",
        "cost": 0.8647473615856865
    },
    "model": "graph.edgecost",
    "pk": 438
},
{
    "fields": {
        "edge": "a77f2ba58725d031c7c05057e38433d9",
        "cost": 0.32550358487729614
    },
    "model": "graph.edgecost",
    "pk": 439
},
{
    "fields": {
        "edge": "d293ac494befb55f824cbbcb5a50548d",
        "cost": 0.2391304347826087
    },
    "model": "graph.edgecost",
    "pk": 440
},
{
    "fields": {
        "edge": "f6a1d75d0e4cad29dc0ed865c57e5bc7",
        "cost": 0.2880434782608696
    },
    "model": "graph.edgecost",
    "pk": 441
},
{
    "fields": {
        "edge": "f6bc2cf3992fa212aa35dd0cfb5008cb",
        "cost": 0.2080992382050444
    },
    "model": "graph.edgecost",
    "pk": 442
},
{
    "fields": {
        "edge": "1184465dd4e350cd63c361038e0f9627",
        "cost": 0.7
    },
    "model": "graph.edgecost",
    "pk": 443
},
{
    "fields": {
        "edge": "19ddc516c1fbea6ebd82a2180e583e40",
        "cost": 0.4
    },
    "model": "graph.edgecost",
    "pk": 444
},
{
    "fields": {
        "edge": "42ec6bca6859d936eaac1aae8235f3f9",
        "cost": 0.0
    },
    "model": "graph.edgecost",
    "pk": 445
},
{
    "fields": {
        "edge": "5fe9c893f17f9ad60f3dad201bdafb67",
        "cost": 0.2
    },
    "model": "graph.edgecost",
    "pk": 446
},
{
    "fields": {
        "edge": "66552d93aade80180a124bcf35b67717",
        "cost": 0.45
    },
    "model": "graph.edgecost",
    "pk": 447
},
{
    "fields": {
        "edge": "95ec207f537330fa3a4bbbebd767f4fd",
        "cost": 0.45
    },
    "model": "graph.edgecost",
    "pk": 448
},
{
    "fields": {
        "edge": "a2ac35a5c7ecbb8c14a8b3afdd1c46ae",
        "cost": 0.2
    },
    "model": "graph.edgecost",
    "pk": 449
},
{
    "fields": {
        "edge": "a544467c4dc3b0e63f1e593a5640d7f5",
        "cost": 0.2
    },
    "model": "graph.edgecost",
    "pk": 450
},
{
    "fields": {
        "edge": "a75184a02271985af347be47f481689e",
        "cost": 1.35
    },
    "model": "graph.edgecost",
    "pk": 451
},
{
    "fields": {
        "edge": "a77f2ba58725d031c7c05057e38433d9",
        "cost": 0.4
    },
    "model": "graph.edgecost",
    "pk": 452
},
{
    "fields": {
        "edge": "d293ac494befb55f824cbbcb5a50548d",
        "cost": 0.75
    },
    "model": "graph.edgecost",
    "pk": 453
},
{
    "fields": {
        "edge": "f6a1d75d0e4cad29dc0ed865c57e5bc7",
        "cost": 0.25
    },
    "model": "graph.edgecost",
    "pk": 454
},
{
    "fields": {
        "edge": "f6bc2cf3992fa212aa35dd0cfb5008cb",
        "cost": 0.2
    },
    "model": "graph.edgecost",
    "pk": 455
},
{
    "fields": {
        "edge": "1184465dd4e350cd63c361038e0f9627",
        "cost": 0.574219780595055
    },
    "model": "graph.edgecost",
    "pk": 456
},
{
    "fields": {
        "edge": "19ddc516c1fbea6ebd82a2180e583e40",
        "cost": 0.30862016542908766
    },
    "model": "graph.edgecost",
    "pk": 457
},
{
    "fields": {
        "edge": "42ec6bca6859d936eaac1aae8235f3f9",
        "cost": 0.0
    },
    "model": "graph.edgecost",
    "pk": 458
},
{
    "fields": {
        "edge": "5fe9c893f17f9ad60f3dad201bdafb67",
        "cost": 0.1825512032609833
    },
    "model": "graph.edgecost",
    "pk": 459
},
{
    "fields": {
        "edge": "66552d93aade80180a124bcf35b67717",
        "cost": 0.4844003848340327
    },
    "model": "graph.edgecost",
    "pk": 460
},
{
    "fields": {
        "edge": "95ec207f537330fa3a4bbbebd767f4fd",
        "cost": 0.4844003848340327
    },
    "model": "graph.edgecost",
    "pk": 461
},
{
    "fields": {
        "edge": "a2ac35a5c7ecbb8c14a8b3afdd1c46ae",
        "cost": 0.3864609003361654
    },
    "model": "graph.edgecost",
    "pk": 462
},
{
    "fields": {
        "edge": "a544467c4dc3b0e63f1e593a5640d7f5",
        "cost": 0.12236773097376365
    },
    "model": "graph.edgecost",
    "pk": 463
},
{
    "fields": {
        "edge": "a75184a02271985af347be47f481689e",
        "cost": 1.1291387148298018
    },
    "model": "graph.edgecost",
    "pk": 464
},
{
    "fields": {
        "edge": "a77f2ba58725d031c7c05057e38433d9",
        "cost": 0.5088286313099291
    },
    "model": "graph.edgecost",
    "pk": 465
},
{
    "fields": {
        "edge": "d293ac494befb55f824cbbcb5a50548d",
        "cost": 0.75
    },
    "model": "graph.edgecost",
    "pk": 466
},
{
    "fields": {
        "edge": "f6a1d75d0e4cad29dc0ed865c57e5bc7",
        "cost": 0.25
    },
    "model": "graph.edgecost",
    "pk": 467
},
{
    "fields": {
        "edge": "f6bc2cf3992fa212aa35dd0cfb5008cb",
        "cost": 0.3864609003361654
    },
    "model": "graph.edgecost",
    "pk": 468
},
{
    "fields": {
        "edge": "1184465dd4e350cd63c361038e0f9627",
        "cost": 0.5475264448977727
    },
    "model": "graph.edgecost",
    "pk": 469
},
{
    "fields": {
        "edge": "19ddc516c1fbea6ebd82a2180e583e40",
        "cost": 0.299846171547592
    },
    "model": "graph.edgecost",
    "pk": 470
},
{
    "fields": {
        "edge": "42ec6bca6859d936eaac1aae8235f3f9",
        "cost": 0.0
    },
    "model": "graph.edgecost",
    "pk": 471
},
{
    "fields": {
        "edge": "5fe9c893f17f9ad60f3dad201bdafb67",
        "cost": 0.19180231065889566
    },
    "model": "graph.edgecost",
    "pk": 472
},
{
    "fields": {
        "edge": "66552d93aade80180a124bcf35b67717",
        "cost": 0.5023197266498194
    },
    "model": "graph.edgecost",
    "pk": 473
},
{
    "fields": {
        "edge": "95ec207f537330fa3a4bbbebd767f4fd",
        "cost": 0.5023197266498194
    },
    "model": "graph.edgecost",
    "pk": 474
},
{
    "fields": {
        "edge": "a2ac35a5c7ecbb8c14a8b3afdd1c46ae",
        "cost": 0.414733283502084
    },
    "model": "graph.edgecost",
    "pk": 475
},
{
    "fields": {
        "edge": "a544467c4dc3b0e63f1e593a5640d7f5",
        "cost": 0.09361823429142824
    },
    "model": "graph.edgecost",
    "pk": 476
},
{
    "fields": {
        "edge": "a75184a02271985af347be47f481689e",
        "cost": 1.0829469898480966
    },
    "model": "graph.edgecost",
    "pk": 477
},
{
    "fields": {
        "edge": "a77f2ba58725d031c7c05057e38433d9",
        "cost": 0.5083515177935123
    },
    "model": "graph.edgecost",
    "pk": 478
},
{
    "fields": {
        "edge": "d293ac494befb55f824cbbcb5a50548d",
        "cost": 0.75
    },
    "model": "graph.edgecost",
    "pk": 479
},
{
    "fields": {
        "edge": "f6a1d75d0e4cad29dc0ed865c57e5bc7",
        "cost": 0.25
    },
    "model": "graph.edgecost",
    "pk": 480
},
{
    "fields": {
        "edge": "f6bc2cf3992fa212aa35dd0cfb5008cb",
        "cost": 0.414733283502084
    },
    "model": "graph.edgecost",
    "pk": 481
},
{
    "fields": {
        "edge": "1184465dd4e350cd63c361038e0f9627",
        "cost": 0.5344027781688665
    },
    "model": "graph.edgecost",
    "pk": 482
},
{
    "fields": {
        "edge": "19ddc516c1fbea6ebd82a2180e583e40",
        "cost": 0.2965414088478301
    },
    "model": "graph.edgecost",
    "pk": 483
},
{
    "fields": {
        "edge": "42ec6bca6859d936eaac1aae8235f3f9",
        "cost": 0.0
    },
    "model": "graph.edgecost",
    "pk": 484
},
{
    "fields": {
        "edge": "5fe9c893f17f9ad60f3dad201bdafb67",
        "cost": 0.2027168004110353
    },
    "model": "graph.edgecost",
    "pk": 485
},
{
    "fields": {
        "edge": "66552d93aade80180a124bcf35b67717",
        "cost": 0.5121386306789636
    },
    "model": "graph.edgecost",
    "pk": 486
},
{
    "fields": {
        "edge": "95ec207f537330fa3a4bbbebd767f4fd",
        "cost": 0.5121386306789636
    },
    "model": "graph.edgecost",
    "pk": 487
},
{
    "fields": {
        "edge": "a2ac35a5c7ecbb8c14a8b3afdd1c46ae",
        "cost": 0.42265978608637644
    },
    "model": "graph.edgecost",
    "pk": 488
},
{
    "fields": {
        "edge": "a544467c4dc3b0e63f1e593a5640d7f5",
        "cost": 0.0780820046547582
    },
    "model": "graph.edgecost",
    "pk": 489
},
{
    "fields": {
        "edge": "a75184a02271985af347be47f481689e",
        "cost": 1.06520158323466
    },
    "model": "graph.edgecost",
    "pk": 490
},
{
    "fields": {
        "edge": "a77f2ba58725d031c7c05057e38433d9",
        "cost": 0.5007417907411347
    },
    "model": "graph.edgecost",
    "pk": 491
},
{
    "fields": {
        "edge": "d293ac494befb55f824cbbcb5a50548d",
        "cost": 0.75
    },
    "model": "graph.edgecost",
    "pk": 492
},
{
    "fields": {
        "edge": "f6a1d75d0e4cad29dc0ed865c57e5bc7",
        "cost": 0.25
    },
    "model": "graph.edgecost",
    "pk": 493
},
{
    "fields": {
        "edge": "f6bc2cf3992fa212aa35dd0cfb5008cb",
        "cost": 0.42265978608637644
    },
    "model": "graph.edgecost",
    "pk": 494
},
{
    "fields": {
        "edge": "1184465dd4e350cd63c361038e0f9627",
        "cost": 0.42633235016210774
    },
    "model": "graph.edgecost",
    "pk": 495
},
{
    "fields": {
        "edge": "19ddc516c1fbea6ebd82a2180e583e40",
        "cost": 0.2938533170677615
    },
    "model": "graph.edgecost",
    "pk": 496
},
{
    "fields": {
        "edge": "42ec6bca6859d936eaac1aae8235f3f9",
        "cost": 0.0
    },
    "model": "graph.edgecost",
    "pk": 497
},
{
    "fields": {
        "edge": "5fe9c893f17f9ad60f3dad201bdafb67",
        "cost": 0.21242405411903106
    },
    "model": "graph.edgecost",
    "pk": 498
},
{
    "fields": {
        "edge": "66552d93aade80180a124bcf35b67717",
        "cost": 0.6675209669056539
    },
    "model": "graph.edgecost",
    "pk": 499
},
{
    "fields": {
        "edge": "95ec207f537330fa3a4bbbebd767f4fd",
        "cost": 0.6675209669056539
    },
    "model": "graph.edgecost",
    "pk": 500
},
{
    "fields": {
        "edge": "a2ac35a5c7ecbb8c14a8b3afdd1c46ae",
        "cost": 0.425928152752282
    },
    "model": "graph.edgecost",
    "pk": 501
},
{
    "fields": {
        "edge": "a544467c4dc3b0e63f1e593a5640d7f5",
        "cost": 0.06779447606092545
    },
    "model": "graph.edgecost",
    "pk": 502
},
{
    "fields": {
        "edge": "a75184a02271985af347be47f481689e",
        "cost": 0.9065508803420643
    },
    "model": "graph.edgecost",
    "pk": 503
},
{
    "fields": {
        "edge": "a77f2ba58725d031c7c05057e38433d9",
        "cost": 0.4937226288132075
    },
    "model": "graph.edgecost",
    "pk": 504
},
{
    "fields": {
        "edge": "d293ac494befb55f824cbbcb5a50548d",
        "cost": 0.8
    },
    "model": "graph.edgecost",
    "pk": 505
},
{
    "fields": {
        "edge": "f6a1d75d0e4cad29dc0ed865c57e5bc7",
        "cost": 0.2
    },
    "model": "graph.edgecost",
    "pk": 506
},
{
    "fields": {
        "edge": "f6bc2cf3992fa212aa35dd0cfb5008cb",
        "cost": 0.425928152752282
    },
    "model": "graph.edgecost",
    "pk": 507
},
{
    "fields": {
        "edge": "1184465dd4e350cd63c361038e0f9627",
        "cost": 0.42359640014701944
    },
    "model": "graph.edgecost",
    "pk": 508
},
{
    "fields": {
        "edge": "19ddc516c1fbea6ebd82a2180e583e40",
        "cost": 0.26309042773078944
    },
    "model": "graph.edgecost",
    "pk": 509
},
{
    "fields": {
        "edge": "42ec6bca6859d936eaac1aae8235f3f9",
        "cost": 0.0
    },
    "model": "graph.edgecost",
    "pk": 510
},
{
    "fields": {
        "edge": "5fe9c893f17f9ad60f3dad201bdafb67",
        "cost": 0.23887929094228652
    },
    "model": "graph.edgecost",
    "pk": 511
},
{
    "fields": {
        "edge": "66552d93aade80180a124bcf35b67717",
        "cost": 0.63949402758377
    },
    "model": "graph.edgecost",
    "pk": 512
},
{
    "fields": {
        "edge": "95ec207f537330fa3a4bbbebd767f4fd",
        "cost": 0.63949402758377
    },
    "model": "graph.edgecost",
    "pk": 513
},
{
    "fields": {
        "edge": "a2ac35a5c7ecbb8c14a8b3afdd1c46ae",
        "cost": 0.43281228861958476
    },
    "model": "graph.edgecost",
    "pk": 514
},
{
    "fields": {
        "edge": "a544467c4dc3b0e63f1e593a5640d7f5",
        "cost": 0.06521799270733937
    },
    "model": "graph.edgecost",
    "pk": 515
},
{
    "fields": {
        "edge": "a75184a02271985af347be47f481689e",
        "cost": 0.9276936837966454
    },
    "model": "graph.edgecost",
    "pk": 516
},
{
    "fields": {
        "edge": "a77f2ba58725d031c7c05057e38433d9",
        "cost": 0.4980302813269241
    },
    "model": "graph.edgecost",
    "pk": 517
},
{
    "fields": {
        "edge": "d293ac494befb55f824cbbcb5a50548d",
        "cost": 0.8
    },
    "model": "graph.edgecost",
    "pk": 518
},
{
    "fields": {
        "edge": "f6a1d75d0e4cad29dc0ed865c57e5bc7",
        "cost": 0.2
    },
    "model": "graph.edgecost",
    "pk": 519
},
{
    "fields": {
        "edge": "f6bc2cf3992fa212aa35dd0cfb5008cb",
        "cost": 0.43281228861958476
    },
    "model": "graph.edgecost",
    "pk": 520
},
{
    "fields": {
        "edge": "1184465dd4e350cd63c361038e0f9627",
        "cost": 0.42135204767346657
    },
    "model": "graph.edgecost",
    "pk": 521
},
{
    "fields": {
        "edge": "19ddc516c1fbea6ebd82a2180e583e40",
        "cost": 0.2445589467234348
    },
    "model": "graph.edgecost",
    "pk": 522
},
{
    "fields": {
        "edge": "42ec6bca6859d936eaac1aae8235f3f9",
        "cost": 0.0
    },
    "model": "graph.edgecost",
    "pk": 523
},
{
    "fields": {
        "edge": "5fe9c893f17f9ad60f3dad201bdafb67",
        "cost": 0.2595186340453786
    },
    "model": "graph.edgecost",
    "pk": 524
},
{
    "fields": {
        "edge": "66552d93aade80180a124bcf35b67717",
        "cost": 0.6232068990499683
    },
    "model": "graph.edgecost",
    "pk": 525
},
{
    "fields": {
        "edge": "95ec207f537330fa3a4bbbebd767f4fd",
        "cost": 0.6232068990499683
    },
    "model": "graph.edgecost",
    "pk": 526
},
{
    "fields": {
        "edge": "a2ac35a5c7ecbb8c14a8b3afdd1c46ae",
        "cost": 0.43385740502863074
    },
    "model": "graph.edgecost",
    "pk": 527
},
{
    "fields": {
        "edge": "a544467c4dc3b0e63f1e593a5640d7f5",
        "cost": 0.06206501420255582
    },
    "model": "graph.edgecost",
    "pk": 528
},
{
    "fields": {
        "edge": "a75184a02271985af347be47f481689e",
        "cost": 0.942935695921401
    },
    "model": "graph.edgecost",
    "pk": 529
},
{
    "fields": {
        "edge": "a77f2ba58725d031c7c05057e38433d9",
        "cost": 0.4959224192311866
    },
    "model": "graph.edgecost",
    "pk": 530
},
{
    "fields": {
        "edge": "d293ac494befb55f824cbbcb5a50548d",
        "cost": 0.8
    },
    "model": "graph.edgecost",
    "pk": 531
},
{
    "fields": {
        "edge": "f6a1d75d0e4cad29dc0ed865c57e5bc7",
        "cost": 0.2
    },
    "model": "graph.edgecost",
    "pk": 532
},
{
    "fields": {
        "edge": "f6bc2cf3992fa212aa35dd0cfb5008cb",
        "cost": 0.43385740502863074
    },
    "model": "graph.edgecost",
    "pk": 533
},
{
    "fields": {
        "edge": "1184465dd4e350cd63c361038e0f9627",
        "cost": 0.4194467943149202
    },
    "model": "graph.edgecost",
    "pk": 534
},
{
    "fields": {
        "edge": "19ddc516c1fbea6ebd82a2180e583e40",
        "cost": 0.231998631512494
    },
    "model": "graph.edgecost",
    "pk": 535
},
{
    "fields": {
        "edge": "42ec6bca6859d936eaac1aae8235f3f9",
        "cost": 0.0
    },
    "model": "graph.edgecost",
    "pk": 536
},
{
    "fields": {
        "edge": "5fe9c893f17f9ad60f3dad201bdafb67",
        "cost": 0.27560397903887174
    },
    "model": "graph.edgecost",
    "pk": 537
},
{
    "fields": {
        "edge": "66552d93aade80180a124bcf35b67717",
        "cost": 0.6125518371975738
    },
    "model": "graph.edgecost",
    "pk": 538
},
{
    "fields": {
        "edge": "95ec207f537330fa3a4bbbebd767f4fd",
        "cost": 0.6125518371975738
    },
    "model": "graph.edgecost",
    "pk": 539
},
{
    "fields": {
        "edge": "a2ac35a5c7ecbb8c14a8b3afdd1c46ae",
        "cost": 0.4335169864635381
    },
    "model": "graph.edgecost",
    "pk": 540
},
{
    "fields": {
        "edge": "a544467c4dc3b0e63f1e593a5640d7f5",
        "cost": 0.058880402985096184
    },
    "model": "graph.edgecost",
    "pk": 541
},
{
    "fields": {
        "edge": "a75184a02271985af347be47f481689e",
        "cost": 0.9539311763388882
    },
    "model": "graph.edgecost",
    "pk": 542
},
{
    "fields": {
        "edge": "a77f2ba58725d031c7c05057e38433d9",
        "cost": 0.49239738944863426
    },
    "model": "graph.edgecost",
    "pk": 543
},
{
    "fields": {
        "edge": "d293ac494befb55f824cbbcb5a50548d",
        "cost": 0.8
    },
    "model": "graph.edgecost",
    "pk": 544
},
{
    "fields": {
        "edge": "f6a1d75d0e4cad29dc0ed865c57e5bc7",
        "cost": 0.2
    },
    "model": "graph.edgecost",
    "pk": 545
},
{
    "fields": {
        "edge": "f6bc2cf3992fa212aa35dd0cfb5008cb",
        "cost": 0.4335169864635381
    },
    "model": "graph.edgecost",
    "pk": 546
},
{
    "fields": {
        "edge": "1184465dd4e350cd63c361038e0f9627",
        "cost": 0.4178065743665546
    },
    "model": "graph.edgecost",
    "pk": 547
},
{
    "fields": {
        "edge": "19ddc516c1fbea6ebd82a2180e583e40",
        "cost": 0.22290587892409927
    },
    "model": "graph.edgecost",
    "pk": 548
},
{
    "fields": {
        "edge": "42ec6bca6859d936eaac1aae8235f3f9",
        "cost": 0.0
    },
    "model": "graph.edgecost",
    "pk": 549
},
{
    "fields": {
        "edge": "5fe9c893f17f9ad60f3dad201bdafb67",
        "cost": 0.2882218483519679
    },
    "model": "graph.edgecost",
    "pk": 550
},
{
    "fields": {
        "edge": "66552d93aade80180a124bcf35b67717",
        "cost": 0.6050993045575447
    },
    "model": "graph.edgecost",
    "pk": 551
},
{
    "fields": {
        "edge": "95ec207f537330fa3a4bbbebd767f4fd",
        "cost": 0.6050993045575447
    },
    "model": "graph.edgecost",
    "pk": 552
},
{
    "fields": {
        "edge": "a2ac35a5c7ecbb8c14a8b3afdd1c46ae",
        "cost": 0.433014514885622
    },
    "model": "graph.edgecost",
    "pk": 553
},
{
    "fields": {
        "edge": "a544467c4dc3b0e63f1e593a5640d7f5",
        "cost": 0.055857757838310894
    },
    "model": "graph.edgecost",
    "pk": 554
},
{
    "fields": {
        "edge": "a75184a02271985af347be47f481689e",
        "cost": 0.9618861805568335
    },
    "model": "graph.edgecost",
    "pk": 555
},
{
    "fields": {
        "edge": "a77f2ba58725d031c7c05057e38433d9",
        "cost": 0.48887227272393285
    },
    "model": "graph.edgecost",
    "pk": 556
},
{
    "fields": {
        "edge": "d293ac494befb55f824cbbcb5a50548d",
        "cost": 0.8
    },
    "model": "graph.edgecost",
    "pk": 557
},
{
    "fields": {
        "edge": "f6a1d75d0e4cad29dc0ed865c57e5bc7",
        "cost": 0.2
    },
    "model": "graph.edgecost",
    "pk": 558
},
{
    "fields": {
        "edge": "f6bc2cf3992fa212aa35dd0cfb5008cb",
        "cost": 0.433014514885622
    },
    "model": "graph.edgecost",
    "pk": 559
},
{
    "fields": {
        "edge": "1184465dd4e350cd63c361038e0f9627",
        "cost": 0.41638226904391623
    },
    "model": "graph.edgecost",
    "pk": 560
},
{
    "fields": {
        "edge": "19ddc516c1fbea6ebd82a2180e583e40",
        "cost": 0.21604391855731067
    },
    "model": "graph.edgecost",
    "pk": 561
},
{
    "fields": {
        "edge": "42ec6bca6859d936eaac1aae8235f3f9",
        "cost": 0.0
    },
    "model": "graph.edgecost",
    "pk": 562
},
{
    "fields": {
        "edge": "5fe9c893f17f9ad60f3dad201bdafb67",
        "cost": 0.2982282751497502
    },
    "model": "graph.edgecost",
    "pk": 563
},
{
    "fields": {
        "edge": "66552d93aade80180a124bcf35b67717",
        "cost": 0.5996616495133944
    },
    "model": "graph.edgecost",
    "pk": 564
},
{
    "fields": {
        "edge": "95ec207f537330fa3a4bbbebd767f4fd",
        "cost": 0.5996616495133944
    },
    "model": "graph.edgecost",
    "pk": 565
},
{
    "fields": {
        "edge": "a2ac35a5c7ecbb8c14a8b3afdd1c46ae",
        "cost": 0.4326672188347795
    },
    "model": "graph.edgecost",
    "pk": 566
},
{
    "fields": {
        "edge": "a544467c4dc3b0e63f1e593a5640d7f5",
        "cost": 0.05306058745815967
    },
    "model": "graph.edgecost",
    "pk": 567
},
{
    "fields": {
        "edge": "a75184a02271985af347be47f481689e",
        "cost": 0.967671131651826
    },
    "model": "graph.edgecost",
    "pk": 568
},
{
    "fields": {
        "edge": "a77f2ba58725d031c7c05057e38433d9",
        "cost": 0.48572780629293916
    },
    "model": "graph.edgecost",
    "pk": 569
},
{
    "fields": {
        "edge": "d293ac494befb55f824cbbcb5a50548d",
        "cost": 0.8
    },
    "model": "graph.edgecost",
    "pk": 570
},
{
    "fields": {
        "edge": "f6a1d75d0e4cad29dc0ed865c57e5bc7",
        "cost": 0.2
    },
    "model": "graph.edgecost",
    "pk": 571
},
{
    "fields": {
        "edge": "f6bc2cf3992fa212aa35dd0cfb5008cb",
        "cost": 0.4326672188347795
    },
    "model": "graph.edgecost",
    "pk": 572
},
{
    "fields": {
        "edge": "1184465dd4e350cd63c361038e0f9627",
        "cost": 0.415136534972217
    },
    "model": "graph.edgecost",
    "pk": 573
},
{
    "fields": {
        "edge": "19ddc516c1fbea6ebd82a2180e583e40",
        "cost": 0.21071325471468505
    },
    "model": "graph.edgecost",
    "pk": 574
},
{
    "fields": {
        "edge": "42ec6bca6859d936eaac1aae8235f3f9",
        "cost": 0.0
    },
    "model": "graph.edgecost",
    "pk": 575
},
{
    "fields": {
        "edge": "5fe9c893f17f9ad60f3dad201bdafb67",
        "cost": 0.3062658876200422
    },
    "model": "graph.edgecost",
    "pk": 576
},
{
    "fields": {
        "edge": "66552d93aade80180a124bcf35b67717",
        "cost": 0.5955767197424681
    },
    "model": "graph.edgecost",
    "pk": 577
},
{
    "fields": {
        "edge": "95ec207f537330fa3a4bbbebd767f4fd",
        "cost": 0.5955767197424681
    },
    "model": "graph.edgecost",
    "pk": 578
},
{
    "fields": {
        "edge": "a2ac35a5c7ecbb8c14a8b3afdd1c46ae",
        "cost": 0.43252167998762986
    },
    "model": "graph.edgecost",
    "pk": 579
},
{
    "fields": {
        "edge": "a544467c4dc3b0e63f1e593a5640d7f5",
        "cost": 0.05049917767764287
    },
    "model": "graph.edgecost",
    "pk": 580
},
{
    "fields": {
        "edge": "a75184a02271985af347be47f481689e",
        "cost": 0.9719016002699021
    },
    "model": "graph.edgecost",
    "pk": 581
},
{
    "fields": {
        "edge": "a77f2ba58725d031c7c05057e38433d9",
        "cost": 0.48302085766527275
    },
    "model": "graph.edgecost",
    "pk": 582
},
{
    "fields": {
        "edge": "d293ac494befb55f824cbbcb5a50548d",
        "cost": 0.8
    },
    "model": "graph.edgecost",
    "pk": 583
},
{
    "fields": {
        "edge": "f6a1d75d0e4cad29dc0ed865c57e5bc7",
        "cost": 0.2
    },
    "model": "graph.edgecost",
    "pk": 584
},
{
    "fields": {
        "edge": "f6bc2cf3992fa212aa35dd0cfb5008cb",
        "cost": 0.43252167998762986
    },
    "model": "graph.edgecost",
    "pk": 585
},
{
    "fields": {
        "edge": "1184465dd4e350cd63c361038e0f9627",
        "cost": 0.34553990610328644
    },
    "model": "graph.edgecost",
    "pk": 586
},
{
    "fields": {
        "edge": "19ddc516c1fbea6ebd82a2180e583e40",
        "cost": 0.4
    },
    "model": "graph.edgecost",
    "pk": 587
},
{
    "fields": {
        "edge": "42ec6bca6859d936eaac1aae8235f3f9",
        "cost": 0.4694835680751174
    },
    "model": "graph.edgecost",
    "pk": 588
},
{
    "fields": {
        "edge": "5fe9c893f17f9ad60f3dad201bdafb67",
        "cost": 0.2
    },
    "model": "graph.edgecost",
    "pk": 589
},
{
    "fields": {
        "edge": "66552d93aade80180a124bcf35b67717",
        "cost": 0.4347417840375587
    },
    "model": "graph.edgecost",
    "pk": 590
},
{
    "fields": {
        "edge": "95ec207f537330fa3a4bbbebd767f4fd",
        "cost": 0.4347417840375587
    },
    "model": "graph.edgecost",
    "pk": 591
},
{
    "fields": {
        "edge": "a2ac35a5c7ecbb8c14a8b3afdd1c46ae",
        "cost": 0.6694835680751174
    },
    "model": "graph.edgecost",
    "pk": 592
},
{
    "fields": {
        "edge": "a544467c4dc3b0e63f1e593a5640d7f5",
        "cost": 0.2
    },
    "model": "graph.edgecost",
    "pk": 593
},
{
    "fields": {
        "edge": "a75184a02271985af347be47f481689e",
        "cost": 0.8957746478873241
    },
    "model": "graph.edgecost",
    "pk": 594
},
{
    "fields": {
        "edge": "a77f2ba58725d031c7c05057e38433d9",
        "cost": 0.4
    },
    "model": "graph.edgecost",
    "pk": 595
},
{
    "fields": {
        "edge": "d293ac494befb55f824cbbcb5a50548d",
        "cost": 0.3802816901408451
    },
    "model": "graph.edgecost",
    "pk": 596
},
{
    "fields": {
        "edge": "f6a1d75d0e4cad29dc0ed865c57e5bc7",
        "cost": 0.15023474178403756
    },
    "model": "graph.edgecost",
    "pk": 597
},
{
    "fields": {
        "edge": "f6bc2cf3992fa212aa35dd0cfb5008cb",
        "cost": 0.2
    },
    "model": "graph.edgecost",
    "pk": 598
},
{
    "fields": {
        "edge": "1184465dd4e350cd63c361038e0f9627",
        "cost": 0.29296774799921743
    },
    "model": "graph.edgecost",
    "pk": 599
},
{
    "fields": {
        "edge": "19ddc516c1fbea6ebd82a2180e583e40",
        "cost": 0.36125538878971597
    },
    "model": "graph.edgecost",
    "pk": 600
},
{
    "fields": {
        "edge": "42ec6bca6859d936eaac1aae8235f3f9",
        "cost": 0.4694835680751174
    },
    "model": "graph.edgecost",
    "pk": 601
},
{
    "fields": {
        "edge": "5fe9c893f17f9ad60f3dad201bdafb67",
        "cost": 0.25439260297749705
    },
    "model": "graph.edgecost",
    "pk": 602
},
{
    "fields": {
        "edge": "66552d93aade80180a124bcf35b67717",
        "cost": 0.44856933093134366
    },
    "model": "graph.edgecost",
    "pk": 603
},
{
    "fields": {
        "edge": "95ec207f537330fa3a4bbbebd767f4fd",
        "cost": 0.44856933093134366
    },
    "model": "graph.edgecost",
    "pk": 604
},
{
    "fields": {
        "edge": "a2ac35a5c7ecbb8c14a8b3afdd1c46ae",
        "cost": 0.6833111149689023
    },
    "model": "graph.edgecost",
    "pk": 605
},
{
    "fields": {
        "edge": "a544467c4dc3b0e63f1e593a5640d7f5",
        "cost": 0.17052446133900193
    },
    "model": "graph.edgecost",
    "pk": 606
},
{
    "fields": {
        "edge": "a75184a02271985af347be47f481689e",
        "cost": 0.8681195540997539
    },
    "model": "graph.edgecost",
    "pk": 607
},
{
    "fields": {
        "edge": "a77f2ba58725d031c7c05057e38433d9",
        "cost": 0.38435200823278687
    },
    "model": "graph.edgecost",
    "pk": 608
},
{
    "fields": {
        "edge": "d293ac494befb55f824cbbcb5a50548d",
        "cost": 0.3802816901408451
    },
    "model": "graph.edgecost",
    "pk": 609
},
{
    "fields": {
        "edge": "f6a1d75d0e4cad29dc0ed865c57e5bc7",
        "cost": 0.15023474178403756
    },
    "model": "graph.edgecost",
    "pk": 610
},
{
    "fields": {
        "edge": "f6bc2cf3992fa212aa35dd0cfb5008cb",
        "cost": 0.21382754689378494
    },
    "model": "graph.edgecost",
    "pk": 611
},
{
    "fields": {
        "edge": "1184465dd4e350cd63c361038e0f9627",
        "cost": 0.2705733953986583
    },
    "model": "graph.edgecost",
    "pk": 612
},
{
    "fields": {
        "edge": "19ddc516c1fbea6ebd82a2180e583e40",
        "cost": 0.34359171868498306
    },
    "model": "graph.edgecost",
    "pk": 613
},
{
    "fields": {
        "edge": "42ec6bca6859d936eaac1aae8235f3f9",
        "cost": 0.4694835680751174
    },
    "model": "graph.edgecost",
    "pk": 614
},
{
    "fields": {
        "edge": "5fe9c893f17f9ad60f3dad201bdafb67",
        "cost": 0.2862439455333085
    },
    "model": "graph.edgecost",
    "pk": 615
},
{
    "fields": {
        "edge": "66552d93aade80180a124bcf35b67717",
        "cost": 0.45330001342716986
    },
    "model": "graph.edgecost",
    "pk": 616
},
{
    "fields": {
        "edge": "95ec207f537330fa3a4bbbebd767f4fd",
        "cost": 0.45330001342716986
    },
    "model": "graph.edgecost",
    "pk": 617
},
{
    "fields": {
        "edge": "a2ac35a5c7ecbb8c14a8b3afdd1c46ae",
        "cost": 0.6845013430180439
    },
    "model": "graph.edgecost",
    "pk": 618
},
{
    "fields": {
        "edge": "a544467c4dc3b0e63f1e593a5640d7f5",
        "cost": 0.15514656083878198
    },
    "model": "graph.edgecost",
    "pk": 619
},
{
    "fields": {
        "edge": "a75184a02271985af347be47f481689e",
        "cost": 0.8621986435547864
    },
    "model": "graph.edgecost",
    "pk": 620
},
{
    "fields": {
        "edge": "a77f2ba58725d031c7c05057e38433d9",
        "cost": 0.3701643357817085
    },
    "model": "graph.edgecost",
    "pk": 621
},
{
    "fields": {
        "edge": "d293ac494befb55f824cbbcb5a50548d",
        "cost": 0.3802816901408451
    },
    "model": "graph.edgecost",
    "pk": 622
},
{
    "fields": {
        "edge": "f6a1d75d0e4cad29dc0ed865c57e5bc7",
        "cost": 0.15023474178403756
    },
    "model": "graph.edgecost",
    "pk": 623
},
{
    "fields": {
        "edge": "f6bc2cf3992fa212aa35dd0cfb5008cb",
        "cost": 0.2150177749429265
    },
    "model": "graph.edgecost",
    "pk": 624
},
{
    "fields": {
        "edge": "1184465dd4e350cd63c361038e0f9627",
        "cost": 0.2566247714022656
    },
    "model": "graph.edgecost",
    "pk": 625
},
{
    "fields": {
        "edge": "19ddc516c1fbea6ebd82a2180e583e40",
        "cost": 0.33234648320393895
    },
    "model": "graph.edgecost",
    "pk": 626
},
{
    "fields": {
        "edge": "42ec6bca6859d936eaac1aae8235f3f9",
        "cost": 0.4694835680751174
    },
    "model": "graph.edgecost",
    "pk": 627
},
{
    "fields": {
        "edge": "5fe9c893f17f9ad60f3dad201bdafb67",
        "cost": 0.307317871588055
    },
    "model": "graph.edgecost",
    "pk": 628
},
{
    "fields": {
        "edge": "66552d93aade80180a124bcf35b67717",
        "cost": 0.4560034019425184
    },
    "model": "graph.edgecost",
    "pk": 629
},
{
    "fields": {
        "edge": "95ec207f537330fa3a4bbbebd767f4fd",
        "cost": 0.4560034019425184
    },
    "model": "graph.edgecost",
    "pk": 630
},
{
    "fields": {
        "edge": "a2ac35a5c7ecbb8c14a8b3afdd1c46ae",
        "cost": 0.6847250293410478
    },
    "model": "graph.edgecost",
    "pk": 631
},
{
    "fields": {
        "edge": "a544467c4dc3b0e63f1e593a5640d7f5",
        "cost": 0.1450941839420756
    },
    "model": "graph.edgecost",
    "pk": 632
},
{
    "fields": {
        "edge": "a75184a02271985af347be47f481689e",
        "cost": 0.8592715687164338
    },
    "model": "graph.edgecost",
    "pk": 633
},
{
    "fields": {
        "edge": "a77f2ba58725d031c7c05057e38433d9",
        "cost": 0.3603356452080061
    },
    "model": "graph.edgecost",
    "pk": 634
},
{
    "fields": {
        "edge": "d293ac494befb55f824cbbcb5a50548d",
        "cost": 0.3802816901408451
    },
    "model": "graph.edgecost",
    "pk": 635
},
{
    "fields": {
        "edge": "f6a1d75d0e4cad29dc0ed865c57e5bc7",
        "cost": 0.15023474178403756
    },
    "model": "graph.edgecost",
    "pk": 636
},
{
    "fields": {
        "edge": "f6bc2cf3992fa212aa35dd0cfb5008cb",
        "cost": 0.2152414612659305
    },
    "model": "graph.edgecost",
    "pk": 637
},
{
    "fields": {
        "edge": "1184465dd4e350cd63c361038e0f9627",
        "cost": 0.24674542581907138
    },
    "model": "graph.edgecost",
    "pk": 638
},
{
    "fields": {
        "edge": "19ddc516c1fbea6ebd82a2180e583e40",
        "cost": 0.3244236369258492
    },
    "model": "graph.edgecost",
    "pk": 639
},
{
    "fields": {
        "edge": "42ec6bca6859d936eaac1aae8235f3f9",
        "cost": 0.4694835680751174
    },
    "model": "graph.edgecost",
    "pk": 640
},
{
    "fields": {
        "edge": "5fe9c893f17f9ad60f3dad201bdafb67",
        "cost": 0.322327513837479
    },
    "model": "graph.edgecost",
    "pk": 641
},
{
    "fields": {
        "edge": "66552d93aade80180a124bcf35b67717",
        "cost": 0.4579599012476229
    },
    "model": "graph.edgecost",
    "pk": 642
},
{
    "fields": {
        "edge": "95ec207f537330fa3a4bbbebd767f4fd",
        "cost": 0.4579599012476229
    },
    "model": "graph.edgecost",
    "pk": 643
},
{
    "fields": {
        "edge": "a2ac35a5c7ecbb8c14a8b3afdd1c46ae",
        "cost": 0.6849035773413077
    },
    "model": "graph.edgecost",
    "pk": 644
},
{
    "fields": {
        "edge": "a544467c4dc3b0e63f1e593a5640d7f5",
        "cost": 0.1378288399704816
    },
    "model": "graph.edgecost",
    "pk": 645
},
{
    "fields": {
        "edge": "a75184a02271985af347be47f481689e",
        "cost": 0.8571365214110696
    },
    "model": "graph.edgecost",
    "pk": 646
},
{
    "fields": {
        "edge": "a77f2ba58725d031c7c05057e38433d9",
        "cost": 0.3532488492366719
    },
    "model": "graph.edgecost",
    "pk": 647
},
{
    "fields": {
        "edge": "d293ac494befb55f824cbbcb5a50548d",
        "cost": 0.3802816901408451
    },
    "model": "graph.edgecost",
    "pk": 648
},
{
    "fields": {
        "edge": "f6a1d75d0e4cad29dc0ed865c57e5bc7",
        "cost": 0.15023474178403756
    },
    "model": "graph.edgecost",
    "pk": 649
},
{
    "fields": {
        "edge": "f6bc2cf3992fa212aa35dd0cfb5008cb",
        "cost": 0.2154200092661903
    },
    "model": "graph.edgecost",
    "pk": 650
},
{
    "fields": {
        "edge": "1184465dd4e350cd63c361038e0f9627",
        "cost": 0.2392441997028254
    },
    "model": "graph.edgecost",
    "pk": 651
},
{
    "fields": {
        "edge": "19ddc516c1fbea6ebd82a2180e583e40",
        "cost": 0.31850164526222247
    },
    "model": "graph.edgecost",
    "pk": 652
},
{
    "fields": {
        "edge": "42ec6bca6859d936eaac1aae8235f3f9",
        "cost": 0.4694835680751174
    },
    "model": "graph.edgecost",
    "pk": 653
},
{
    "fields": {
        "edge": "5fe9c893f17f9ad60f3dad201bdafb67",
        "cost": 0.3335671482466245
    },
    "model": "graph.edgecost",
    "pk": 654
},
{
    "fields": {
        "edge": "66552d93aade80180a124bcf35b67717",
        "cost": 0.4595391357002422
    },
    "model": "graph.edgecost",
    "pk": 655
},
{
    "fields": {
        "edge": "95ec207f537330fa3a4bbbebd767f4fd",
        "cost": 0.4595391357002422
    },
    "model": "graph.edgecost",
    "pk": 656
},
{
    "fields": {
        "edge": "a2ac35a5c7ecbb8c14a8b3afdd1c46ae",
        "cost": 0.685147948823172
    },
    "model": "graph.edgecost",
    "pk": 657
},
{
    "fields": {
        "edge": "a544467c4dc3b0e63f1e593a5640d7f5",
        "cost": 0.1322668257430986
    },
    "model": "graph.edgecost",
    "pk": 658
},
{
    "fields": {
        "edge": "a75184a02271985af347be47f481689e",
        "cost": 0.8553129154765859
    },
    "model": "graph.edgecost",
    "pk": 659
},
{
    "fields": {
        "edge": "a77f2ba58725d031c7c05057e38433d9",
        "cost": 0.34793120649115317
    },
    "model": "graph.edgecost",
    "pk": 660
},
{
    "fields": {
        "edge": "d293ac494befb55f824cbbcb5a50548d",
        "cost": 0.3802816901408451
    },
    "model": "graph.edgecost",
    "pk": 661
},
{
    "fields": {
        "edge": "f6a1d75d0e4cad29dc0ed865c57e5bc7",
        "cost": 0.15023474178403756
    },
    "model": "graph.edgecost",
    "pk": 662
},
{
    "fields": {
        "edge": "f6bc2cf3992fa212aa35dd0cfb5008cb",
        "cost": 0.21566438074805455
    },
    "model": "graph.edgecost",
    "pk": 663
},
{
    "fields": {
        "edge": "1184465dd4e350cd63c361038e0f9627",
        "cost": 0.10748466469550733
    },
    "model": "graph.edgecost",
    "pk": 664
},
{
    "fields": {
        "edge": "19ddc516c1fbea6ebd82a2180e583e40",
        "cost": 0.31388941366976797
    },
    "model": "graph.edgecost",
    "pk": 665
},
{
    "fields": {
        "edge": "42ec6bca6859d936eaac1aae8235f3f9",
        "cost": 0.6578947368421053
    },
    "model": "graph.edgecost",
    "pk": 666
},
{
    "fields": {
        "edge": "5fe9c893f17f9ad60f3dad201bdafb67",
        "cost": 0.34230008575894294
    },
    "model": "graph.edgecost",
    "pk": 667
},
{
    "fields": {
        "edge": "66552d93aade80180a124bcf35b67717",
        "cost": 0.4827205384479449
    },
    "model": "graph.edgecost",
    "pk": 668
},
{
    "fields": {
        "edge": "95ec207f537330fa3a4bbbebd767f4fd",
        "cost": 0.4827205384479449
    },
    "model": "graph.edgecost",
    "pk": 669
},
{
    "fields": {
        "edge": "a2ac35a5c7ecbb8c14a8b3afdd1c46ae",
        "cost": 0.8738622195076611
    },
    "model": "graph.edgecost",
    "pk": 670
},
{
    "fields": {
        "edge": "a544467c4dc3b0e63f1e593a5640d7f5",
        "cost": 0.1278430179057333
    },
    "model": "graph.edgecost",
    "pk": 671
},
{
    "fields": {
        "edge": "a75184a02271985af347be47f481689e",
        "cost": 0.6434172420443941
    },
    "model": "graph.edgecost",
    "pk": 672
},
{
    "fields": {
        "edge": "a77f2ba58725d031c7c05057e38433d9",
        "cost": 0.3438105005712891
    },
    "model": "graph.edgecost",
    "pk": 673
},
{
    "fields": {
        "edge": "d293ac494befb55f824cbbcb5a50548d",
        "cost": 0.27631578947368424
    },
    "model": "graph.edgecost",
    "pk": 674
},
{
    "fields": {
        "edge": "f6a1d75d0e4cad29dc0ed865c57e5bc7",
        "cost": 0.06578947368421052
    },
    "model": "graph.edgecost",
    "pk": 675
},
{
    "fields": {
        "edge": "f6bc2cf3992fa212aa35dd0cfb5008cb",
        "cost": 0.2159674826655558
    },
    "model": "graph.edgecost",
    "pk": 676
},
{
    "fields": {
        "edge": "1184465dd4e350cd63c361038e0f9627",
        "cost": 0.0911892416514724
    },
    "model": "graph.edgecost",
    "pk": 677
},
{
    "fields": {
        "edge": "19ddc516c1fbea6ebd82a2180e583e40",
        "cost": 0.3078955470394724
    },
    "model": "graph.edgecost",
    "pk": 678
},
{
    "fields": {
        "edge": "42ec6bca6859d936eaac1aae8235f3f9",
        "cost": 0.5649717514124294
    },
    "model": "graph.edgecost",
    "pk": 679
},
{
    "fields": {
        "edge": "5fe9c893f17f9ad60f3dad201bdafb67",
        "cost": 0.3665169738192194
    },
    "model": "graph.edgecost",
    "pk": 680
},
{
    "fields": {
        "edge": "66552d93aade80180a124bcf35b67717",
        "cost": 0.4370452884388475
    },
    "model": "graph.edgecost",
    "pk": 681
},
{
    "fields": {
        "edge": "95ec207f537330fa3a4bbbebd767f4fd",
        "cost": 0.4370452884388475
    },
    "model": "graph.edgecost",
    "pk": 682
},
{
    "fields": {
        "edge": "a2ac35a5c7ecbb8c14a8b3afdd1c46ae",
        "cost": 0.7602032364413737
    },
    "model": "graph.edgecost",
    "pk": 683
},
{
    "fields": {
        "edge": "a544467c4dc3b0e63f1e593a5640d7f5",
        "cost": 0.13035599411236412
    },
    "model": "graph.edgecost",
    "pk": 684
},
{
    "fields": {
        "edge": "a75184a02271985af347be47f481689e",
        "cost": 0.8027514751197791
    },
    "model": "graph.edgecost",
    "pk": 685
},
{
    "fields": {
        "edge": "a77f2ba58725d031c7c05057e38433d9",
        "cost": 0.32558747914130837
    },
    "model": "graph.edgecost",
    "pk": 686
},
{
    "fields": {
        "edge": "d293ac494befb55f824cbbcb5a50548d",
        "cost": 0.22033898305084745
    },
    "model": "graph.edgecost",
    "pk": 687
},
{
    "fields": {
        "edge": "f6a1d75d0e4cad29dc0ed865c57e5bc7",
        "cost": 0.21468926553672316
    },
    "model": "graph.edgecost",
    "pk": 688
},
{
    "fields": {
        "edge": "f6bc2cf3992fa212aa35dd0cfb5008cb",
        "cost": 0.19523148502894425
    },
    "model": "graph.edgecost",
    "pk": 689
},
{
    "fields": {
        "edge": "1184465dd4e350cd63c361038e0f9627",
        "cost": 0.09139153381773671
    },
    "model": "graph.edgecost",
    "pk": 690
},
{
    "fields": {
        "edge": "19ddc516c1fbea6ebd82a2180e583e40",
        "cost": 0.31010817371421073
    },
    "model": "graph.edgecost",
    "pk": 691
},
{
    "fields": {
        "edge": "42ec6bca6859d936eaac1aae8235f3f9",
        "cost": 0.503267973856209
    },
    "model": "graph.edgecost",
    "pk": 692
},
{
    "fields": {
        "edge": "5fe9c893f17f9ad60f3dad201bdafb67",
        "cost": 0.371584099038721
    },
    "model": "graph.edgecost",
    "pk": 693
},
{
    "fields": {
        "edge": "66552d93aade80180a124bcf35b67717",
        "cost": 0.4605467052559511
    },
    "model": "graph.edgecost",
    "pk": 694
},
{
    "fields": {
        "edge": "95ec207f537330fa3a4bbbebd767f4fd",
        "cost": 0.4605467052559511
    },
    "model": "graph.edgecost",
    "pk": 695
},
{
    "fields": {
        "edge": "a2ac35a5c7ecbb8c14a8b3afdd1c46ae",
        "cost": 0.6935306115604689
    },
    "model": "graph.edgecost",
    "pk": 696
},
{
    "fields": {
        "edge": "a544467c4dc3b0e63f1e593a5640d7f5",
        "cost": 0.1280450895428084
    },
    "model": "graph.edgecost",
    "pk": 697
},
{
    "fields": {
        "edge": "a75184a02271985af347be47f481689e",
        "cost": 0.8459226831835799
    },
    "model": "graph.edgecost",
    "pk": 698
},
{
    "fields": {
        "edge": "a77f2ba58725d031c7c05057e38433d9",
        "cost": 0.31830772724706835
    },
    "model": "graph.edgecost",
    "pk": 699
},
{
    "fields": {
        "edge": "d293ac494befb55f824cbbcb5a50548d",
        "cost": 0.24183006535947707
    },
    "model": "graph.edgecost",
    "pk": 700
},
{
    "fields": {
        "edge": "f6a1d75d0e4cad29dc0ed865c57e5bc7",
        "cost": 0.2549019607843137
    },
    "model": "graph.edgecost",
    "pk": 701
},
{
    "fields": {
        "edge": "f6bc2cf3992fa212aa35dd0cfb5008cb",
        "cost": 0.19026263770425994
    },
    "model": "graph.edgecost",
    "pk": 702
},
{
    "fields": {
        "edge": "1184465dd4e350cd63c361038e0f9627",
        "cost": 0.09085497228337741
    },
    "model": "graph.edgecost",
    "pk": 703
},
{
    "fields": {
        "edge": "19ddc516c1fbea6ebd82a2180e583e40",
        "cost": 0.30946635020952595
    },
    "model": "graph.edgecost",
    "pk": 704
},
{
    "fields": {
        "edge": "42ec6bca6859d936eaac1aae8235f3f9",
        "cost": 0.48666666666666664
    },
    "model": "graph.edgecost",
    "pk": 705
},
{
    "fields": {
        "edge": "5fe9c893f17f9ad60f3dad201bdafb67",
        "cost": 0.3731045826084869
    },
    "model": "graph.edgecost",
    "pk": 706
},
{
    "fields": {
        "edge": "66552d93aade80180a124bcf35b67717",
        "cost": 0.46527804459281524
    },
    "model": "graph.edgecost",
    "pk": 707
},
{
    "fields": {
        "edge": "95ec207f537330fa3a4bbbebd767f4fd",
        "cost": 0.46527804459281524
    },
    "model": "graph.edgecost",
    "pk": 708
},
{
    "fields": {
        "edge": "a2ac35a5c7ecbb8c14a8b3afdd1c46ae",
        "cost": 0.6786914103575219
    },
    "model": "graph.edgecost",
    "pk": 709
},
{
    "fields": {
        "edge": "a544467c4dc3b0e63f1e593a5640d7f5",
        "cost": 0.12540432349113176
    },
    "model": "graph.edgecost",
    "pk": 710
},
{
    "fields": {
        "edge": "a75184a02271985af347be47f481689e",
        "cost": 0.8560305450496628
    },
    "model": "graph.edgecost",
    "pk": 711
},
{
    "fields": {
        "edge": "a77f2ba58725d031c7c05057e38433d9",
        "cost": 0.31742906718198705
    },
    "model": "graph.edgecost",
    "pk": 712
},
{
    "fields": {
        "edge": "d293ac494befb55f824cbbcb5a50548d",
        "cost": 0.24666666666666667
    },
    "model": "graph.edgecost",
    "pk": 713
},
{
    "fields": {
        "edge": "f6a1d75d0e4cad29dc0ed865c57e5bc7",
        "cost": 0.26666666666666666
    },
    "model": "graph.edgecost",
    "pk": 714
},
{
    "fields": {
        "edge": "f6bc2cf3992fa212aa35dd0cfb5008cb",
        "cost": 0.1920247436908553
    },
    "model": "graph.edgecost",
    "pk": 715
},
{
    "fields": {
        "edge": "1184465dd4e350cd63c361038e0f9627",
        "cost": 0.09023514786685381
    },
    "model": "graph.edgecost",
    "pk": 716
},
{
    "fields": {
        "edge": "19ddc516c1fbea6ebd82a2180e583e40",
        "cost": 0.3084791985360159
    },
    "model": "graph.edgecost",
    "pk": 717
},
{
    "fields": {
        "edge": "42ec6bca6859d936eaac1aae8235f3f9",
        "cost": 0.48666666666666664
    },
    "model": "graph.edgecost",
    "pk": 718
},
{
    "fields": {
        "edge": "5fe9c893f17f9ad60f3dad201bdafb67",
        "cost": 0.37376226663181394
    },
    "model": "graph.edgecost",
    "pk": 719
},
{
    "fields": {
        "edge": "66552d93aade80180a124bcf35b67717",
        "cost": 0.4649107173358288
    },
    "model": "graph.edgecost",
    "pk": 720
},
{
    "fields": {
        "edge": "95ec207f537330fa3a4bbbebd767f4fd",
        "cost": 0.4649107173358288
    },
    "model": "graph.edgecost",
    "pk": 721
},
{
    "fields": {
        "edge": "a2ac35a5c7ecbb8c14a8b3afdd1c46ae",
        "cost": 0.681539569469958
    },
    "model": "graph.edgecost",
    "pk": 722
},
{
    "fields": {
        "edge": "a544467c4dc3b0e63f1e593a5640d7f5",
        "cost": 0.12288563202887877
    },
    "model": "graph.edgecost",
    "pk": 723
},
{
    "fields": {
        "edge": "a75184a02271985af347be47f481689e",
        "cost": 0.8535497131942131
    },
    "model": "graph.edgecost",
    "pk": 724
},
{
    "fields": {
        "edge": "a77f2ba58725d031c7c05057e38433d9",
        "cost": 0.3177585348321701
    },
    "model": "graph.edgecost",
    "pk": 725
},
{
    "fields": {
        "edge": "d293ac494befb55f824cbbcb5a50548d",
        "cost": 0.24666666666666667
    },
    "model": "graph.edgecost",
    "pk": 726
},
{
    "fields": {
        "edge": "f6a1d75d0e4cad29dc0ed865c57e5bc7",
        "cost": 0.26666666666666666
    },
    "model": "graph.edgecost",
    "pk": 727
},
{
    "fields": {
        "edge": "f6bc2cf3992fa212aa35dd0cfb5008cb",
        "cost": 0.19487290280329134
    },
    "model": "graph.edgecost",
    "pk": 728
},
{
    "fields": {
        "graph": "G1",
        "edge_costs": [
            1,
            2,
            3,
            4,
            5,
            6,
            7,
            8,
            9,
            10,
            11,
            12,
            13
        ]
    },
    "model": "graph.graphcost",
    "pk": 1
},
{
    "fields": {
        "graph": "G1",
        "edge_costs": [
            14,
            15,
            16,
            17,
            18,
            19,
            20,
            21,
            22,
            23,
            24,
            25,
            26
        ]
    },
    "model": "graph.graphcost",
    "pk": 2
},
{
    "fields": {
        "graph": "G1",
        "edge_costs": [
            27,
            28,
            29,
            30,
            31,
            32,
            33,
            34,
            35,
            36,
            37,
            38,
            39
        ]
    },
    "model": "graph.graphcost",
    "pk": 3
},
{
    "fields": {
        "graph": "G1",
        "edge_costs": [
            40,
            41,
            42,
            43,
            44,
            45,
            46,
            47,
            48,
            49,
            50,
            51,
            52
        ]
    },
    "model": "graph.graphcost",
    "pk": 4
},
{
    "fields": {
        "graph": "G1",
        "edge_costs": [
            53,
            54,
            55,
            56,
            57,
            58,
            59,
            60,
            61,
            62,
            63,
            64,
            65
        ]
    },
    "model": "graph.graphcost",
    "pk": 5
},
{
    "fields": {
        "graph": "G1",
        "edge_costs": [
            66,
            67,
            68,
            69,
            70,
            71,
            72,
            73,
            74,
            75,
            76,
            77,
            78
        ]
    },
    "model": "graph.graphcost",
    "pk": 6
},
{
    "fields": {
        "graph": "G1",
        "edge_costs": [
            79,
            80,
            81,
            82,
            83,
            84,
            85,
            86,
            87,
            88,
            89,
            90,
            91
        ]
    },
    "model": "graph.graphcost",
    "pk": 7
},
{
    "fields": {
        "graph": "G1",
        "edge_costs": [
            92,
            93,
            94,
            95,
            96,
            97,
            98,
            99,
            100,
            101,
            102,
            103,
            104
        ]
    },
    "model": "graph.graphcost",
    "pk": 8
},
{
    "fields": {
        "graph": "G1",
        "edge_costs": [
            105,
            106,
            107,
            108,
            109,
            110,
            111,
            112,
            113,
            114,
            115,
            116,
            117
        ]
    },
    "model": "graph.graphcost",
    "pk": 9
},
{
    "fields": {
        "graph": "G1",
        "edge_costs": [
            118,
            119,
            120,
            121,
            122,
            123,
            124,
            125,
            126,
            127,
            128,
            129,
            130
        ]
    },
    "model": "graph.graphcost",
    "pk": 10
},
{
    "fields": {
        "graph": "G1",
        "edge_costs": [
            131,
            132,
            133,
            134,
            135,
            136,
            137,
            138,
            139,
            140,
            141,
            142,
            143
        ]
    },
    "model": "graph.graphcost",
    "pk": 11
},
{
    "fields": {
        "graph": "G1",
        "edge_costs": [
            144,
            145,
            146,
            147,
            148,
            149,
            150,
            151,
            152,
            153,
            154,
            155,
            156
        ]
    },
    "model": "graph.graphcost",
    "pk": 12
},
{
    "fields": {
        "graph": "G1",
        "edge_costs": [
            157,
            158,
            159,
            160,
            161,
            162,
            163,
            164,
            165,
            166,
            167,
            168,
            169
        ]
    },
    "model": "graph.graphcost",
    "pk": 13
},
{
    "fields": {
        "graph": "G1",
        "edge_costs": [
            170,
            171,
            172,
            173,
            174,
            175,
            176,
            177,
            178,
            179,
            180,
            181,
            182
        ]
    },
    "model": "graph.graphcost",
    "pk": 14
},
{
    "fields": {
        "graph": "G1",
        "edge_costs": [
            183,
            184,
            185,
            186,
            187,
            188,
            189,
            190,
            191,
            192,
            193,
            194,
            195
        ]
    },
    "model": "graph.graphcost",
    "pk": 15
},
{
    "fields": {
        "graph": "G1",
        "edge_costs": [
            196,
            197,
            198,
            199,
            200,
            201,
            202,
            203,
            204,
            205,
            206,
            207,
            208
        ]
    },
    "model": "graph.graphcost",
    "pk": 16
},
{
    "fields": {
        "graph": "G1",
        "edge_costs": [
            209,
            210,
            211,
            212,
            213,
            214,
            215,
            216,
            217,
            218,
            219,
            220,
            221
        ]
    },
    "model": "graph.graphcost",
    "pk": 17
},
{
    "fields": {
        "graph": "G1",
        "edge_costs": [
            222,
            223,
            224,
            225,
            226,
            227,
            228,
            229,
            230,
            231,
            232,
            233,
            234
        ]
    },
    "model": "graph.graphcost",
    "pk": 18
},
{
    "fields": {
        "graph": "G1",
        "edge_costs": [
            235,
            236,
            237,
            238,
            239,
            240,
            241,
            242,
            243,
            244,
            245,
            246,
            247
        ]
    },
    "model": "graph.graphcost",
    "pk": 19
},
{
    "fields": {
        "graph": "G1",
        "edge_costs": [
            248,
            249,
            250,
            251,
            252,
            253,
            254,
            255,
            256,
            257,
            258,
            259,
            260
        ]
    },
    "model": "graph.graphcost",
    "pk": 20
},
{
    "fields": {
        "graph": "G1",
        "edge_costs": [
            261,
            262,
            263,
            264,
            265,
            266,
            267,
            268,
            269,
            270,
            271,
            272,
            273
        ]
    },
    "model": "graph.graphcost",
    "pk": 21
},
{
    "fields": {
        "graph": "G1",
        "edge_costs": [
            274,
            275,
            276,
            277,
            278,
            279,
            280,
            281,
            282,
            283,
            284,
            285,
            286
        ]
    },
    "model": "graph.graphcost",
    "pk": 22
},
{
    "fields": {
        "graph": "G1",
        "edge_costs": [
            287,
            288,
            289,
            290,
            291,
            292,
            293,
            294,
            295,
            296,
            297,
            298,
            299
        ]
    },
    "model": "graph.graphcost",
    "pk": 23
},
{
    "fields": {
        "graph": "G1",
        "edge_costs": [
            300,
            301,
            302,
            303,
            304,
            305,
            306,
            307,
            308,
            309,
            310,
            311,
            312
        ]
    },
    "model": "graph.graphcost",
    "pk": 24
},
{
    "fields": {
        "graph": "G1",
        "edge_costs": [
            313,
            314,
            315,
            316,
            317,
            318,
            319,
            320,
            321,
            322,
            323,
            324,
            325
        ]
    },
    "model": "graph.graphcost",
    "pk": 25
},
{
    "fields": {
        "graph": "G1",
        "edge_costs": [
            326,
            327,
            328,
            329,
            330,
            331,
            332,
            333,
            334,
            335,
            336,
            337,
            338
        ]
    },
    "model": "graph.graphcost",
    "pk": 26
},
{
    "fields": {
        "graph": "G1",
        "edge_costs": [
            339,
            340,
            341,
            342,
            343,
            344,
            345,
            346,
            347,
            348,
            349,
            350,
            351
        ]
    },
    "model": "graph.graphcost",
    "pk": 27
},
{
    "fields": {
        "graph": "G1",
        "edge_costs": [
            352,
            353,
            354,
            355,
            356,
            357,
            358,
            359,
            360,
            361,
            362,
            363,
            364
        ]
    },
    "model": "graph.graphcost",
    "pk": 28
},
{
    "fields": {
        "graph": "G1",
        "edge_costs": [
            365,
            366,
            367,
            368,
            369,
            370,
            371,
            372,
            373,
            374,
            375,
            376,
            377
        ]
    },
    "model": "graph.graphcost",
    "pk": 29
},
{
    "fields": {
        "graph": "G1",
        "edge_costs": [
            378,
            379,
            380,
            381,
            382,
            383,
            384,
            385,
            386,
            387,
            388,
            389,
            390
        ]
    },
    "model": "graph.graphcost",
    "pk": 30
},
{
    "fields": {
        "graph": "G1",
        "edge_costs": [
            391,
            392,
            393,
            394,
            395,
            396,
            397,
            398,
            399,
            400,
            401,
            402,
            403
        ]
    },
    "model": "graph.graphcost",
    "pk": 31
},
{
    "fields": {
        "graph": "G1",
        "edge_costs": [
            404,
            405,
            406,
            407,
            408,
            409,
            410,
            411,
            412,
            413,
            414,
            415,
            416
        ]
    },
    "model": "graph.graphcost",
    "pk": 32
},
{
    "fields": {
        "graph": "G1",
        "edge_costs": [
            417,
            418,
            419,
            420,
            421,
            422,
            423,
            424,
            425,
            426,
            427,
            428,
            429
        ]
    },
    "model": "graph.graphcost",
    "pk": 33
},
{
    "fields": {
        "graph": "G1",
        "edge_costs": [
            430,
            431,
            432,
            433,
            434,
            435,
            436,
            437,
            438,
            439,
            440,
            441,
            442
        ]
    },
    "model": "graph.graphcost",
    "pk": 34
},
{
    "fields": {
        "graph": "G1",
        "edge_costs": [
            443,
            444,
            445,
            446,
            447,
            448,
            449,
            450,
            451,
            452,
            453,
            454,
            455
        ]
    },
    "model": "graph.graphcost",
    "pk": 35
},
{
    "fields": {
        "graph": "G1",
        "edge_costs": [
            456,
            457,
            458,
            459,
            460,
            461,
            462,
            463,
            464,
            465,
            466,
            467,
            468
        ]
    },
    "model": "graph.graphcost",
    "pk": 36
},
{
    "fields": {
        "graph": "G1",
        "edge_costs": [
            469,
            470,
            471,
            472,
            473,
            474,
            475,
            476,
            477,
            478,
            479,
            480,
            481
        ]
    },
    "model": "graph.graphcost",
    "pk": 37
},
{
    "fields": {
        "graph": "G1",
        "edge_costs": [
            482,
            483,
            484,
            485,
            486,
            487,
            488,
            489,
            490,
            491,
            492,
            493,
            494
        ]
    },
    "model": "graph.graphcost",
    "pk": 38
},
{
    "fields": {
        "graph": "G1",
        "edge_costs": [
            495,
            496,
            497,
            498,
            499,
            500,
            501,
            502,
            503,
            504,
            505,
            506,
            507
        ]
    },
    "model": "graph.graphcost",
    "pk": 39
},
{
    "fields": {
        "graph": "G1",
        "edge_costs": [
            508,
            509,
            510,
            511,
            512,
            513,
            514,
            515,
            516,
            517,
            518,
            519,
            520
        ]
    },
    "model": "graph.graphcost",
    "pk": 40
},
{
    "fields": {
        "graph": "G1",
        "edge_costs": [
            521,
            522,
            523,
            524,
            525,
            526,
            527,
            528,
            529,
            530,
            531,
            532,
            533
        ]
    },
    "model": "graph.graphcost",
    "pk": 41
},
{
    "fields": {
        "graph": "G1",
        "edge_costs": [
            534,
            535,
            536,
            537,
            538,
            539,
            540,
            541,
            542,
            543,
            544,
            545,
            546
        ]
    },
    "model": "graph.graphcost",
    "pk": 42
},
{
    "fields": {
        "graph": "G1",
        "edge_costs": [
            547,
            548,
            549,
            550,
            551,
            552,
            553,
            554,
            555,
            556,
            557,
            558,
            559
        ]
    },
    "model": "graph.graphcost",
    "pk": 43
},
{
    "fields": {
        "graph": "G1",
        "edge_costs": [
            560,
            561,
            562,
            563,
            564,
            565,
            566,
            567,
            568,
            569,
            570,
            571,
            572
        ]
    },
    "model": "graph.graphcost",
    "pk": 44
},
{
    "fields": {
        "graph": "G1",
        "edge_costs": [
            573,
            574,
            575,
            576,
            577,
            578,
            579,
            580,
            581,
            582,
            583,
            584,
            585
        ]
    },
    "model": "graph.graphcost",
    "pk": 45
},
{
    "fields": {
        "graph": "G1",
        "edge_costs": [
            586,
            587,
            588,
            589,
            590,
            591,
            592,
            593,
            594,
            595,
            596,
            597,
            598
        ]
    },
    "model": "graph.graphcost",
    "pk": 46
},
{
    "fields": {
        "graph": "G1",
        "edge_costs": [
            599,
            600,
            601,
            602,
            603,
            604,
            605,
            606,
            607,
            608,
            609,
            610,
            611
        ]
    },
    "model": "graph.graphcost",
    "pk": 47
},
{
    "fields": {
        "graph": "G1",
        "edge_costs": [
            612,
            613,
            614,
            615,
            616,
            617,
            618,
            619,
            620,
            621,
            622,
            623,
            624
        ]
    },
    "model": "graph.graphcost",
    "pk": 48
},
{
    "fields": {
        "graph": "G1",
        "edge_costs": [
            625,
            626,
            627,
            628,
            629,
            630,
            631,
            632,
            633,
            634,
            635,
            636,
            637
        ]
    },
    "model": "graph.graphcost",
    "pk": 49
},
{
    "fields": {
        "graph": "G1",
        "edge_costs": [
            638,
            639,
            640,
            641,
            642,
            643,
            644,
            645,
            646,
            647,
            648,
            649,
            650
        ]
    },
    "model": "graph.graphcost",
    "pk": 50
},
{
    "fields": {
        "graph": "G1",
        "edge_costs": [
            651,
            652,
            653,
            654,
            655,
            656,
            657,
            658,
            659,
            660,
            661,
            662,
            663
        ]
    },
    "model": "graph.graphcost",
    "pk": 51
},
{
    "fields": {
        "graph": "G1",
        "edge_costs": [
            664,
            665,
            666,
            667,
            668,
            669,
            670,
            671,
            672,
            673,
            674,
            675,
            676
        ]
    },
    "model": "graph.graphcost",
    "pk": 52
},
{
    "fields": {
        "graph": "G1",
        "edge_costs": [
            677,
            678,
            679,
            680,
            681,
            682,
            683,
            684,
            685,
            686,
            687,
            688,
            689
        ]
    },
    "model": "graph.graphcost",
    "pk": 53
},
{
    "fields": {
        "graph": "G1",
        "edge_costs": [
            690,
            691,
            692,
            693,
            694,
            695,
            696,
            697,
            698,
            699,
            700,
            701,
            702
        ]
    },
    "model": "graph.graphcost",
    "pk": 54
},
{
    "fields": {
        "graph": "G1",
        "edge_costs": [
            703,
            704,
            705,
            706,
            707,
            708,
            709,
            710,
            711,
            712,
            713,
            714,
            715
        ]
    },
    "model": "graph.graphcost",
    "pk": 55
},
{
    "fields": {
        "graph": "G1",
        "edge_costs": [
            716,
            717,
            718,
            719,
            720,
            721,
            722,
            723,
            724,
            725,
            726,
            727,
            728
        ]
    },
    "model": "graph.graphcost",
    "pk": 56
},
{
    "fields": {
        "current_turn": 24,
        "single_slider_mode": false,
        "started": true,
        "graph": "useless_2",
        "game_loop_time": "2016-05-27T23:00:18.406Z",
        "currently_in_use": false,
        "edge_highlight": true,
        "stopped": true,
        "turns": [
            1,
            2,
            3,
            4,
            5,
            6,
            7,
            8,
            9,
            10,
            11,
            12,
            13,
            14,
            15,
            16,
            17,
            18,
            19,
            20,
            21,
            22,
            23
        ],
        "duration": 10
    },
    "model": "graph.game",
    "pk": "game_1"
},
{
    "fields": {
        "current_turn": 36,
        "single_slider_mode": false,
        "started": true,
        "graph": "useless_3",
        "game_loop_time": "2016-06-01T17:21:27.424Z",
        "currently_in_use": false,
        "edge_highlight": true,
        "stopped": true,
        "turns": [
            25,
            26,
            27,
            28,
            29,
            30,
            31,
            32,
            33,
            34,
            35
        ],
        "duration": 30
    },
    "model": "graph.game",
    "pk": "game_2"
},
{
    "fields": {
        "current_turn": 48,
        "single_slider_mode": false,
        "started": true,
        "graph": "useless_4",
        "game_loop_time": "2016-06-01T17:26:17.147Z",
        "currently_in_use": false,
        "edge_highlight": true,
        "stopped": true,
        "turns": [
            37,
            38,
            39,
            40,
            41,
            42,
            43,
            44,
            45,
            46,
            47
        ],
        "duration": 10
    },
    "model": "graph.game",
    "pk": "game_3"
},
{
    "fields": {
        "current_turn": 60,
        "single_slider_mode": false,
        "started": true,
        "graph": "G1",
        "game_loop_time": "2016-06-01T17:44:16.842Z",
        "currently_in_use": true,
        "edge_highlight": true,
        "stopped": true,
        "turns": [
            49,
            50,
            51,
            52,
            53,
            54,
            55,
            56,
            57,
            58,
            59
        ],
        "duration": 30
    },
    "model": "graph.game",
    "pk": "game_4"
},
{
    "fields": {
        "codename": "add_permission",
        "name": "Can add permission",
        "content_type": 1
    },
    "model": "auth.permission",
    "pk": 1
},
{
    "fields": {
        "codename": "change_permission",
        "name": "Can change permission",
        "content_type": 1
    },
    "model": "auth.permission",
    "pk": 2
},
{
    "fields": {
        "codename": "delete_permission",
        "name": "Can delete permission",
        "content_type": 1
    },
    "model": "auth.permission",
    "pk": 3
},
{
    "fields": {
        "codename": "add_group",
        "name": "Can add group",
        "content_type": 2
    },
    "model": "auth.permission",
    "pk": 4
},
{
    "fields": {
        "codename": "change_group",
        "name": "Can change group",
        "content_type": 2
    },
    "model": "auth.permission",
    "pk": 5
},
{
    "fields": {
        "codename": "delete_group",
        "name": "Can delete group",
        "content_type": 2
    },
    "model": "auth.permission",
    "pk": 6
},
{
    "fields": {
        "codename": "add_user",
        "name": "Can add user",
        "content_type": 3
    },
    "model": "auth.permission",
    "pk": 7
},
{
    "fields": {
        "codename": "change_user",
        "name": "Can change user",
        "content_type": 3
    },
    "model": "auth.permission",
    "pk": 8
},
{
    "fields": {
        "codename": "delete_user",
        "name": "Can delete user",
        "content_type": 3
    },
    "model": "auth.permission",
    "pk": 9
},
{
    "fields": {
        "codename": "add_contenttype",
        "name": "Can add content type",
        "content_type": 4
    },
    "model": "auth.permission",
    "pk": 10
},
{
    "fields": {
        "codename": "change_contenttype",
        "name": "Can change content type",
        "content_type": 4
    },
    "model": "auth.permission",
    "pk": 11
},
{
    "fields": {
        "codename": "delete_contenttype",
        "name": "Can delete content type",
        "content_type": 4
    },
    "model": "auth.permission",
    "pk": 12
},
{
    "fields": {
        "codename": "add_session",
        "name": "Can add session",
        "content_type": 5
    },
    "model": "auth.permission",
    "pk": 13
},
{
    "fields": {
        "codename": "change_session",
        "name": "Can change session",
        "content_type": 5
    },
    "model": "auth.permission",
    "pk": 14
},
{
    "fields": {
        "codename": "delete_session",
        "name": "Can delete session",
        "content_type": 5
    },
    "model": "auth.permission",
    "pk": 15
},
{
    "fields": {
        "codename": "add_taskmeta",
        "name": "Can add task state",
        "content_type": 6
    },
    "model": "auth.permission",
    "pk": 16
},
{
    "fields": {
        "codename": "change_taskmeta",
        "name": "Can change task state",
        "content_type": 6
    },
    "model": "auth.permission",
    "pk": 17
},
{
    "fields": {
        "codename": "delete_taskmeta",
        "name": "Can delete task state",
        "content_type": 6
    },
    "model": "auth.permission",
    "pk": 18
},
{
    "fields": {
        "codename": "add_tasksetmeta",
        "name": "Can add saved group result",
        "content_type": 7
    },
    "model": "auth.permission",
    "pk": 19
},
{
    "fields": {
        "codename": "change_tasksetmeta",
        "name": "Can change saved group result",
        "content_type": 7
    },
    "model": "auth.permission",
    "pk": 20
},
{
    "fields": {
        "codename": "delete_tasksetmeta",
        "name": "Can delete saved group result",
        "content_type": 7
    },
    "model": "auth.permission",
    "pk": 21
},
{
    "fields": {
        "codename": "add_intervalschedule",
        "name": "Can add interval",
        "content_type": 8
    },
    "model": "auth.permission",
    "pk": 22
},
{
    "fields": {
        "codename": "change_intervalschedule",
        "name": "Can change interval",
        "content_type": 8
    },
    "model": "auth.permission",
    "pk": 23
},
{
    "fields": {
        "codename": "delete_intervalschedule",
        "name": "Can delete interval",
        "content_type": 8
    },
    "model": "auth.permission",
    "pk": 24
},
{
    "fields": {
        "codename": "add_crontabschedule",
        "name": "Can add crontab",
        "content_type": 9
    },
    "model": "auth.permission",
    "pk": 25
},
{
    "fields": {
        "codename": "change_crontabschedule",
        "name": "Can change crontab",
        "content_type": 9
    },
    "model": "auth.permission",
    "pk": 26
},
{
    "fields": {
        "codename": "delete_crontabschedule",
        "name": "Can delete crontab",
        "content_type": 9
    },
    "model": "auth.permission",
    "pk": 27
},
{
    "fields": {
        "codename": "add_periodictasks",
        "name": "Can add periodic tasks",
        "content_type": 10
    },
    "model": "auth.permission",
    "pk": 28
},
{
    "fields": {
        "codename": "change_periodictasks",
        "name": "Can change periodic tasks",
        "content_type": 10
    },
    "model": "auth.permission",
    "pk": 29
},
{
    "fields": {
        "codename": "delete_periodictasks",
        "name": "Can delete periodic tasks",
        "content_type": 10
    },
    "model": "auth.permission",
    "pk": 30
},
{
    "fields": {
        "codename": "add_periodictask",
        "name": "Can add periodic task",
        "content_type": 11
    },
    "model": "auth.permission",
    "pk": 31
},
{
    "fields": {
        "codename": "change_periodictask",
        "name": "Can change periodic task",
        "content_type": 11
    },
    "model": "auth.permission",
    "pk": 32
},
{
    "fields": {
        "codename": "delete_periodictask",
        "name": "Can delete periodic task",
        "content_type": 11
    },
    "model": "auth.permission",
    "pk": 33
},
{
    "fields": {
        "codename": "add_workerstate",
        "name": "Can add worker",
        "content_type": 12
    },
    "model": "auth.permission",
    "pk": 34
},
{
    "fields": {
        "codename": "change_workerstate",
        "name": "Can change worker",
        "content_type": 12
    },
    "model": "auth.permission",
    "pk": 35
},
{
    "fields": {
        "codename": "delete_workerstate",
        "name": "Can delete worker",
        "content_type": 12
    },
    "model": "auth.permission",
    "pk": 36
},
{
    "fields": {
        "codename": "add_taskstate",
        "name": "Can add task",
        "content_type": 13
    },
    "model": "auth.permission",
    "pk": 37
},
{
    "fields": {
        "codename": "change_taskstate",
        "name": "Can change task",
        "content_type": 13
    },
    "model": "auth.permission",
    "pk": 38
},
{
    "fields": {
        "codename": "delete_taskstate",
        "name": "Can delete task",
        "content_type": 13
    },
    "model": "auth.permission",
    "pk": 39
},
{
    "fields": {
        "codename": "add_user",
        "name": "Can add user",
        "content_type": 14
    },
    "model": "auth.permission",
    "pk": 40
},
{
    "fields": {
        "codename": "change_user",
        "name": "Can change user",
        "content_type": 14
    },
    "model": "auth.permission",
    "pk": 41
},
{
    "fields": {
        "codename": "delete_user",
        "name": "Can delete user",
        "content_type": 14
    },
    "model": "auth.permission",
    "pk": 42
},
{
    "fields": {
        "codename": "add_graph",
        "name": "Can add graph",
        "content_type": 15
    },
    "model": "auth.permission",
    "pk": 43
},
{
    "fields": {
        "codename": "change_graph",
        "name": "Can change graph",
        "content_type": 15
    },
    "model": "auth.permission",
    "pk": 44
},
{
    "fields": {
        "codename": "delete_graph",
        "name": "Can delete graph",
        "content_type": 15
    },
    "model": "auth.permission",
    "pk": 45
},
{
    "fields": {
        "codename": "add_node",
        "name": "Can add node",
        "content_type": 16
    },
    "model": "auth.permission",
    "pk": 46
},
{
    "fields": {
        "codename": "change_node",
        "name": "Can change node",
        "content_type": 16
    },
    "model": "auth.permission",
    "pk": 47
},
{
    "fields": {
        "codename": "delete_node",
        "name": "Can delete node",
        "content_type": 16
    },
    "model": "auth.permission",
    "pk": 48
},
{
    "fields": {
        "codename": "add_playermodel",
        "name": "Can add player model",
        "content_type": 17
    },
    "model": "auth.permission",
    "pk": 49
},
{
    "fields": {
        "codename": "change_playermodel",
        "name": "Can change player model",
        "content_type": 17
    },
    "model": "auth.permission",
    "pk": 50
},
{
    "fields": {
        "codename": "delete_playermodel",
        "name": "Can delete player model",
        "content_type": 17
    },
    "model": "auth.permission",
    "pk": 51
},
{
    "fields": {
        "codename": "add_player",
        "name": "Can add player",
        "content_type": 18
    },
    "model": "auth.permission",
    "pk": 52
},
{
    "fields": {
        "codename": "change_player",
        "name": "Can change player",
        "content_type": 18
    },
    "model": "auth.permission",
    "pk": 53
},
{
    "fields": {
        "codename": "delete_player",
        "name": "Can delete player",
        "content_type": 18
    },
    "model": "auth.permission",
    "pk": 54
},
{
    "fields": {
        "codename": "add_edge",
        "name": "Can add edge",
        "content_type": 19
    },
    "model": "auth.permission",
    "pk": 55
},
{
    "fields": {
        "codename": "change_edge",
        "name": "Can change edge",
        "content_type": 19
    },
    "model": "auth.permission",
    "pk": 56
},
{
    "fields": {
        "codename": "delete_edge",
        "name": "Can delete edge",
        "content_type": 19
    },
    "model": "auth.permission",
    "pk": 57
},
{
    "fields": {
        "codename": "add_path",
        "name": "Can add path",
        "content_type": 20
    },
    "model": "auth.permission",
    "pk": 58
},
{
    "fields": {
        "codename": "change_path",
        "name": "Can change path",
        "content_type": 20
    },
    "model": "auth.permission",
    "pk": 59
},
{
    "fields": {
        "codename": "delete_path",
        "name": "Can delete path",
        "content_type": 20
    },
    "model": "auth.permission",
    "pk": 60
},
{
    "fields": {
        "codename": "add_pathflowassignment",
        "name": "Can add path flow assignment",
        "content_type": 21
    },
    "model": "auth.permission",
    "pk": 61
},
{
    "fields": {
        "codename": "change_pathflowassignment",
        "name": "Can change path flow assignment",
        "content_type": 21
    },
    "model": "auth.permission",
    "pk": 62
},
{
    "fields": {
        "codename": "delete_pathflowassignment",
        "name": "Can delete path flow assignment",
        "content_type": 21
    },
    "model": "auth.permission",
    "pk": 63
},
{
    "fields": {
        "codename": "add_gameturn",
        "name": "Can add game turn",
        "content_type": 22
    },
    "model": "auth.permission",
    "pk": 64
},
{
    "fields": {
        "codename": "change_gameturn",
        "name": "Can change game turn",
        "content_type": 22
    },
    "model": "auth.permission",
    "pk": 65
},
{
    "fields": {
        "codename": "delete_gameturn",
        "name": "Can delete game turn",
        "content_type": 22
    },
    "model": "auth.permission",
    "pk": 66
},
{
    "fields": {
        "codename": "add_flowdistribution",
        "name": "Can add flow distribution",
        "content_type": 23
    },
    "model": "auth.permission",
    "pk": 67
},
{
    "fields": {
        "codename": "change_flowdistribution",
        "name": "Can change flow distribution",
        "content_type": 23
    },
    "model": "auth.permission",
    "pk": 68
},
{
    "fields": {
        "codename": "delete_flowdistribution",
        "name": "Can delete flow distribution",
        "content_type": 23
    },
    "model": "auth.permission",
    "pk": 69
},
{
    "fields": {
        "codename": "add_learningrate",
        "name": "Can add learning rate",
        "content_type": 24
    },
    "model": "auth.permission",
    "pk": 70
},
{
    "fields": {
        "codename": "change_learningrate",
        "name": "Can change learning rate",
        "content_type": 24
    },
    "model": "auth.permission",
    "pk": 71
},
{
    "fields": {
        "codename": "delete_learningrate",
        "name": "Can delete learning rate",
        "content_type": 24
    },
    "model": "auth.permission",
    "pk": 72
},
{
    "fields": {
        "codename": "add_edgecost",
        "name": "Can add edge cost",
        "content_type": 25
    },
    "model": "auth.permission",
    "pk": 73
},
{
    "fields": {
        "codename": "change_edgecost",
        "name": "Can change edge cost",
        "content_type": 25
    },
    "model": "auth.permission",
    "pk": 74
},
{
    "fields": {
        "codename": "delete_edgecost",
        "name": "Can delete edge cost",
        "content_type": 25
    },
    "model": "auth.permission",
    "pk": 75
},
{
    "fields": {
        "codename": "add_graphcost",
        "name": "Can add graph cost",
        "content_type": 26
    },
    "model": "auth.permission",
    "pk": 76
},
{
    "fields": {
        "codename": "change_graphcost",
        "name": "Can change graph cost",
        "content_type": 26
    },
    "model": "auth.permission",
    "pk": 77
},
{
    "fields": {
        "codename": "delete_graphcost",
        "name": "Can delete graph cost",
        "content_type": 26
    },
    "model": "auth.permission",
    "pk": 78
},
{
    "fields": {
        "codename": "add_game",
        "name": "Can add game",
        "content_type": 27
    },
    "model": "auth.permission",
    "pk": 79
},
{
    "fields": {
        "codename": "change_game",
        "name": "Can change game",
        "content_type": 27
    },
    "model": "auth.permission",
    "pk": 80
},
{
    "fields": {
        "codename": "delete_game",
        "name": "Can delete game",
        "content_type": 27
    },
    "model": "auth.permission",
    "pk": 81
},
{
    "fields": {
        "codename": "add_request",
        "name": "Can add request",
        "content_type": 28
    },
    "model": "auth.permission",
    "pk": 82
},
{
    "fields": {
        "codename": "change_request",
        "name": "Can change request",
        "content_type": 28
    },
    "model": "auth.permission",
    "pk": 83
},
{
    "fields": {
        "codename": "delete_request",
        "name": "Can delete request",
        "content_type": 28
    },
    "model": "auth.permission",
    "pk": 84
},
{
    "fields": {
        "codename": "add_response",
        "name": "Can add response",
        "content_type": 29
    },
    "model": "auth.permission",
    "pk": 85
},
{
    "fields": {
        "codename": "change_response",
        "name": "Can change response",
        "content_type": 29
    },
    "model": "auth.permission",
    "pk": 86
},
{
    "fields": {
        "codename": "delete_response",
        "name": "Can delete response",
        "content_type": 29
    },
    "model": "auth.permission",
    "pk": 87
},
{
    "fields": {
        "codename": "add_sqlquery",
        "name": "Can add sql query",
        "content_type": 30
    },
    "model": "auth.permission",
    "pk": 88
},
{
    "fields": {
        "codename": "change_sqlquery",
        "name": "Can change sql query",
        "content_type": 30
    },
    "model": "auth.permission",
    "pk": 89
},
{
    "fields": {
        "codename": "delete_sqlquery",
        "name": "Can delete sql query",
        "content_type": 30
    },
    "model": "auth.permission",
    "pk": 90
},
{
    "fields": {
        "codename": "add_profile",
        "name": "Can add profile",
        "content_type": 31
    },
    "model": "auth.permission",
    "pk": 91
},
{
    "fields": {
        "codename": "change_profile",
        "name": "Can change profile",
        "content_type": 31
    },
    "model": "auth.permission",
    "pk": 92
},
{
    "fields": {
        "codename": "delete_profile",
        "name": "Can delete profile",
        "content_type": 31
    },
    "model": "auth.permission",
    "pk": 93
},
{
    "fields": {
        "username": "admin",
        "first_name": "",
        "last_name": "",
        "is_active": true,
        "is_superuser": false,
        "is_staff": false,
        "last_login": "2016-06-01T17:13:38.028Z",
        "groups": [],
        "user_permissions": [],
        "password": "pbkdf2_sha256$15000$8DBAO0waHnOt$bf97pdPqukbKuSsExldP1o5VizVz/bTTlVBOddHX6d0=",
        "email": "",
        "date_joined": "2016-05-27T22:49:26.170Z"
    },
    "model": "auth.user",
    "pk": 1
},
{
    "fields": {
        "username": "user_1",
        "first_name": "",
        "last_name": "",
        "is_active": true,
        "is_superuser": false,
        "is_staff": false,
        "last_login": "2016-05-27T22:53:00.136Z",
        "groups": [],
        "user_permissions": [],
        "password": "pbkdf2_sha256$15000$nSoqixHLuiih$7eVRGp59x0M90K3+OoQjf88IE3uLg7QKmk+EAyyAU3A=",
        "email": "",
        "date_joined": "2016-05-27T22:52:53.608Z"
    },
    "model": "auth.user",
    "pk": 2
},
{
    "fields": {
        "username": "ai_player",
        "first_name": "",
        "last_name": "",
        "is_active": true,
        "is_superuser": false,
        "is_staff": false,
        "last_login": "2016-05-27T22:54:12.009Z",
        "groups": [],
        "user_permissions": [],
        "password": "ai_lab",
        "email": "",
        "date_joined": "2016-05-27T22:54:12.009Z"
    },
    "model": "auth.user",
    "pk": 3
},
{
    "fields": {
        "username": "user_2",
        "first_name": "",
        "last_name": "",
        "is_active": true,
        "is_superuser": false,
        "is_staff": false,
        "last_login": "2016-06-01T17:14:06.629Z",
        "groups": [],
        "user_permissions": [],
        "password": "pbkdf2_sha256$15000$DUZpQVaDdcnU$Ok0i7GVi3+9HIfnttj4g/lZaZCLlVT/9Y8eEW3CGOxc=",
        "email": "",
        "date_joined": "2016-05-27T22:59:54.609Z"
    },
    "model": "auth.user",
    "pk": 4
},
{
    "fields": {
        "username": "user_3",
        "first_name": "",
        "last_name": "",
        "is_active": true,
        "is_superuser": false,
        "is_staff": false,
        "last_login": "2016-06-01T17:23:11.564Z",
        "groups": [],
        "user_permissions": [],
        "password": "pbkdf2_sha256$15000$SNQphz1ukPTa$/dsfYNTIU7vs8LVuClT4K4HfwlOx1kpK/ZEzS4DSFOk=",
        "email": "",
        "date_joined": "2016-05-27T23:00:00.385Z"
    },
    "model": "auth.user",
    "pk": 5
},
{
    "fields": {
        "username": "user_4",
        "first_name": "",
        "last_name": "",
        "is_active": true,
        "is_superuser": false,
        "is_staff": false,
        "last_login": "2016-06-01T17:37:56.067Z",
        "groups": [],
        "user_permissions": [],
        "password": "pbkdf2_sha256$15000$FWnY5ipeFrJL$///GI5D/p+EqiEPb++wS1Af5gE6TlCOutSd05XkwIm8=",
        "email": "",
        "date_joined": "2016-06-01T17:37:51.876Z"
    },
    "model": "auth.user",
    "pk": 6
},
{
    "fields": {
        "superuser": true,
        "rank": -3,
        "keep": false,
        "tested": false,
        "game": "game_4",
        "user": 1,
        "is_a_bot": false,
        "player_model": null
    },
    "model": "graph.player",
    "pk": 1
},
{
    "fields": {
        "superuser": false,
        "rank": 1,
        "keep": false,
        "tested": true,
        "game": "game_1",
        "user": 2,
        "is_a_bot": true,
        "player_model": "PM_NON_AI"
    },
    "model": "graph.player",
    "pk": 2
},
{
    "fields": {
        "superuser": false,
        "rank": 0,
        "keep": false,
        "tested": true,
        "game": "game_4",
        "user": 3,
        "is_a_bot": true,
        "player_model": "PM_AI"
    },
    "model": "graph.player",
    "pk": 3
},
{
    "fields": {
        "superuser": false,
        "rank": 1,
        "keep": true,
        "tested": true,
        "game": "game_2",
        "user": 4,
        "is_a_bot": false,
        "player_model": "PM_NON_AI"
    },
    "model": "graph.player",
    "pk": 4
},
{
    "fields": {
        "superuser": false,
        "rank": 1,
        "keep": false,
        "tested": true,
        "game": "game_3",
        "user": 5,
        "is_a_bot": true,
        "player_model": "PM_NON_AI"
    },
    "model": "graph.player",
    "pk": 5
},
{
    "fields": {
        "superuser": false,
        "rank": 1,
        "keep": true,
        "tested": true,
        "game": "game_4",
        "user": 6,
        "is_a_bot": false,
        "player_model": "PM_NON_AI"
    },
    "model": "graph.player",
    "pk": 6
}
]
