[
{
    "fields": {
        "model": "permission",
        "name": "permission",
        "app_label": "auth"
    },
    "model": "contenttypes.contenttype",
    "pk": 1
},
{
    "fields": {
        "model": "group",
        "name": "group",
        "app_label": "auth"
    },
    "model": "contenttypes.contenttype",
    "pk": 2
},
{
    "fields": {
        "model": "user",
        "name": "user",
        "app_label": "auth"
    },
    "model": "contenttypes.contenttype",
    "pk": 3
},
{
    "fields": {
        "model": "contenttype",
        "name": "content type",
        "app_label": "contenttypes"
    },
    "model": "contenttypes.contenttype",
    "pk": 4
},
{
    "fields": {
        "model": "session",
        "name": "session",
        "app_label": "sessions"
    },
    "model": "contenttypes.contenttype",
    "pk": 5
},
{
    "fields": {
        "model": "taskmeta",
        "name": "task state",
        "app_label": "djcelery"
    },
    "model": "contenttypes.contenttype",
    "pk": 6
},
{
    "fields": {
        "model": "tasksetmeta",
        "name": "saved group result",
        "app_label": "djcelery"
    },
    "model": "contenttypes.contenttype",
    "pk": 7
},
{
    "fields": {
        "model": "intervalschedule",
        "name": "interval",
        "app_label": "djcelery"
    },
    "model": "contenttypes.contenttype",
    "pk": 8
},
{
    "fields": {
        "model": "crontabschedule",
        "name": "crontab",
        "app_label": "djcelery"
    },
    "model": "contenttypes.contenttype",
    "pk": 9
},
{
    "fields": {
        "model": "periodictasks",
        "name": "periodic tasks",
        "app_label": "djcelery"
    },
    "model": "contenttypes.contenttype",
    "pk": 10
},
{
    "fields": {
        "model": "periodictask",
        "name": "periodic task",
        "app_label": "djcelery"
    },
    "model": "contenttypes.contenttype",
    "pk": 11
},
{
    "fields": {
        "model": "workerstate",
        "name": "worker",
        "app_label": "djcelery"
    },
    "model": "contenttypes.contenttype",
    "pk": 12
},
{
    "fields": {
        "model": "taskstate",
        "name": "task",
        "app_label": "djcelery"
    },
    "model": "contenttypes.contenttype",
    "pk": 13
},
{
    "fields": {
        "model": "user",
        "name": "user",
        "app_label": "id_counter"
    },
    "model": "contenttypes.contenttype",
    "pk": 14
},
{
    "fields": {
        "model": "graph",
        "name": "graph",
        "app_label": "graph"
    },
    "model": "contenttypes.contenttype",
    "pk": 15
},
{
    "fields": {
        "model": "node",
        "name": "node",
        "app_label": "graph"
    },
    "model": "contenttypes.contenttype",
    "pk": 16
},
{
    "fields": {
        "model": "playermodel",
        "name": "player model",
        "app_label": "graph"
    },
    "model": "contenttypes.contenttype",
    "pk": 17
},
{
    "fields": {
        "model": "player",
        "name": "player",
        "app_label": "graph"
    },
    "model": "contenttypes.contenttype",
    "pk": 18
},
{
    "fields": {
        "model": "edge",
        "name": "edge",
        "app_label": "graph"
    },
    "model": "contenttypes.contenttype",
    "pk": 19
},
{
    "fields": {
        "model": "path",
        "name": "path",
        "app_label": "graph"
    },
    "model": "contenttypes.contenttype",
    "pk": 20
},
{
    "fields": {
        "model": "pathflowassignment",
        "name": "path flow assignment",
        "app_label": "graph"
    },
    "model": "contenttypes.contenttype",
    "pk": 21
},
{
    "fields": {
        "model": "gameturn",
        "name": "game turn",
        "app_label": "graph"
    },
    "model": "contenttypes.contenttype",
    "pk": 22
},
{
    "fields": {
        "model": "flowdistribution",
        "name": "flow distribution",
        "app_label": "graph"
    },
    "model": "contenttypes.contenttype",
    "pk": 23
},
{
    "fields": {
        "model": "learningrate",
        "name": "learning rate",
        "app_label": "graph"
    },
    "model": "contenttypes.contenttype",
    "pk": 24
},
{
    "fields": {
        "model": "edgecost",
        "name": "edge cost",
        "app_label": "graph"
    },
    "model": "contenttypes.contenttype",
    "pk": 25
},
{
    "fields": {
        "model": "graphcost",
        "name": "graph cost",
        "app_label": "graph"
    },
    "model": "contenttypes.contenttype",
    "pk": 26
},
{
    "fields": {
        "model": "game",
        "name": "game",
        "app_label": "graph"
    },
    "model": "contenttypes.contenttype",
    "pk": 27
},
{
    "fields": {
        "model": "request",
        "name": "request",
        "app_label": "silk"
    },
    "model": "contenttypes.contenttype",
    "pk": 28
},
{
    "fields": {
        "model": "response",
        "name": "response",
        "app_label": "silk"
    },
    "model": "contenttypes.contenttype",
    "pk": 29
},
{
    "fields": {
        "model": "sqlquery",
        "name": "sql query",
        "app_label": "silk"
    },
    "model": "contenttypes.contenttype",
    "pk": 30
},
{
    "fields": {
        "model": "profile",
        "name": "profile",
        "app_label": "silk"
    },
    "model": "contenttypes.contenttype",
    "pk": 31
},
{
    "fields": {
        "expire_date": "2016-05-17T20:07:35.945Z",
        "session_data": "NmM1M2JkNjZlYjUwMTI1NTllN2QyODUxZmNmODNlYjc2NjI0Y2Y0NDp7Il9hdXRoX3VzZXJfaGFzaCI6IjNkOGNjYzU3NzYzYjBiODAyZDBkY2M2ODJjOGYxNTI1Zjk2NmVkOTAiLCJfYXV0aF91c2VyX2JhY2tlbmQiOiJkamFuZ28uY29udHJpYi5hdXRoLmJhY2tlbmRzLk1vZGVsQmFja2VuZCIsIl9hdXRoX3VzZXJfaWQiOjF9"
    },
    "model": "sessions.session",
    "pk": "0zput36oq9qvq9bf6ezalxa8miiouxq3"
},
{
    "fields": {
        "expire_date": "2016-05-17T20:11:53.895Z",
        "session_data": "ZjRlMWI5OTgxZDA3OTlmNzczNjgxOTg0YjMyMmFhM2NiNmJiNzE5MDp7fQ=="
    },
    "model": "sessions.session",
    "pk": "6cvg5zyn1p4a6krscw2cu6oxmgzgbfd5"
},
{
    "fields": {
        "expire_date": "2016-05-17T19:52:15.134Z",
        "session_data": "ZjRlMWI5OTgxZDA3OTlmNzczNjgxOTg0YjMyMmFhM2NiNmJiNzE5MDp7fQ=="
    },
    "model": "sessions.session",
    "pk": "8wmkpfj1crvmdo4dgl9slbl6f0mntvcn"
},
{
    "fields": {
        "expire_date": "2016-05-18T23:14:13.477Z",
        "session_data": "ZjRlMWI5OTgxZDA3OTlmNzczNjgxOTg0YjMyMmFhM2NiNmJiNzE5MDp7fQ=="
    },
    "model": "sessions.session",
    "pk": "dlsgfn0azdzw79la127itgfq0vwgznyx"
},
{
    "fields": {
        "expire_date": "2016-05-18T23:14:34.924Z",
        "session_data": "NmM1M2JkNjZlYjUwMTI1NTllN2QyODUxZmNmODNlYjc2NjI0Y2Y0NDp7Il9hdXRoX3VzZXJfaGFzaCI6IjNkOGNjYzU3NzYzYjBiODAyZDBkY2M2ODJjOGYxNTI1Zjk2NmVkOTAiLCJfYXV0aF91c2VyX2JhY2tlbmQiOiJkamFuZ28uY29udHJpYi5hdXRoLmJhY2tlbmRzLk1vZGVsQmFja2VuZCIsIl9hdXRoX3VzZXJfaWQiOjF9"
    },
    "model": "sessions.session",
    "pk": "l4hzpgk0c9v9zy1lmymn0he49jfzyu6j"
},
{
    "fields": {
        "expire_date": "2016-05-17T19:52:45.121Z",
        "session_data": "NmM1M2JkNjZlYjUwMTI1NTllN2QyODUxZmNmODNlYjc2NjI0Y2Y0NDp7Il9hdXRoX3VzZXJfaGFzaCI6IjNkOGNjYzU3NzYzYjBiODAyZDBkY2M2ODJjOGYxNTI1Zjk2NmVkOTAiLCJfYXV0aF91c2VyX2JhY2tlbmQiOiJkamFuZ28uY29udHJpYi5hdXRoLmJhY2tlbmRzLk1vZGVsQmFja2VuZCIsIl9hdXRoX3VzZXJfaWQiOjF9"
    },
    "model": "sessions.session",
    "pk": "v5kf1we9a650bea8h7syxh48xk5yrl51"
},
{
    "fields": {
        "expire_date": "2016-05-17T19:52:14.108Z",
        "session_data": "ZjRlMWI5OTgxZDA3OTlmNzczNjgxOTg0YjMyMmFhM2NiNmJiNzE5MDp7fQ=="
    },
    "model": "sessions.session",
    "pk": "vfarjth3phzx2c3cyny7atobs8rj98kc"
},
{
    "fields": {
        "expire_date": "2016-05-18T23:14:10.539Z",
        "session_data": "ZjRlMWI5OTgxZDA3OTlmNzczNjgxOTg0YjMyMmFhM2NiNmJiNzE5MDp7fQ=="
    },
    "model": "sessions.session",
    "pk": "wqfqvr8r4nnrnn1347dk5oae9jsj5zvi"
},
{
    "fields": {
        "expire_date": "2016-05-17T20:07:22.083Z",
        "session_data": "ZjRlMWI5OTgxZDA3OTlmNzczNjgxOTg0YjMyMmFhM2NiNmJiNzE5MDp7fQ=="
    },
    "model": "sessions.session",
    "pk": "zhf87gqn0b7fo53n9v6sbam7uvt0wrxl"
},
{
    "fields": {
        "graph_ui": "{\"graph\": \"G1\", \"nodes\": [{\"index\": 0, \"reflexive\": false, \"weight\": 3, \"px\": 141, \"py\": 383, \"y\": 383, \"x\": 141, \"id\": 1}, {\"index\": 1, \"reflexive\": false, \"weight\": 3, \"px\": 150, \"py\": 322, \"y\": 322, \"x\": 150, \"id\": 2}, {\"index\": 2, \"reflexive\": false, \"weight\": 3, \"px\": 232, \"py\": 382, \"y\": 382, \"x\": 232, \"id\": 3}, {\"index\": 3, \"reflexive\": false, \"weight\": 3, \"px\": 256, \"py\": 309, \"y\": 309, \"x\": 256, \"id\": 4}, {\"index\": 4, \"reflexive\": false, \"weight\": 4, \"px\": 189, \"py\": 350, \"y\": 350, \"x\": 189, \"id\": 5}], \"game\": \"game\", \"links\": [{\"id\": \"1a8dfa44f85762638ecdad13c2c63bd5\", \"source\": {\"index\": 0, \"reflexive\": false, \"weight\": 3, \"px\": 141, \"py\": 383, \"y\": 383, \"x\": 141, \"id\": 1}, \"right\": true, \"target\": {\"index\": 1, \"reflexive\": false, \"weight\": 3, \"px\": 150, \"py\": 322, \"y\": 322, \"x\": 150, \"id\": 2}, \"left\": false}, {\"id\": \"af30d68d69cd477a8d338d30ac71f284\", \"source\": {\"index\": 0, \"reflexive\": false, \"weight\": 3, \"px\": 141, \"py\": 383, \"y\": 383, \"x\": 141, \"id\": 1}, \"right\": true, \"target\": {\"index\": 4, \"reflexive\": false, \"weight\": 4, \"px\": 189, \"py\": 350, \"y\": 350, \"x\": 189, \"id\": 5}, \"left\": false}, {\"id\": \"597d26314ae0fe7584ccb788627a12cb\", \"source\": {\"index\": 0, \"reflexive\": false, \"weight\": 3, \"px\": 141, \"py\": 383, \"y\": 383, \"x\": 141, \"id\": 1}, \"right\": true, \"target\": {\"index\": 2, \"reflexive\": false, \"weight\": 3, \"px\": 232, \"py\": 382, \"y\": 382, \"x\": 232, \"id\": 3}, \"left\": false}, {\"id\": \"52bf4b8339d50f405bf9c8fbb61bb2d7\", \"source\": {\"index\": 2, \"reflexive\": false, \"weight\": 3, \"px\": 232, \"py\": 382, \"y\": 382, \"x\": 232, \"id\": 3}, \"right\": true, \"target\": {\"index\": 3, \"reflexive\": false, \"weight\": 3, \"px\": 256, \"py\": 309, \"y\": 309, \"x\": 256, \"id\": 4}, \"left\": false}, {\"id\": \"efc32b6da2853ee35bfdf3a957f43e17\", \"source\": {\"index\": 3, \"reflexive\": false, \"weight\": 3, \"px\": 256, \"py\": 309, \"y\": 309, \"x\": 256, \"id\": 4}, \"right\": false, \"target\": {\"index\": 4, \"reflexive\": false, \"weight\": 4, \"px\": 189, \"py\": 350, \"y\": 350, \"x\": 189, \"id\": 5}, \"left\": true}, {\"id\": \"d68ae73ba7c844ad9706b6931ba559f4\", \"source\": {\"index\": 1, \"reflexive\": false, \"weight\": 3, \"px\": 150, \"py\": 322, \"y\": 322, \"x\": 150, \"id\": 2}, \"right\": true, \"target\": {\"index\": 3, \"reflexive\": false, \"weight\": 3, \"px\": 256, \"py\": 309, \"y\": 309, \"x\": 256, \"id\": 4}, \"left\": false}, {\"id\": \"f1f0fd71a039ed2abd26c361f9f76c00\", \"source\": {\"index\": 2, \"reflexive\": false, \"weight\": 3, \"px\": 232, \"py\": 382, \"y\": 382, \"x\": 232, \"id\": 3}, \"right\": false, \"target\": {\"index\": 4, \"reflexive\": false, \"weight\": 4, \"px\": 189, \"py\": 350, \"y\": 350, \"x\": 189, \"id\": 5}, \"left\": true}, {\"id\": \"02f70f1e74d3f8f855fd0eb2c1a245b1\", \"source\": {\"index\": 1, \"reflexive\": false, \"weight\": 3, \"px\": 150, \"py\": 322, \"y\": 322, \"x\": 150, \"id\": 2}, \"right\": false, \"target\": {\"index\": 4, \"reflexive\": false, \"weight\": 4, \"px\": 189, \"py\": 350, \"y\": 350, \"x\": 189, \"id\": 5}, \"left\": true}]}"
    },
    "model": "graph.graph",
    "pk": "G1"
},
{
    "fields": {
        "graph_ui": "{\"graph\": \"G2\", \"nodes\": [{\"index\": 0, \"reflexive\": false, \"weight\": 4, \"px\": 134, \"py\": 344, \"y\": 344, \"x\": 134, \"id\": 1}, {\"index\": 1, \"reflexive\": false, \"weight\": 2, \"px\": 124, \"py\": 228, \"y\": 228, \"x\": 124, \"id\": 2}, {\"index\": 2, \"reflexive\": false, \"weight\": 2, \"px\": 239, \"py\": 304, \"y\": 304, \"x\": 239, \"id\": 3}, {\"index\": 3, \"reflexive\": false, \"weight\": 2, \"px\": 182, \"py\": 266, \"y\": 266, \"x\": 182, \"id\": 4}, {\"index\": 4, \"reflexive\": false, \"weight\": 4, \"px\": 242, \"py\": 209, \"y\": 209, \"x\": 242, \"id\": 5}], \"game\": \"game\", \"links\": [{\"id\": \"9df326dce0c37020289367ff9f197b11\", \"source\": {\"index\": 0, \"reflexive\": false, \"weight\": 4, \"px\": 134, \"py\": 344, \"y\": 344, \"x\": 134, \"id\": 1}, \"right\": true, \"target\": {\"index\": 1, \"reflexive\": false, \"weight\": 2, \"px\": 124, \"py\": 228, \"y\": 228, \"x\": 124, \"id\": 2}, \"left\": false}, {\"id\": \"e0e342745b9fc099414622eee7c398b3\", \"source\": {\"index\": 0, \"reflexive\": false, \"weight\": 4, \"px\": 134, \"py\": 344, \"y\": 344, \"x\": 134, \"id\": 1}, \"right\": true, \"target\": {\"index\": 3, \"reflexive\": false, \"weight\": 2, \"px\": 182, \"py\": 266, \"y\": 266, \"x\": 182, \"id\": 4}, \"left\": false}, {\"id\": \"c9702c297758685cabdd18dbafa7cfb3\", \"source\": {\"index\": 0, \"reflexive\": false, \"weight\": 4, \"px\": 134, \"py\": 344, \"y\": 344, \"x\": 134, \"id\": 1}, \"right\": true, \"target\": {\"index\": 2, \"reflexive\": false, \"weight\": 2, \"px\": 239, \"py\": 304, \"y\": 304, \"x\": 239, \"id\": 3}, \"left\": false}, {\"id\": \"40f3fb0933029f3805a67902d405e07d\", \"source\": {\"index\": 2, \"reflexive\": false, \"weight\": 2, \"px\": 239, \"py\": 304, \"y\": 304, \"x\": 239, \"id\": 3}, \"right\": true, \"target\": {\"index\": 4, \"reflexive\": false, \"weight\": 4, \"px\": 242, \"py\": 209, \"y\": 209, \"x\": 242, \"id\": 5}, \"left\": false}, {\"id\": \"5189248056c8e8a580b062345b8e37c5\", \"source\": {\"index\": 1, \"reflexive\": false, \"weight\": 2, \"px\": 124, \"py\": 228, \"y\": 228, \"x\": 124, \"id\": 2}, \"right\": true, \"target\": {\"index\": 4, \"reflexive\": false, \"weight\": 4, \"px\": 242, \"py\": 209, \"y\": 209, \"x\": 242, \"id\": 5}, \"left\": false}, {\"id\": \"e3ad9b2442a7b418d25ad68ddfe289ba\", \"source\": {\"index\": 3, \"reflexive\": false, \"weight\": 2, \"px\": 182, \"py\": 266, \"y\": 266, \"x\": 182, \"id\": 4}, \"right\": true, \"target\": {\"index\": 4, \"reflexive\": false, \"weight\": 4, \"px\": 242, \"py\": 209, \"y\": 209, \"x\": 242, \"id\": 5}, \"left\": false}, {\"id\": \"4c1beb1c629f75f8dbcc0b2619eb153c\", \"source\": {\"index\": 0, \"reflexive\": false, \"weight\": 4, \"px\": 134, \"py\": 344, \"y\": 344, \"x\": 134, \"id\": 1}, \"right\": true, \"target\": {\"index\": 4, \"reflexive\": false, \"weight\": 4, \"px\": 242, \"py\": 209, \"y\": 209, \"x\": 242, \"id\": 5}, \"left\": false}]}"
    },
    "model": "graph.graph",
    "pk": "G2"
},
{
    "fields": {
        "graph_ui": "{\"graph\": \"G3\", \"nodes\": [{\"index\": 0, \"reflexive\": false, \"weight\": 3, \"px\": 144, \"py\": 222, \"y\": 222, \"x\": 144, \"id\": 1}, {\"index\": 1, \"reflexive\": false, \"weight\": 3, \"px\": 189, \"py\": 146, \"y\": 146, \"x\": 189, \"id\": 2}, {\"index\": 2, \"reflexive\": false, \"weight\": 2, \"px\": 206, \"py\": 174, \"y\": 174, \"x\": 206, \"id\": 3}, {\"index\": 3, \"reflexive\": false, \"weight\": 4, \"px\": 292, \"py\": 127, \"y\": 127, \"x\": 292, \"id\": 4}, {\"index\": 4, \"reflexive\": false, \"weight\": 2, \"px\": 408, \"py\": 167, \"y\": 167, \"x\": 408, \"id\": 5}, {\"index\": 5, \"reflexive\": false, \"weight\": 3, \"px\": 361, \"py\": 271, \"y\": 271, \"x\": 361, \"id\": 6}, {\"index\": 6, \"reflexive\": false, \"weight\": 3, \"px\": 227, \"py\": 284, \"y\": 284, \"x\": 227, \"id\": 7}], \"game\": \"game\", \"links\": [{\"id\": \"7558183efd7c6dc88ce8d47116bc81f8\", \"source\": {\"index\": 0, \"reflexive\": false, \"weight\": 3, \"px\": 144, \"py\": 222, \"y\": 222, \"x\": 144, \"id\": 1}, \"right\": true, \"target\": {\"index\": 1, \"reflexive\": false, \"weight\": 3, \"px\": 189, \"py\": 146, \"y\": 146, \"x\": 189, \"id\": 2}, \"left\": false}, {\"id\": \"a5de6506bb6f07d184cbea110663d4c3\", \"source\": {\"index\": 1, \"reflexive\": false, \"weight\": 3, \"px\": 189, \"py\": 146, \"y\": 146, \"x\": 189, \"id\": 2}, \"right\": true, \"target\": {\"index\": 5, \"reflexive\": false, \"weight\": 3, \"px\": 361, \"py\": 271, \"y\": 271, \"x\": 361, \"id\": 6}, \"left\": false}, {\"id\": \"80addc2c3fde8d736ec04967ec4f8f40\", \"source\": {\"index\": 2, \"reflexive\": false, \"weight\": 2, \"px\": 206, \"py\": 174, \"y\": 174, \"x\": 206, \"id\": 3}, \"right\": true, \"target\": {\"index\": 3, \"reflexive\": false, \"weight\": 4, \"px\": 292, \"py\": 127, \"y\": 127, \"x\": 292, \"id\": 4}, \"left\": false}, {\"id\": \"f57eaf1d1b20e8aa1443afc7aee326d3\", \"source\": {\"index\": 0, \"reflexive\": false, \"weight\": 3, \"px\": 144, \"py\": 222, \"y\": 222, \"x\": 144, \"id\": 1}, \"right\": true, \"target\": {\"index\": 2, \"reflexive\": false, \"weight\": 2, \"px\": 206, \"py\": 174, \"y\": 174, \"x\": 206, \"id\": 3}, \"left\": false}, {\"id\": \"0ec1834ff9381f5d44ef130deee74ff1\", \"source\": {\"index\": 1, \"reflexive\": false, \"weight\": 3, \"px\": 189, \"py\": 146, \"y\": 146, \"x\": 189, \"id\": 2}, \"right\": true, \"target\": {\"index\": 3, \"reflexive\": false, \"weight\": 4, \"px\": 292, \"py\": 127, \"y\": 127, \"x\": 292, \"id\": 4}, \"left\": false}, {\"id\": \"5b8725e2f1abde9e87857504a24a4a32\", \"source\": {\"index\": 3, \"reflexive\": false, \"weight\": 4, \"px\": 292, \"py\": 127, \"y\": 127, \"x\": 292, \"id\": 4}, \"right\": true, \"target\": {\"index\": 6, \"reflexive\": false, \"weight\": 3, \"px\": 227, \"py\": 284, \"y\": 284, \"x\": 227, \"id\": 7}, \"left\": false}, {\"id\": \"6ef22bfea3ed3466a5e863c170502fef\", \"source\": {\"index\": 0, \"reflexive\": false, \"weight\": 3, \"px\": 144, \"py\": 222, \"y\": 222, \"x\": 144, \"id\": 1}, \"right\": false, \"target\": {\"index\": 6, \"reflexive\": false, \"weight\": 3, \"px\": 227, \"py\": 284, \"y\": 284, \"x\": 227, \"id\": 7}, \"left\": true}, {\"id\": \"d1159f3adfa2086284e448d838d984cc\", \"source\": {\"index\": 3, \"reflexive\": false, \"weight\": 4, \"px\": 292, \"py\": 127, \"y\": 127, \"x\": 292, \"id\": 4}, \"right\": true, \"target\": {\"index\": 4, \"reflexive\": false, \"weight\": 2, \"px\": 408, \"py\": 167, \"y\": 167, \"x\": 408, \"id\": 5}, \"left\": false}, {\"id\": \"eb285bbcc74b1cc4b6449b3d1a62de23\", \"source\": {\"index\": 4, \"reflexive\": false, \"weight\": 2, \"px\": 408, \"py\": 167, \"y\": 167, \"x\": 408, \"id\": 5}, \"right\": true, \"target\": {\"index\": 5, \"reflexive\": false, \"weight\": 3, \"px\": 361, \"py\": 271, \"y\": 271, \"x\": 361, \"id\": 6}, \"left\": false}, {\"id\": \"20c200c84ed330844044d89ac1b8c609\", \"source\": {\"index\": 5, \"reflexive\": false, \"weight\": 3, \"px\": 361, \"py\": 271, \"y\": 271, \"x\": 361, \"id\": 6}, \"right\": true, \"target\": {\"index\": 6, \"reflexive\": false, \"weight\": 3, \"px\": 227, \"py\": 284, \"y\": 284, \"x\": 227, \"id\": 7}, \"left\": false}]}"
    },
    "model": "graph.graph",
    "pk": "G3"
},
{
    "fields": {
        "graph": "G1",
        "ui_id": 2
    },
    "model": "graph.node",
    "pk": "11ab4ee8-ac44-465b-bf45-eb07aa407889"
},
{
    "fields": {
        "graph": "G3",
        "ui_id": 3
    },
    "model": "graph.node",
    "pk": "14bbb4f4-13df-417b-a782-09d5506cd361"
},
{
    "fields": {
        "graph": "G3",
        "ui_id": 7
    },
    "model": "graph.node",
    "pk": "28ab051a-d838-4ab6-aa6e-97f30a03f606"
},
{
    "fields": {
        "graph": "G1",
        "ui_id": 4
    },
    "model": "graph.node",
    "pk": "3cec6e2c-0d04-4950-848d-deb87c4b4d20"
},
{
    "fields": {
        "graph": "G2",
        "ui_id": 3
    },
    "model": "graph.node",
    "pk": "50580369-c22f-445c-b281-8b0a3bdeef87"
},
{
    "fields": {
        "graph": "G3",
        "ui_id": 1
    },
    "model": "graph.node",
    "pk": "642f2549-ee49-4158-b3d7-2469448fc602"
},
{
    "fields": {
        "graph": "G2",
        "ui_id": 4
    },
    "model": "graph.node",
    "pk": "6ce5e675-1818-47a5-b745-20efdf0fe6d6"
},
{
    "fields": {
        "graph": "G3",
        "ui_id": 6
    },
    "model": "graph.node",
    "pk": "8075b996-11a2-419c-9e92-970b35a9f0ff"
},
{
    "fields": {
        "graph": "G3",
        "ui_id": 2
    },
    "model": "graph.node",
    "pk": "a1ee1396-5851-4d1d-b936-c2eb1c59cab2"
},
{
    "fields": {
        "graph": "G1",
        "ui_id": 1
    },
    "model": "graph.node",
    "pk": "acf3ddbe-bc88-4203-a492-19981d8e0325"
},
{
    "fields": {
        "graph": "G2",
        "ui_id": 5
    },
    "model": "graph.node",
    "pk": "c35204f7-d5d5-48bd-82d4-8058581a66a4"
},
{
    "fields": {
        "graph": "G3",
        "ui_id": 4
    },
    "model": "graph.node",
    "pk": "c9a6678c-16a7-4db2-9fdb-812f5f5bb0f6"
},
{
    "fields": {
        "graph": "G2",
        "ui_id": 2
    },
    "model": "graph.node",
    "pk": "cf34905e-c2a3-45db-9d4a-ba508684483d"
},
{
    "fields": {
        "graph": "G1",
        "ui_id": 5
    },
    "model": "graph.node",
    "pk": "d38a04ed-345b-4e37-b74b-f31ab04b094b"
},
{
    "fields": {
        "graph": "G2",
        "ui_id": 1
    },
    "model": "graph.node",
    "pk": "ea8e45fa-607b-460a-a572-58fc81a1d040"
},
{
    "fields": {
        "graph": "G3",
        "ui_id": 5
    },
    "model": "graph.node",
    "pk": "f8ffd6ae-a28e-43c3-b3a3-f59d6cde75d1"
},
{
    "fields": {
        "graph": "G1",
        "ui_id": 3
    },
    "model": "graph.node",
    "pk": "fe3f28f9-24e6-48e2-b67d-042a84e54d2f"
},
{
    "fields": {
        "destination_node": "3cec6e2c-0d04-4950-848d-deb87c4b4d20",
        "graph": "G1",
        "in_use": true,
        "flow": 1.0,
        "normalization_const": null,
        "start_node": "acf3ddbe-bc88-4203-a492-19981d8e0325"
    },
    "model": "graph.playermodel",
    "pk": "G1_PM1"
},
{
    "fields": {
        "destination_node": "3cec6e2c-0d04-4950-848d-deb87c4b4d20",
        "graph": "G1",
        "in_use": true,
        "flow": 1.0,
        "normalization_const": null,
        "start_node": "acf3ddbe-bc88-4203-a492-19981d8e0325"
    },
    "model": "graph.playermodel",
    "pk": "G1_PM2"
},
{
    "fields": {
        "destination_node": "3cec6e2c-0d04-4950-848d-deb87c4b4d20",
        "graph": "G1",
        "in_use": true,
        "flow": 1.0,
        "normalization_const": null,
        "start_node": "acf3ddbe-bc88-4203-a492-19981d8e0325"
    },
    "model": "graph.playermodel",
    "pk": "G1_PM3"
},
{
    "fields": {
        "destination_node": "c35204f7-d5d5-48bd-82d4-8058581a66a4",
        "graph": "G2",
        "in_use": false,
        "flow": 1.0,
        "normalization_const": null,
        "start_node": "ea8e45fa-607b-460a-a572-58fc81a1d040"
    },
    "model": "graph.playermodel",
    "pk": "G2_PM1"
},
{
    "fields": {
        "destination_node": "c35204f7-d5d5-48bd-82d4-8058581a66a4",
        "graph": "G2",
        "in_use": false,
        "flow": 1.0,
        "normalization_const": null,
        "start_node": "ea8e45fa-607b-460a-a572-58fc81a1d040"
    },
    "model": "graph.playermodel",
    "pk": "G2_PM2"
},
{
    "fields": {
        "destination_node": "c35204f7-d5d5-48bd-82d4-8058581a66a4",
        "graph": "G2",
        "in_use": false,
        "flow": 1.0,
        "normalization_const": null,
        "start_node": "ea8e45fa-607b-460a-a572-58fc81a1d040"
    },
    "model": "graph.playermodel",
    "pk": "G2_PM3"
},
{
    "fields": {
        "destination_node": "642f2549-ee49-4158-b3d7-2469448fc602",
        "graph": "G3",
        "in_use": false,
        "flow": 1.0,
        "normalization_const": null,
        "start_node": "642f2549-ee49-4158-b3d7-2469448fc602"
    },
    "model": "graph.playermodel",
    "pk": "G3_PM1"
},
{
    "fields": {
        "destination_node": "642f2549-ee49-4158-b3d7-2469448fc602",
        "graph": "G3",
        "in_use": false,
        "flow": 1.0,
        "normalization_const": null,
        "start_node": "642f2549-ee49-4158-b3d7-2469448fc602"
    },
    "model": "graph.playermodel",
    "pk": "G3_PM2"
},
{
    "fields": {
        "destination_node": "642f2549-ee49-4158-b3d7-2469448fc602",
        "graph": "G3",
        "in_use": false,
        "flow": 1.0,
        "normalization_const": null,
        "start_node": "642f2549-ee49-4158-b3d7-2469448fc602"
    },
    "model": "graph.playermodel",
    "pk": "G3_PM3"
},
{
    "fields": {
        "graph": "G1",
        "cost_function": "x",
        "to_node": "11ab4ee8-ac44-465b-bf45-eb07aa407889",
        "from_node": "d38a04ed-345b-4e37-b74b-f31ab04b094b"
    },
    "model": "graph.edge",
    "pk": "02f70f1e74d3f8f855fd0eb2c1a245b1"
},
{
    "fields": {
        "graph": "G3",
        "cost_function": "x",
        "to_node": "c9a6678c-16a7-4db2-9fdb-812f5f5bb0f6",
        "from_node": "a1ee1396-5851-4d1d-b936-c2eb1c59cab2"
    },
    "model": "graph.edge",
    "pk": "0ec1834ff9381f5d44ef130deee74ff1"
},
{
    "fields": {
        "graph": "G1",
        "cost_function": "x",
        "to_node": "11ab4ee8-ac44-465b-bf45-eb07aa407889",
        "from_node": "acf3ddbe-bc88-4203-a492-19981d8e0325"
    },
    "model": "graph.edge",
    "pk": "1a8dfa44f85762638ecdad13c2c63bd5"
},
{
    "fields": {
        "graph": "G3",
        "cost_function": "x",
        "to_node": "28ab051a-d838-4ab6-aa6e-97f30a03f606",
        "from_node": "8075b996-11a2-419c-9e92-970b35a9f0ff"
    },
    "model": "graph.edge",
    "pk": "20c200c84ed330844044d89ac1b8c609"
},
{
    "fields": {
        "graph": "G2",
        "cost_function": "x",
        "to_node": "c35204f7-d5d5-48bd-82d4-8058581a66a4",
        "from_node": "50580369-c22f-445c-b281-8b0a3bdeef87"
    },
    "model": "graph.edge",
    "pk": "40f3fb0933029f3805a67902d405e07d"
},
{
    "fields": {
        "graph": "G2",
        "cost_function": "x",
        "to_node": "c35204f7-d5d5-48bd-82d4-8058581a66a4",
        "from_node": "ea8e45fa-607b-460a-a572-58fc81a1d040"
    },
    "model": "graph.edge",
    "pk": "4c1beb1c629f75f8dbcc0b2619eb153c"
},
{
    "fields": {
        "graph": "G2",
        "cost_function": "x",
        "to_node": "c35204f7-d5d5-48bd-82d4-8058581a66a4",
        "from_node": "cf34905e-c2a3-45db-9d4a-ba508684483d"
    },
    "model": "graph.edge",
    "pk": "5189248056c8e8a580b062345b8e37c5"
},
{
    "fields": {
        "graph": "G1",
        "cost_function": "x",
        "to_node": "3cec6e2c-0d04-4950-848d-deb87c4b4d20",
        "from_node": "fe3f28f9-24e6-48e2-b67d-042a84e54d2f"
    },
    "model": "graph.edge",
    "pk": "52bf4b8339d50f405bf9c8fbb61bb2d7"
},
{
    "fields": {
        "graph": "G1",
        "cost_function": "x",
        "to_node": "fe3f28f9-24e6-48e2-b67d-042a84e54d2f",
        "from_node": "acf3ddbe-bc88-4203-a492-19981d8e0325"
    },
    "model": "graph.edge",
    "pk": "597d26314ae0fe7584ccb788627a12cb"
},
{
    "fields": {
        "graph": "G3",
        "cost_function": "x",
        "to_node": "28ab051a-d838-4ab6-aa6e-97f30a03f606",
        "from_node": "c9a6678c-16a7-4db2-9fdb-812f5f5bb0f6"
    },
    "model": "graph.edge",
    "pk": "5b8725e2f1abde9e87857504a24a4a32"
},
{
    "fields": {
        "graph": "G3",
        "cost_function": "x",
        "to_node": "642f2549-ee49-4158-b3d7-2469448fc602",
        "from_node": "28ab051a-d838-4ab6-aa6e-97f30a03f606"
    },
    "model": "graph.edge",
    "pk": "6ef22bfea3ed3466a5e863c170502fef"
},
{
    "fields": {
        "graph": "G3",
        "cost_function": "x",
        "to_node": "a1ee1396-5851-4d1d-b936-c2eb1c59cab2",
        "from_node": "642f2549-ee49-4158-b3d7-2469448fc602"
    },
    "model": "graph.edge",
    "pk": "7558183efd7c6dc88ce8d47116bc81f8"
},
{
    "fields": {
        "graph": "G3",
        "cost_function": "x",
        "to_node": "c9a6678c-16a7-4db2-9fdb-812f5f5bb0f6",
        "from_node": "14bbb4f4-13df-417b-a782-09d5506cd361"
    },
    "model": "graph.edge",
    "pk": "80addc2c3fde8d736ec04967ec4f8f40"
},
{
    "fields": {
        "graph": "G2",
        "cost_function": "x",
        "to_node": "cf34905e-c2a3-45db-9d4a-ba508684483d",
        "from_node": "ea8e45fa-607b-460a-a572-58fc81a1d040"
    },
    "model": "graph.edge",
    "pk": "9df326dce0c37020289367ff9f197b11"
},
{
    "fields": {
        "graph": "G3",
        "cost_function": "x",
        "to_node": "8075b996-11a2-419c-9e92-970b35a9f0ff",
        "from_node": "a1ee1396-5851-4d1d-b936-c2eb1c59cab2"
    },
    "model": "graph.edge",
    "pk": "a5de6506bb6f07d184cbea110663d4c3"
},
{
    "fields": {
        "graph": "G1",
        "cost_function": "x",
        "to_node": "d38a04ed-345b-4e37-b74b-f31ab04b094b",
        "from_node": "acf3ddbe-bc88-4203-a492-19981d8e0325"
    },
    "model": "graph.edge",
    "pk": "af30d68d69cd477a8d338d30ac71f284"
},
{
    "fields": {
        "graph": "G2",
        "cost_function": "x",
        "to_node": "50580369-c22f-445c-b281-8b0a3bdeef87",
        "from_node": "ea8e45fa-607b-460a-a572-58fc81a1d040"
    },
    "model": "graph.edge",
    "pk": "c9702c297758685cabdd18dbafa7cfb3"
},
{
    "fields": {
        "graph": "G3",
        "cost_function": "x",
        "to_node": "f8ffd6ae-a28e-43c3-b3a3-f59d6cde75d1",
        "from_node": "c9a6678c-16a7-4db2-9fdb-812f5f5bb0f6"
    },
    "model": "graph.edge",
    "pk": "d1159f3adfa2086284e448d838d984cc"
},
{
    "fields": {
        "graph": "G1",
        "cost_function": "x",
        "to_node": "3cec6e2c-0d04-4950-848d-deb87c4b4d20",
        "from_node": "11ab4ee8-ac44-465b-bf45-eb07aa407889"
    },
    "model": "graph.edge",
    "pk": "d68ae73ba7c844ad9706b6931ba559f4"
},
{
    "fields": {
        "graph": "G2",
        "cost_function": "x",
        "to_node": "6ce5e675-1818-47a5-b745-20efdf0fe6d6",
        "from_node": "ea8e45fa-607b-460a-a572-58fc81a1d040"
    },
    "model": "graph.edge",
    "pk": "e0e342745b9fc099414622eee7c398b3"
},
{
    "fields": {
        "graph": "G2",
        "cost_function": "x",
        "to_node": "c35204f7-d5d5-48bd-82d4-8058581a66a4",
        "from_node": "6ce5e675-1818-47a5-b745-20efdf0fe6d6"
    },
    "model": "graph.edge",
    "pk": "e3ad9b2442a7b418d25ad68ddfe289ba"
},
{
    "fields": {
        "graph": "G3",
        "cost_function": "x",
        "to_node": "8075b996-11a2-419c-9e92-970b35a9f0ff",
        "from_node": "f8ffd6ae-a28e-43c3-b3a3-f59d6cde75d1"
    },
    "model": "graph.edge",
    "pk": "eb285bbcc74b1cc4b6449b3d1a62de23"
},
{
    "fields": {
        "graph": "G1",
        "cost_function": "x",
        "to_node": "3cec6e2c-0d04-4950-848d-deb87c4b4d20",
        "from_node": "d38a04ed-345b-4e37-b74b-f31ab04b094b"
    },
    "model": "graph.edge",
    "pk": "efc32b6da2853ee35bfdf3a957f43e17"
},
{
    "fields": {
        "graph": "G1",
        "cost_function": "x",
        "to_node": "fe3f28f9-24e6-48e2-b67d-042a84e54d2f",
        "from_node": "d38a04ed-345b-4e37-b74b-f31ab04b094b"
    },
    "model": "graph.edge",
    "pk": "f1f0fd71a039ed2abd26c361f9f76c00"
},
{
    "fields": {
        "graph": "G3",
        "cost_function": "x",
        "to_node": "14bbb4f4-13df-417b-a782-09d5506cd361",
        "from_node": "642f2549-ee49-4158-b3d7-2469448fc602"
    },
    "model": "graph.edge",
    "pk": "f57eaf1d1b20e8aa1443afc7aee326d3"
},
{
    "fields": {
        "graph": "G1",
        "edges": [
            "1a8dfa44f85762638ecdad13c2c63bd5",
            "d68ae73ba7c844ad9706b6931ba559f4"
        ],
        "player_model": "G1_PM3"
    },
    "model": "graph.path",
    "pk": 1
},
{
    "fields": {
        "graph": "G1",
        "edges": [
            "52bf4b8339d50f405bf9c8fbb61bb2d7",
            "597d26314ae0fe7584ccb788627a12cb"
        ],
        "player_model": "G1_PM3"
    },
    "model": "graph.path",
    "pk": 2
},
{
    "fields": {
        "graph": "G1",
        "edges": [
            "02f70f1e74d3f8f855fd0eb2c1a245b1",
            "af30d68d69cd477a8d338d30ac71f284",
            "d68ae73ba7c844ad9706b6931ba559f4"
        ],
        "player_model": "G1_PM3"
    },
    "model": "graph.path",
    "pk": 3
},
{
    "fields": {
        "graph": "G1",
        "edges": [
            "52bf4b8339d50f405bf9c8fbb61bb2d7",
            "af30d68d69cd477a8d338d30ac71f284",
            "f1f0fd71a039ed2abd26c361f9f76c00"
        ],
        "player_model": "G1_PM3"
    },
    "model": "graph.path",
    "pk": 4
},
{
    "fields": {
        "graph": "G1",
        "edges": [
            "af30d68d69cd477a8d338d30ac71f284",
            "efc32b6da2853ee35bfdf3a957f43e17"
        ],
        "player_model": "G1_PM3"
    },
    "model": "graph.path",
    "pk": 5
},
{
    "fields": {
        "graph": "G1",
        "edges": [
            "1a8dfa44f85762638ecdad13c2c63bd5",
            "d68ae73ba7c844ad9706b6931ba559f4"
        ],
        "player_model": "G1_PM2"
    },
    "model": "graph.path",
    "pk": 6
},
{
    "fields": {
        "graph": "G1",
        "edges": [
            "52bf4b8339d50f405bf9c8fbb61bb2d7",
            "597d26314ae0fe7584ccb788627a12cb"
        ],
        "player_model": "G1_PM2"
    },
    "model": "graph.path",
    "pk": 7
},
{
    "fields": {
        "graph": "G1",
        "edges": [
            "02f70f1e74d3f8f855fd0eb2c1a245b1",
            "af30d68d69cd477a8d338d30ac71f284",
            "d68ae73ba7c844ad9706b6931ba559f4"
        ],
        "player_model": "G1_PM2"
    },
    "model": "graph.path",
    "pk": 8
},
{
    "fields": {
        "graph": "G1",
        "edges": [
            "52bf4b8339d50f405bf9c8fbb61bb2d7",
            "af30d68d69cd477a8d338d30ac71f284",
            "f1f0fd71a039ed2abd26c361f9f76c00"
        ],
        "player_model": "G1_PM2"
    },
    "model": "graph.path",
    "pk": 9
},
{
    "fields": {
        "graph": "G1",
        "edges": [
            "af30d68d69cd477a8d338d30ac71f284",
            "efc32b6da2853ee35bfdf3a957f43e17"
        ],
        "player_model": "G1_PM2"
    },
    "model": "graph.path",
    "pk": 10
},
{
    "fields": {
        "graph": "G1",
        "edges": [
            "1a8dfa44f85762638ecdad13c2c63bd5",
            "d68ae73ba7c844ad9706b6931ba559f4"
        ],
        "player_model": "G1_PM1"
    },
    "model": "graph.path",
    "pk": 11
},
{
    "fields": {
        "graph": "G1",
        "edges": [
            "52bf4b8339d50f405bf9c8fbb61bb2d7",
            "597d26314ae0fe7584ccb788627a12cb"
        ],
        "player_model": "G1_PM1"
    },
    "model": "graph.path",
    "pk": 12
},
{
    "fields": {
        "graph": "G1",
        "edges": [
            "02f70f1e74d3f8f855fd0eb2c1a245b1",
            "af30d68d69cd477a8d338d30ac71f284",
            "d68ae73ba7c844ad9706b6931ba559f4"
        ],
        "player_model": "G1_PM1"
    },
    "model": "graph.path",
    "pk": 13
},
{
    "fields": {
        "graph": "G1",
        "edges": [
            "52bf4b8339d50f405bf9c8fbb61bb2d7",
            "af30d68d69cd477a8d338d30ac71f284",
            "f1f0fd71a039ed2abd26c361f9f76c00"
        ],
        "player_model": "G1_PM1"
    },
    "model": "graph.path",
    "pk": 14
},
{
    "fields": {
        "graph": "G1",
        "edges": [
            "af30d68d69cd477a8d338d30ac71f284",
            "efc32b6da2853ee35bfdf3a957f43e17"
        ],
        "player_model": "G1_PM1"
    },
    "model": "graph.path",
    "pk": 15
},
{
    "fields": {
        "graph": "G2",
        "edges": [
            "5189248056c8e8a580b062345b8e37c5",
            "9df326dce0c37020289367ff9f197b11"
        ],
        "player_model": "G2_PM3"
    },
    "model": "graph.path",
    "pk": 16
},
{
    "fields": {
        "graph": "G2",
        "edges": [
            "40f3fb0933029f3805a67902d405e07d",
            "c9702c297758685cabdd18dbafa7cfb3"
        ],
        "player_model": "G2_PM3"
    },
    "model": "graph.path",
    "pk": 17
},
{
    "fields": {
        "graph": "G2",
        "edges": [
            "e0e342745b9fc099414622eee7c398b3",
            "e3ad9b2442a7b418d25ad68ddfe289ba"
        ],
        "player_model": "G2_PM3"
    },
    "model": "graph.path",
    "pk": 18
},
{
    "fields": {
        "graph": "G2",
        "edges": [
            "4c1beb1c629f75f8dbcc0b2619eb153c"
        ],
        "player_model": "G2_PM3"
    },
    "model": "graph.path",
    "pk": 19
},
{
    "fields": {
        "graph": "G2",
        "edges": [
            "5189248056c8e8a580b062345b8e37c5",
            "9df326dce0c37020289367ff9f197b11"
        ],
        "player_model": "G2_PM2"
    },
    "model": "graph.path",
    "pk": 20
},
{
    "fields": {
        "graph": "G2",
        "edges": [
            "40f3fb0933029f3805a67902d405e07d",
            "c9702c297758685cabdd18dbafa7cfb3"
        ],
        "player_model": "G2_PM2"
    },
    "model": "graph.path",
    "pk": 21
},
{
    "fields": {
        "graph": "G2",
        "edges": [
            "e0e342745b9fc099414622eee7c398b3",
            "e3ad9b2442a7b418d25ad68ddfe289ba"
        ],
        "player_model": "G2_PM2"
    },
    "model": "graph.path",
    "pk": 22
},
{
    "fields": {
        "graph": "G2",
        "edges": [
            "4c1beb1c629f75f8dbcc0b2619eb153c"
        ],
        "player_model": "G2_PM2"
    },
    "model": "graph.path",
    "pk": 23
},
{
    "fields": {
        "graph": "G2",
        "edges": [
            "5189248056c8e8a580b062345b8e37c5",
            "9df326dce0c37020289367ff9f197b11"
        ],
        "player_model": "G2_PM1"
    },
    "model": "graph.path",
    "pk": 24
},
{
    "fields": {
        "graph": "G2",
        "edges": [
            "40f3fb0933029f3805a67902d405e07d",
            "c9702c297758685cabdd18dbafa7cfb3"
        ],
        "player_model": "G2_PM1"
    },
    "model": "graph.path",
    "pk": 25
},
{
    "fields": {
        "graph": "G2",
        "edges": [
            "e0e342745b9fc099414622eee7c398b3",
            "e3ad9b2442a7b418d25ad68ddfe289ba"
        ],
        "player_model": "G2_PM1"
    },
    "model": "graph.path",
    "pk": 26
},
{
    "fields": {
        "graph": "G2",
        "edges": [
            "4c1beb1c629f75f8dbcc0b2619eb153c"
        ],
        "player_model": "G2_PM1"
    },
    "model": "graph.path",
    "pk": 27
},
{
    "fields": {
        "graph": "G3",
        "edges": [
            "0ec1834ff9381f5d44ef130deee74ff1",
            "20c200c84ed330844044d89ac1b8c609",
            "6ef22bfea3ed3466a5e863c170502fef",
            "7558183efd7c6dc88ce8d47116bc81f8",
            "d1159f3adfa2086284e448d838d984cc",
            "eb285bbcc74b1cc4b6449b3d1a62de23"
        ],
        "player_model": "G3_PM1"
    },
    "model": "graph.path",
    "pk": 28
},
{
    "fields": {
        "graph": "G3",
        "edges": [
            "0ec1834ff9381f5d44ef130deee74ff1",
            "5b8725e2f1abde9e87857504a24a4a32",
            "6ef22bfea3ed3466a5e863c170502fef",
            "7558183efd7c6dc88ce8d47116bc81f8"
        ],
        "player_model": "G3_PM1"
    },
    "model": "graph.path",
    "pk": 29
},
{
    "fields": {
        "graph": "G3",
        "edges": [
            "20c200c84ed330844044d89ac1b8c609",
            "6ef22bfea3ed3466a5e863c170502fef",
            "7558183efd7c6dc88ce8d47116bc81f8",
            "a5de6506bb6f07d184cbea110663d4c3"
        ],
        "player_model": "G3_PM1"
    },
    "model": "graph.path",
    "pk": 30
},
{
    "fields": {
        "graph": "G3",
        "edges": [
            "20c200c84ed330844044d89ac1b8c609",
            "6ef22bfea3ed3466a5e863c170502fef",
            "80addc2c3fde8d736ec04967ec4f8f40",
            "d1159f3adfa2086284e448d838d984cc",
            "eb285bbcc74b1cc4b6449b3d1a62de23",
            "f57eaf1d1b20e8aa1443afc7aee326d3"
        ],
        "player_model": "G3_PM1"
    },
    "model": "graph.path",
    "pk": 31
},
{
    "fields": {
        "graph": "G3",
        "edges": [
            "5b8725e2f1abde9e87857504a24a4a32",
            "6ef22bfea3ed3466a5e863c170502fef",
            "80addc2c3fde8d736ec04967ec4f8f40",
            "f57eaf1d1b20e8aa1443afc7aee326d3"
        ],
        "player_model": "G3_PM1"
    },
    "model": "graph.path",
    "pk": 32
},
{
    "fields": {
        "graph": "G3",
        "edges": [
            "0ec1834ff9381f5d44ef130deee74ff1",
            "20c200c84ed330844044d89ac1b8c609",
            "6ef22bfea3ed3466a5e863c170502fef",
            "7558183efd7c6dc88ce8d47116bc81f8",
            "d1159f3adfa2086284e448d838d984cc",
            "eb285bbcc74b1cc4b6449b3d1a62de23"
        ],
        "player_model": "G3_PM2"
    },
    "model": "graph.path",
    "pk": 33
},
{
    "fields": {
        "graph": "G3",
        "edges": [
            "0ec1834ff9381f5d44ef130deee74ff1",
            "5b8725e2f1abde9e87857504a24a4a32",
            "6ef22bfea3ed3466a5e863c170502fef",
            "7558183efd7c6dc88ce8d47116bc81f8"
        ],
        "player_model": "G3_PM2"
    },
    "model": "graph.path",
    "pk": 34
},
{
    "fields": {
        "graph": "G3",
        "edges": [
            "20c200c84ed330844044d89ac1b8c609",
            "6ef22bfea3ed3466a5e863c170502fef",
            "7558183efd7c6dc88ce8d47116bc81f8",
            "a5de6506bb6f07d184cbea110663d4c3"
        ],
        "player_model": "G3_PM2"
    },
    "model": "graph.path",
    "pk": 35
},
{
    "fields": {
        "graph": "G3",
        "edges": [
            "20c200c84ed330844044d89ac1b8c609",
            "6ef22bfea3ed3466a5e863c170502fef",
            "80addc2c3fde8d736ec04967ec4f8f40",
            "d1159f3adfa2086284e448d838d984cc",
            "eb285bbcc74b1cc4b6449b3d1a62de23",
            "f57eaf1d1b20e8aa1443afc7aee326d3"
        ],
        "player_model": "G3_PM2"
    },
    "model": "graph.path",
    "pk": 36
},
{
    "fields": {
        "graph": "G3",
        "edges": [
            "5b8725e2f1abde9e87857504a24a4a32",
            "6ef22bfea3ed3466a5e863c170502fef",
            "80addc2c3fde8d736ec04967ec4f8f40",
            "f57eaf1d1b20e8aa1443afc7aee326d3"
        ],
        "player_model": "G3_PM2"
    },
    "model": "graph.path",
    "pk": 37
},
{
    "fields": {
        "graph": "G3",
        "edges": [
            "0ec1834ff9381f5d44ef130deee74ff1",
            "20c200c84ed330844044d89ac1b8c609",
            "6ef22bfea3ed3466a5e863c170502fef",
            "7558183efd7c6dc88ce8d47116bc81f8",
            "d1159f3adfa2086284e448d838d984cc",
            "eb285bbcc74b1cc4b6449b3d1a62de23"
        ],
        "player_model": "G3_PM3"
    },
    "model": "graph.path",
    "pk": 38
},
{
    "fields": {
        "graph": "G3",
        "edges": [
            "0ec1834ff9381f5d44ef130deee74ff1",
            "5b8725e2f1abde9e87857504a24a4a32",
            "6ef22bfea3ed3466a5e863c170502fef",
            "7558183efd7c6dc88ce8d47116bc81f8"
        ],
        "player_model": "G3_PM3"
    },
    "model": "graph.path",
    "pk": 39
},
{
    "fields": {
        "graph": "G3",
        "edges": [
            "20c200c84ed330844044d89ac1b8c609",
            "6ef22bfea3ed3466a5e863c170502fef",
            "7558183efd7c6dc88ce8d47116bc81f8",
            "a5de6506bb6f07d184cbea110663d4c3"
        ],
        "player_model": "G3_PM3"
    },
    "model": "graph.path",
    "pk": 40
},
{
    "fields": {
        "graph": "G3",
        "edges": [
            "20c200c84ed330844044d89ac1b8c609",
            "6ef22bfea3ed3466a5e863c170502fef",
            "80addc2c3fde8d736ec04967ec4f8f40",
            "d1159f3adfa2086284e448d838d984cc",
            "eb285bbcc74b1cc4b6449b3d1a62de23",
            "f57eaf1d1b20e8aa1443afc7aee326d3"
        ],
        "player_model": "G3_PM3"
    },
    "model": "graph.path",
    "pk": 41
},
{
    "fields": {
        "graph": "G3",
        "edges": [
            "5b8725e2f1abde9e87857504a24a4a32",
            "6ef22bfea3ed3466a5e863c170502fef",
            "80addc2c3fde8d736ec04967ec4f8f40",
            "f57eaf1d1b20e8aa1443afc7aee326d3"
        ],
        "player_model": "G3_PM3"
    },
    "model": "graph.path",
    "pk": 42
},
{
    "fields": {
        "iteration": 0,
        "graph_cost": null,
        "game_object": null
    },
    "model": "graph.gameturn",
    "pk": 1
},
{
    "fields": {
        "iteration": 0,
        "graph_cost": null,
        "game_object": null
    },
    "model": "graph.gameturn",
    "pk": 2
},
{
    "fields": {
        "iteration": 0,
        "graph_cost": null,
        "game_object": null
    },
    "model": "graph.gameturn",
    "pk": 3
},
{
    "fields": {
        "iteration": 0,
        "graph_cost": null,
        "game_object": null
    },
    "model": "graph.gameturn",
    "pk": 4
},
{
    "fields": {
        "iteration": 0,
        "graph_cost": null,
        "game_object": null
    },
    "model": "graph.gameturn",
    "pk": 5
},
{
    "fields": {
        "player": 2,
        "path_assignments": [],
        "turn": 3
    },
    "model": "graph.flowdistribution",
    "pk": 1
},
{
    "fields": {
        "player": 3,
        "path_assignments": [],
        "turn": 3
    },
    "model": "graph.flowdistribution",
    "pk": 2
},
{
    "fields": {
        "player": 4,
        "path_assignments": [],
        "turn": 3
    },
    "model": "graph.flowdistribution",
    "pk": 3
},
{
    "fields": {
        "current_turn": 3,
        "single_slider_mode": false,
        "started": false,
        "graph": "G1",
        "game_loop_time": null,
        "currently_in_use": true,
        "edge_highlight": true,
        "stopped": false,
        "turns": [],
        "duration": 30
    },
    "model": "graph.game",
    "pk": "game"
},
{
    "fields": {
        "current_turn": 4,
        "single_slider_mode": false,
        "started": false,
        "graph": "G2",
        "game_loop_time": null,
        "currently_in_use": false,
        "edge_highlight": true,
        "stopped": false,
        "turns": [],
        "duration": 30
    },
    "model": "graph.game",
    "pk": "game_2"
},
{
    "fields": {
        "current_turn": 5,
        "single_slider_mode": false,
        "started": false,
        "graph": "G3",
        "game_loop_time": null,
        "currently_in_use": false,
        "edge_highlight": true,
        "stopped": false,
        "turns": [],
        "duration": 30
    },
    "model": "graph.game",
    "pk": "game_3"
},
{
    "fields": {
        "codename": "add_permission",
        "name": "Can add permission",
        "content_type": 1
    },
    "model": "auth.permission",
    "pk": 1
},
{
    "fields": {
        "codename": "change_permission",
        "name": "Can change permission",
        "content_type": 1
    },
    "model": "auth.permission",
    "pk": 2
},
{
    "fields": {
        "codename": "delete_permission",
        "name": "Can delete permission",
        "content_type": 1
    },
    "model": "auth.permission",
    "pk": 3
},
{
    "fields": {
        "codename": "add_group",
        "name": "Can add group",
        "content_type": 2
    },
    "model": "auth.permission",
    "pk": 4
},
{
    "fields": {
        "codename": "change_group",
        "name": "Can change group",
        "content_type": 2
    },
    "model": "auth.permission",
    "pk": 5
},
{
    "fields": {
        "codename": "delete_group",
        "name": "Can delete group",
        "content_type": 2
    },
    "model": "auth.permission",
    "pk": 6
},
{
    "fields": {
        "codename": "add_user",
        "name": "Can add user",
        "content_type": 3
    },
    "model": "auth.permission",
    "pk": 7
},
{
    "fields": {
        "codename": "change_user",
        "name": "Can change user",
        "content_type": 3
    },
    "model": "auth.permission",
    "pk": 8
},
{
    "fields": {
        "codename": "delete_user",
        "name": "Can delete user",
        "content_type": 3
    },
    "model": "auth.permission",
    "pk": 9
},
{
    "fields": {
        "codename": "add_contenttype",
        "name": "Can add content type",
        "content_type": 4
    },
    "model": "auth.permission",
    "pk": 10
},
{
    "fields": {
        "codename": "change_contenttype",
        "name": "Can change content type",
        "content_type": 4
    },
    "model": "auth.permission",
    "pk": 11
},
{
    "fields": {
        "codename": "delete_contenttype",
        "name": "Can delete content type",
        "content_type": 4
    },
    "model": "auth.permission",
    "pk": 12
},
{
    "fields": {
        "codename": "add_session",
        "name": "Can add session",
        "content_type": 5
    },
    "model": "auth.permission",
    "pk": 13
},
{
    "fields": {
        "codename": "change_session",
        "name": "Can change session",
        "content_type": 5
    },
    "model": "auth.permission",
    "pk": 14
},
{
    "fields": {
        "codename": "delete_session",
        "name": "Can delete session",
        "content_type": 5
    },
    "model": "auth.permission",
    "pk": 15
},
{
    "fields": {
        "codename": "add_taskmeta",
        "name": "Can add task state",
        "content_type": 6
    },
    "model": "auth.permission",
    "pk": 16
},
{
    "fields": {
        "codename": "change_taskmeta",
        "name": "Can change task state",
        "content_type": 6
    },
    "model": "auth.permission",
    "pk": 17
},
{
    "fields": {
        "codename": "delete_taskmeta",
        "name": "Can delete task state",
        "content_type": 6
    },
    "model": "auth.permission",
    "pk": 18
},
{
    "fields": {
        "codename": "add_tasksetmeta",
        "name": "Can add saved group result",
        "content_type": 7
    },
    "model": "auth.permission",
    "pk": 19
},
{
    "fields": {
        "codename": "change_tasksetmeta",
        "name": "Can change saved group result",
        "content_type": 7
    },
    "model": "auth.permission",
    "pk": 20
},
{
    "fields": {
        "codename": "delete_tasksetmeta",
        "name": "Can delete saved group result",
        "content_type": 7
    },
    "model": "auth.permission",
    "pk": 21
},
{
    "fields": {
        "codename": "add_intervalschedule",
        "name": "Can add interval",
        "content_type": 8
    },
    "model": "auth.permission",
    "pk": 22
},
{
    "fields": {
        "codename": "change_intervalschedule",
        "name": "Can change interval",
        "content_type": 8
    },
    "model": "auth.permission",
    "pk": 23
},
{
    "fields": {
        "codename": "delete_intervalschedule",
        "name": "Can delete interval",
        "content_type": 8
    },
    "model": "auth.permission",
    "pk": 24
},
{
    "fields": {
        "codename": "add_crontabschedule",
        "name": "Can add crontab",
        "content_type": 9
    },
    "model": "auth.permission",
    "pk": 25
},
{
    "fields": {
        "codename": "change_crontabschedule",
        "name": "Can change crontab",
        "content_type": 9
    },
    "model": "auth.permission",
    "pk": 26
},
{
    "fields": {
        "codename": "delete_crontabschedule",
        "name": "Can delete crontab",
        "content_type": 9
    },
    "model": "auth.permission",
    "pk": 27
},
{
    "fields": {
        "codename": "add_periodictasks",
        "name": "Can add periodic tasks",
        "content_type": 10
    },
    "model": "auth.permission",
    "pk": 28
},
{
    "fields": {
        "codename": "change_periodictasks",
        "name": "Can change periodic tasks",
        "content_type": 10
    },
    "model": "auth.permission",
    "pk": 29
},
{
    "fields": {
        "codename": "delete_periodictasks",
        "name": "Can delete periodic tasks",
        "content_type": 10
    },
    "model": "auth.permission",
    "pk": 30
},
{
    "fields": {
        "codename": "add_periodictask",
        "name": "Can add periodic task",
        "content_type": 11
    },
    "model": "auth.permission",
    "pk": 31
},
{
    "fields": {
        "codename": "change_periodictask",
        "name": "Can change periodic task",
        "content_type": 11
    },
    "model": "auth.permission",
    "pk": 32
},
{
    "fields": {
        "codename": "delete_periodictask",
        "name": "Can delete periodic task",
        "content_type": 11
    },
    "model": "auth.permission",
    "pk": 33
},
{
    "fields": {
        "codename": "add_workerstate",
        "name": "Can add worker",
        "content_type": 12
    },
    "model": "auth.permission",
    "pk": 34
},
{
    "fields": {
        "codename": "change_workerstate",
        "name": "Can change worker",
        "content_type": 12
    },
    "model": "auth.permission",
    "pk": 35
},
{
    "fields": {
        "codename": "delete_workerstate",
        "name": "Can delete worker",
        "content_type": 12
    },
    "model": "auth.permission",
    "pk": 36
},
{
    "fields": {
        "codename": "add_taskstate",
        "name": "Can add task",
        "content_type": 13
    },
    "model": "auth.permission",
    "pk": 37
},
{
    "fields": {
        "codename": "change_taskstate",
        "name": "Can change task",
        "content_type": 13
    },
    "model": "auth.permission",
    "pk": 38
},
{
    "fields": {
        "codename": "delete_taskstate",
        "name": "Can delete task",
        "content_type": 13
    },
    "model": "auth.permission",
    "pk": 39
},
{
    "fields": {
        "codename": "add_user",
        "name": "Can add user",
        "content_type": 14
    },
    "model": "auth.permission",
    "pk": 40
},
{
    "fields": {
        "codename": "change_user",
        "name": "Can change user",
        "content_type": 14
    },
    "model": "auth.permission",
    "pk": 41
},
{
    "fields": {
        "codename": "delete_user",
        "name": "Can delete user",
        "content_type": 14
    },
    "model": "auth.permission",
    "pk": 42
},
{
    "fields": {
        "codename": "add_graph",
        "name": "Can add graph",
        "content_type": 15
    },
    "model": "auth.permission",
    "pk": 43
},
{
    "fields": {
        "codename": "change_graph",
        "name": "Can change graph",
        "content_type": 15
    },
    "model": "auth.permission",
    "pk": 44
},
{
    "fields": {
        "codename": "delete_graph",
        "name": "Can delete graph",
        "content_type": 15
    },
    "model": "auth.permission",
    "pk": 45
},
{
    "fields": {
        "codename": "add_node",
        "name": "Can add node",
        "content_type": 16
    },
    "model": "auth.permission",
    "pk": 46
},
{
    "fields": {
        "codename": "change_node",
        "name": "Can change node",
        "content_type": 16
    },
    "model": "auth.permission",
    "pk": 47
},
{
    "fields": {
        "codename": "delete_node",
        "name": "Can delete node",
        "content_type": 16
    },
    "model": "auth.permission",
    "pk": 48
},
{
    "fields": {
        "codename": "add_playermodel",
        "name": "Can add player model",
        "content_type": 17
    },
    "model": "auth.permission",
    "pk": 49
},
{
    "fields": {
        "codename": "change_playermodel",
        "name": "Can change player model",
        "content_type": 17
    },
    "model": "auth.permission",
    "pk": 50
},
{
    "fields": {
        "codename": "delete_playermodel",
        "name": "Can delete player model",
        "content_type": 17
    },
    "model": "auth.permission",
    "pk": 51
},
{
    "fields": {
        "codename": "add_player",
        "name": "Can add player",
        "content_type": 18
    },
    "model": "auth.permission",
    "pk": 52
},
{
    "fields": {
        "codename": "change_player",
        "name": "Can change player",
        "content_type": 18
    },
    "model": "auth.permission",
    "pk": 53
},
{
    "fields": {
        "codename": "delete_player",
        "name": "Can delete player",
        "content_type": 18
    },
    "model": "auth.permission",
    "pk": 54
},
{
    "fields": {
        "codename": "add_edge",
        "name": "Can add edge",
        "content_type": 19
    },
    "model": "auth.permission",
    "pk": 55
},
{
    "fields": {
        "codename": "change_edge",
        "name": "Can change edge",
        "content_type": 19
    },
    "model": "auth.permission",
    "pk": 56
},
{
    "fields": {
        "codename": "delete_edge",
        "name": "Can delete edge",
        "content_type": 19
    },
    "model": "auth.permission",
    "pk": 57
},
{
    "fields": {
        "codename": "add_path",
        "name": "Can add path",
        "content_type": 20
    },
    "model": "auth.permission",
    "pk": 58
},
{
    "fields": {
        "codename": "change_path",
        "name": "Can change path",
        "content_type": 20
    },
    "model": "auth.permission",
    "pk": 59
},
{
    "fields": {
        "codename": "delete_path",
        "name": "Can delete path",
        "content_type": 20
    },
    "model": "auth.permission",
    "pk": 60
},
{
    "fields": {
        "codename": "add_pathflowassignment",
        "name": "Can add path flow assignment",
        "content_type": 21
    },
    "model": "auth.permission",
    "pk": 61
},
{
    "fields": {
        "codename": "change_pathflowassignment",
        "name": "Can change path flow assignment",
        "content_type": 21
    },
    "model": "auth.permission",
    "pk": 62
},
{
    "fields": {
        "codename": "delete_pathflowassignment",
        "name": "Can delete path flow assignment",
        "content_type": 21
    },
    "model": "auth.permission",
    "pk": 63
},
{
    "fields": {
        "codename": "add_gameturn",
        "name": "Can add game turn",
        "content_type": 22
    },
    "model": "auth.permission",
    "pk": 64
},
{
    "fields": {
        "codename": "change_gameturn",
        "name": "Can change game turn",
        "content_type": 22
    },
    "model": "auth.permission",
    "pk": 65
},
{
    "fields": {
        "codename": "delete_gameturn",
        "name": "Can delete game turn",
        "content_type": 22
    },
    "model": "auth.permission",
    "pk": 66
},
{
    "fields": {
        "codename": "add_flowdistribution",
        "name": "Can add flow distribution",
        "content_type": 23
    },
    "model": "auth.permission",
    "pk": 67
},
{
    "fields": {
        "codename": "change_flowdistribution",
        "name": "Can change flow distribution",
        "content_type": 23
    },
    "model": "auth.permission",
    "pk": 68
},
{
    "fields": {
        "codename": "delete_flowdistribution",
        "name": "Can delete flow distribution",
        "content_type": 23
    },
    "model": "auth.permission",
    "pk": 69
},
{
    "fields": {
        "codename": "add_learningrate",
        "name": "Can add learning rate",
        "content_type": 24
    },
    "model": "auth.permission",
    "pk": 70
},
{
    "fields": {
        "codename": "change_learningrate",
        "name": "Can change learning rate",
        "content_type": 24
    },
    "model": "auth.permission",
    "pk": 71
},
{
    "fields": {
        "codename": "delete_learningrate",
        "name": "Can delete learning rate",
        "content_type": 24
    },
    "model": "auth.permission",
    "pk": 72
},
{
    "fields": {
        "codename": "add_edgecost",
        "name": "Can add edge cost",
        "content_type": 25
    },
    "model": "auth.permission",
    "pk": 73
},
{
    "fields": {
        "codename": "change_edgecost",
        "name": "Can change edge cost",
        "content_type": 25
    },
    "model": "auth.permission",
    "pk": 74
},
{
    "fields": {
        "codename": "delete_edgecost",
        "name": "Can delete edge cost",
        "content_type": 25
    },
    "model": "auth.permission",
    "pk": 75
},
{
    "fields": {
        "codename": "add_graphcost",
        "name": "Can add graph cost",
        "content_type": 26
    },
    "model": "auth.permission",
    "pk": 76
},
{
    "fields": {
        "codename": "change_graphcost",
        "name": "Can change graph cost",
        "content_type": 26
    },
    "model": "auth.permission",
    "pk": 77
},
{
    "fields": {
        "codename": "delete_graphcost",
        "name": "Can delete graph cost",
        "content_type": 26
    },
    "model": "auth.permission",
    "pk": 78
},
{
    "fields": {
        "codename": "add_game",
        "name": "Can add game",
        "content_type": 27
    },
    "model": "auth.permission",
    "pk": 79
},
{
    "fields": {
        "codename": "change_game",
        "name": "Can change game",
        "content_type": 27
    },
    "model": "auth.permission",
    "pk": 80
},
{
    "fields": {
        "codename": "delete_game",
        "name": "Can delete game",
        "content_type": 27
    },
    "model": "auth.permission",
    "pk": 81
},
{
    "fields": {
        "codename": "add_request",
        "name": "Can add request",
        "content_type": 28
    },
    "model": "auth.permission",
    "pk": 82
},
{
    "fields": {
        "codename": "change_request",
        "name": "Can change request",
        "content_type": 28
    },
    "model": "auth.permission",
    "pk": 83
},
{
    "fields": {
        "codename": "delete_request",
        "name": "Can delete request",
        "content_type": 28
    },
    "model": "auth.permission",
    "pk": 84
},
{
    "fields": {
        "codename": "add_response",
        "name": "Can add response",
        "content_type": 29
    },
    "model": "auth.permission",
    "pk": 85
},
{
    "fields": {
        "codename": "change_response",
        "name": "Can change response",
        "content_type": 29
    },
    "model": "auth.permission",
    "pk": 86
},
{
    "fields": {
        "codename": "delete_response",
        "name": "Can delete response",
        "content_type": 29
    },
    "model": "auth.permission",
    "pk": 87
},
{
    "fields": {
        "codename": "add_sqlquery",
        "name": "Can add sql query",
        "content_type": 30
    },
    "model": "auth.permission",
    "pk": 88
},
{
    "fields": {
        "codename": "change_sqlquery",
        "name": "Can change sql query",
        "content_type": 30
    },
    "model": "auth.permission",
    "pk": 89
},
{
    "fields": {
        "codename": "delete_sqlquery",
        "name": "Can delete sql query",
        "content_type": 30
    },
    "model": "auth.permission",
    "pk": 90
},
{
    "fields": {
        "codename": "add_profile",
        "name": "Can add profile",
        "content_type": 31
    },
    "model": "auth.permission",
    "pk": 91
},
{
    "fields": {
        "codename": "change_profile",
        "name": "Can change profile",
        "content_type": 31
    },
    "model": "auth.permission",
    "pk": 92
},
{
    "fields": {
        "codename": "delete_profile",
        "name": "Can delete profile",
        "content_type": 31
    },
    "model": "auth.permission",
    "pk": 93
},
{
    "fields": {
        "username": "admin",
        "first_name": "",
        "last_name": "",
        "is_active": true,
        "is_superuser": false,
        "is_staff": false,
        "last_login": "2016-05-04T23:14:34.868Z",
        "groups": [],
        "user_permissions": [],
        "password": "pbkdf2_sha256$15000$CK2bxXi0BSeW$AtRfVXJw0DMMFfxKJdfcMDwP7NBdo6x8NQIyd01eqNs=",
        "email": "",
        "date_joined": "2016-05-03T19:52:39.207Z"
    },
    "model": "auth.user",
    "pk": 1
},
{
    "fields": {
        "username": "user_1",
        "first_name": "",
        "last_name": "",
        "is_active": true,
        "is_superuser": false,
        "is_staff": false,
        "last_login": "2016-05-03T20:12:01.834Z",
        "groups": [],
        "user_permissions": [],
        "password": "pbkdf2_sha256$15000$UgxLVb9WS0fX$e+r3uateI44Iklzjkj0GY/+lg9VoByJu68gn5cCj8S4=",
        "email": "",
        "date_joined": "2016-05-03T20:12:01.834Z"
    },
    "model": "auth.user",
    "pk": 2
},
{
    "fields": {
        "username": "user_2",
        "first_name": "",
        "last_name": "",
        "is_active": true,
        "is_superuser": false,
        "is_staff": false,
        "last_login": "2016-05-03T20:12:10.106Z",
        "groups": [],
        "user_permissions": [],
        "password": "pbkdf2_sha256$15000$N7iEt5vB8Nci$6s6FmmxtLzjebGkN4O8Zz80Katzf6M7KuGOUkpxu0aU=",
        "email": "",
        "date_joined": "2016-05-03T20:12:10.106Z"
    },
    "model": "auth.user",
    "pk": 3
},
{
    "fields": {
        "username": "user_3",
        "first_name": "",
        "last_name": "",
        "is_active": true,
        "is_superuser": false,
        "is_staff": false,
        "last_login": "2016-05-03T20:12:21.855Z",
        "groups": [],
        "user_permissions": [],
        "password": "pbkdf2_sha256$15000$nTYz3Mik5OHF$ughf3fteukE42g9P/41coT977ZRoPxwLgFeTPRFQH+Y=",
        "email": "",
        "date_joined": "2016-05-03T20:12:21.856Z"
    },
    "model": "auth.user",
    "pk": 4
},
{
    "fields": {
        "username": "user_4",
        "first_name": "",
        "last_name": "",
        "is_active": true,
        "is_superuser": false,
        "is_staff": false,
        "last_login": "2016-05-03T20:12:29.487Z",
        "groups": [],
        "user_permissions": [],
        "password": "pbkdf2_sha256$15000$tzAIzj95jzmU$HkAXkZYFg7JqQTzzsu9zDN4/whlYGAikTrS6G8A1mOA=",
        "email": "",
        "date_joined": "2016-05-03T20:12:29.487Z"
    },
    "model": "auth.user",
    "pk": 5
},
{
    "fields": {
        "superuser": true,
        "game": "game",
        "user": 1,
        "is_a_bot": false,
        "player_model": null
    },
    "model": "graph.player",
    "pk": 1
},
{
    "fields": {
        "superuser": false,
        "game": "game",
        "user": 2,
        "is_a_bot": false,
        "player_model": "G1_PM1"
    },
    "model": "graph.player",
    "pk": 2
},
{
    "fields": {
        "superuser": false,
        "game": "game",
        "user": 3,
        "is_a_bot": false,
        "player_model": "G1_PM2"
    },
    "model": "graph.player",
    "pk": 3
},
{
    "fields": {
        "superuser": false,
        "game": "game",
        "user": 4,
        "is_a_bot": false,
        "player_model": "G1_PM3"
    },
    "model": "graph.player",
    "pk": 4
},
{
    "fields": {
        "superuser": false,
        "game": "game",
        "user": 5,
        "is_a_bot": false,
        "player_model": "G1_PM3"
    },
    "model": "graph.player",
    "pk": 6
}
]
