[
{
    "fields": {
        "model": "permission",
        "name": "permission",
        "app_label": "auth"
    },
    "model": "contenttypes.contenttype",
    "pk": 1
},
{
    "fields": {
        "model": "group",
        "name": "group",
        "app_label": "auth"
    },
    "model": "contenttypes.contenttype",
    "pk": 2
},
{
    "fields": {
        "model": "user",
        "name": "user",
        "app_label": "auth"
    },
    "model": "contenttypes.contenttype",
    "pk": 3
},
{
    "fields": {
        "model": "contenttype",
        "name": "content type",
        "app_label": "contenttypes"
    },
    "model": "contenttypes.contenttype",
    "pk": 4
},
{
    "fields": {
        "model": "session",
        "name": "session",
        "app_label": "sessions"
    },
    "model": "contenttypes.contenttype",
    "pk": 5
},
{
    "fields": {
        "model": "taskmeta",
        "name": "task state",
        "app_label": "djcelery"
    },
    "model": "contenttypes.contenttype",
    "pk": 6
},
{
    "fields": {
        "model": "tasksetmeta",
        "name": "saved group result",
        "app_label": "djcelery"
    },
    "model": "contenttypes.contenttype",
    "pk": 7
},
{
    "fields": {
        "model": "intervalschedule",
        "name": "interval",
        "app_label": "djcelery"
    },
    "model": "contenttypes.contenttype",
    "pk": 8
},
{
    "fields": {
        "model": "crontabschedule",
        "name": "crontab",
        "app_label": "djcelery"
    },
    "model": "contenttypes.contenttype",
    "pk": 9
},
{
    "fields": {
        "model": "periodictasks",
        "name": "periodic tasks",
        "app_label": "djcelery"
    },
    "model": "contenttypes.contenttype",
    "pk": 10
},
{
    "fields": {
        "model": "periodictask",
        "name": "periodic task",
        "app_label": "djcelery"
    },
    "model": "contenttypes.contenttype",
    "pk": 11
},
{
    "fields": {
        "model": "workerstate",
        "name": "worker",
        "app_label": "djcelery"
    },
    "model": "contenttypes.contenttype",
    "pk": 12
},
{
    "fields": {
        "model": "taskstate",
        "name": "task",
        "app_label": "djcelery"
    },
    "model": "contenttypes.contenttype",
    "pk": 13
},
{
    "fields": {
        "model": "user",
        "name": "user",
        "app_label": "id_counter"
    },
    "model": "contenttypes.contenttype",
    "pk": 14
},
{
    "fields": {
        "model": "graph",
        "name": "graph",
        "app_label": "graph"
    },
    "model": "contenttypes.contenttype",
    "pk": 15
},
{
    "fields": {
        "model": "node",
        "name": "node",
        "app_label": "graph"
    },
    "model": "contenttypes.contenttype",
    "pk": 16
},
{
    "fields": {
        "model": "playermodel",
        "name": "player model",
        "app_label": "graph"
    },
    "model": "contenttypes.contenttype",
    "pk": 17
},
{
    "fields": {
        "model": "player",
        "name": "player",
        "app_label": "graph"
    },
    "model": "contenttypes.contenttype",
    "pk": 18
},
{
    "fields": {
        "model": "edge",
        "name": "edge",
        "app_label": "graph"
    },
    "model": "contenttypes.contenttype",
    "pk": 19
},
{
    "fields": {
        "model": "path",
        "name": "path",
        "app_label": "graph"
    },
    "model": "contenttypes.contenttype",
    "pk": 20
},
{
    "fields": {
        "model": "pathflowassignment",
        "name": "path flow assignment",
        "app_label": "graph"
    },
    "model": "contenttypes.contenttype",
    "pk": 21
},
{
    "fields": {
        "model": "gameturn",
        "name": "game turn",
        "app_label": "graph"
    },
    "model": "contenttypes.contenttype",
    "pk": 22
},
{
    "fields": {
        "model": "flowdistribution",
        "name": "flow distribution",
        "app_label": "graph"
    },
    "model": "contenttypes.contenttype",
    "pk": 23
},
{
    "fields": {
        "model": "edgecost",
        "name": "edge cost",
        "app_label": "graph"
    },
    "model": "contenttypes.contenttype",
    "pk": 24
},
{
    "fields": {
        "model": "graphcost",
        "name": "graph cost",
        "app_label": "graph"
    },
    "model": "contenttypes.contenttype",
    "pk": 25
},
{
    "fields": {
        "model": "game",
        "name": "game",
        "app_label": "graph"
    },
    "model": "contenttypes.contenttype",
    "pk": 26
},
{
    "fields": {
        "expire_date": "2015-09-01T23:10:26.103Z",
        "session_data": "MThhMTVjZTg1NTU5NmY0ZTk0YmUyMWVhMWI4NDlmNDBhMWFkZWY5Nzp7Il9hdXRoX3VzZXJfaGFzaCI6IjVhOGVhNDYyNDQzN2U2ODkxYzg2ODY3MDg1MjZhNzliMTUzMWFkMjEiLCJfYXV0aF91c2VyX2JhY2tlbmQiOiJkamFuZ28uY29udHJpYi5hdXRoLmJhY2tlbmRzLk1vZGVsQmFja2VuZCIsIl9hdXRoX3VzZXJfaWQiOjF9"
    },
    "model": "sessions.session",
    "pk": "1jnmp72hm8kkq4t3t8kgv2gnwypd4tr0"
},
{
    "fields": {
        "expire_date": "2015-09-01T23:10:27.963Z",
        "session_data": "YjA4ZmI2ODI0MjI5ZDgxZGU3ZTk3ZjVjMDg0M2NkZDRlODA1NTYwNDp7Il9hdXRoX3VzZXJfaGFzaCI6IjBmOTZlOTc4OWYyZjg1NDQwMGViZWQ2YTQwZTE4MDE0MmFiN2RkMzUiLCJfYXV0aF91c2VyX2JhY2tlbmQiOiJkamFuZ28uY29udHJpYi5hdXRoLmJhY2tlbmRzLk1vZGVsQmFja2VuZCIsIl9hdXRoX3VzZXJfaWQiOjJ9"
    },
    "model": "sessions.session",
    "pk": "7cc1vxh3c6ccijy57dhmtln42grh1ukm"
},
{
    "fields": {
        "expire_date": "2015-09-01T22:11:42.219Z",
        "session_data": "MThhMTVjZTg1NTU5NmY0ZTk0YmUyMWVhMWI4NDlmNDBhMWFkZWY5Nzp7Il9hdXRoX3VzZXJfaGFzaCI6IjVhOGVhNDYyNDQzN2U2ODkxYzg2ODY3MDg1MjZhNzliMTUzMWFkMjEiLCJfYXV0aF91c2VyX2JhY2tlbmQiOiJkamFuZ28uY29udHJpYi5hdXRoLmJhY2tlbmRzLk1vZGVsQmFja2VuZCIsIl9hdXRoX3VzZXJfaWQiOjF9"
    },
    "model": "sessions.session",
    "pk": "jkr1v5p0krwxtqd3g684ezruhtswkrrm"
},
{
    "fields": {
        "expire_date": "2015-09-01T23:10:29.769Z",
        "session_data": "ZDU3NGQyZmNmNWJhNDUwMDk0ZDMzZmQwZTdiN2MwYWIxY2IzNjk4OTp7Il9hdXRoX3VzZXJfaGFzaCI6IjAxMmE1MTA3MDE4YzY2OTNkNWFiYjU3ZGMyMzljOWM2Nzg4MTk1YjUiLCJfYXV0aF91c2VyX2JhY2tlbmQiOiJkamFuZ28uY29udHJpYi5hdXRoLmJhY2tlbmRzLk1vZGVsQmFja2VuZCIsIl9hdXRoX3VzZXJfaWQiOjN9"
    },
    "model": "sessions.session",
    "pk": "p88d6qf9905adylue3vyzzi8szye5n0k"
},
{
    "fields": {
        "expire_date": "2015-09-01T22:25:19.943Z",
        "session_data": "ZjRlMWI5OTgxZDA3OTlmNzczNjgxOTg0YjMyMmFhM2NiNmJiNzE5MDp7fQ=="
    },
    "model": "sessions.session",
    "pk": "xdrz378zfld6xqzgkk4rj41u353c9gxs"
},
{
    "fields": {
        "graph_ui": "{\"graph\": \"g1\", \"nodes\": [{\"index\": 0, \"reflexive\": false, \"weight\": 3, \"px\": 155, \"py\": 65, \"y\": 65, \"x\": 155, \"id\": 1}, {\"index\": 1, \"reflexive\": false, \"weight\": 3, \"px\": 158, \"py\": 256, \"y\": 256, \"x\": 158, \"id\": 2}, {\"index\": 2, \"reflexive\": false, \"weight\": 4, \"px\": 323, \"py\": 51, \"y\": 51, \"x\": 323, \"id\": 3}, {\"index\": 3, \"reflexive\": false, \"weight\": 4, \"px\": 307, \"py\": 245, \"y\": 245, \"x\": 307, \"id\": 4}, {\"index\": 4, \"reflexive\": false, \"weight\": 2, \"px\": 462, \"py\": 168, \"y\": 168, \"x\": 462, \"id\": 5}], \"links\": [{\"id\": \"a950a519f55202a71140ea3bcc1882c0\", \"source\": {\"index\": 0, \"reflexive\": false, \"weight\": 3, \"px\": 155, \"py\": 65, \"y\": 65, \"x\": 155, \"id\": 1}, \"right\": true, \"target\": {\"index\": 2, \"reflexive\": false, \"weight\": 4, \"px\": 323, \"py\": 51, \"y\": 51, \"x\": 323, \"id\": 3}, \"left\": false}, {\"id\": \"e6a6a34c321c5cf5fd0ff0047f567cfc\", \"source\": {\"index\": 2, \"reflexive\": false, \"weight\": 4, \"px\": 323, \"py\": 51, \"y\": 51, \"x\": 323, \"id\": 3}, \"right\": true, \"target\": {\"index\": 4, \"reflexive\": false, \"weight\": 2, \"px\": 462, \"py\": 168, \"y\": 168, \"x\": 462, \"id\": 5}, \"left\": false}, {\"id\": \"bf5036c2c7fe7234815d2361dd45fb61\", \"source\": {\"index\": 1, \"reflexive\": false, \"weight\": 3, \"px\": 158, \"py\": 256, \"y\": 256, \"x\": 158, \"id\": 2}, \"right\": true, \"target\": {\"index\": 3, \"reflexive\": false, \"weight\": 4, \"px\": 307, \"py\": 245, \"y\": 245, \"x\": 307, \"id\": 4}, \"left\": false}, {\"id\": \"c68d23be8644530d6286106df7f17412\", \"source\": {\"index\": 3, \"reflexive\": false, \"weight\": 4, \"px\": 307, \"py\": 245, \"y\": 245, \"x\": 307, \"id\": 4}, \"right\": true, \"target\": {\"index\": 4, \"reflexive\": false, \"weight\": 2, \"px\": 462, \"py\": 168, \"y\": 168, \"x\": 462, \"id\": 5}, \"left\": false}, {\"id\": \"0ff225eb915dee64eef5ecdbe9d7858b\", \"source\": {\"index\": 2, \"reflexive\": false, \"weight\": 4, \"px\": 323, \"py\": 51, \"y\": 51, \"x\": 323, \"id\": 3}, \"right\": true, \"target\": {\"index\": 3, \"reflexive\": false, \"weight\": 4, \"px\": 307, \"py\": 245, \"y\": 245, \"x\": 307, \"id\": 4}, \"left\": false}, {\"id\": \"a40fbd2f51541e24e1d8231a6f4e312c\", \"source\": {\"index\": 0, \"reflexive\": false, \"weight\": 3, \"px\": 155, \"py\": 65, \"y\": 65, \"x\": 155, \"id\": 1}, \"right\": true, \"target\": {\"index\": 3, \"reflexive\": false, \"weight\": 4, \"px\": 307, \"py\": 245, \"y\": 245, \"x\": 307, \"id\": 4}, \"left\": false}, {\"id\": \"4787b389ae8b331e5ae9d42ed8c68373\", \"source\": {\"index\": 1, \"reflexive\": false, \"weight\": 3, \"px\": 158, \"py\": 256, \"y\": 256, \"x\": 158, \"id\": 2}, \"right\": true, \"target\": {\"index\": 2, \"reflexive\": false, \"weight\": 4, \"px\": 323, \"py\": 51, \"y\": 51, \"x\": 323, \"id\": 3}, \"left\": false}, {\"id\": \"290d55c063cb7ad107424c261e53ce9d\", \"source\": {\"index\": 0, \"reflexive\": false, \"weight\": 3, \"px\": 155, \"py\": 65, \"y\": 65, \"x\": 155, \"id\": 1}, \"right\": true, \"target\": {\"index\": 1, \"reflexive\": false, \"weight\": 3, \"px\": 158, \"py\": 256, \"y\": 256, \"x\": 158, \"id\": 2}, \"left\": false}]}"
    },
    "model": "graph.graph",
    "pk": "g1"
},
{
    "fields": {
        "graph": "g1",
        "ui_id": 2
    },
    "model": "graph.node",
    "pk": "065ecf71-14e1-404a-aa2a-e4ea37744b0b"
},
{
    "fields": {
        "graph": "g1",
        "ui_id": 1
    },
    "model": "graph.node",
    "pk": "0f0d49db-fe8f-4053-bc1f-8d596769cd86"
},
{
    "fields": {
        "graph": "g1",
        "ui_id": 5
    },
    "model": "graph.node",
    "pk": "2e266e4a-57e3-431b-96ad-4944f3627fa3"
},
{
    "fields": {
        "graph": "g1",
        "ui_id": 3
    },
    "model": "graph.node",
    "pk": "d735b057-0e0a-4449-9844-1f9f530dee57"
},
{
    "fields": {
        "graph": "g1",
        "ui_id": 4
    },
    "model": "graph.node",
    "pk": "e59ac3b0-cde9-49d2-8a4c-33482ab95677"
},
{
    "fields": {
        "destination_node": "2e266e4a-57e3-431b-96ad-4944f3627fa3",
        "graph": "g1",
        "in_use": true,
        "flow": 1.0,
        "normalization_const": 2.00000210533962,
        "start_node": "0f0d49db-fe8f-4053-bc1f-8d596769cd86"
    },
    "model": "graph.playermodel",
    "pk": "m1"
},
{
    "fields": {
        "destination_node": "2e266e4a-57e3-431b-96ad-4944f3627fa3",
        "graph": "g1",
        "in_use": true,
        "flow": 1.0,
        "normalization_const": 2.0000007017802,
        "start_node": "065ecf71-14e1-404a-aa2a-e4ea37744b0b"
    },
    "model": "graph.playermodel",
    "pk": "m2"
},
{
    "fields": {
        "graph": "g1",
        "cost_function": "1",
        "to_node": "e59ac3b0-cde9-49d2-8a4c-33482ab95677",
        "from_node": "d735b057-0e0a-4449-9844-1f9f530dee57"
    },
    "model": "graph.edge",
    "pk": "0ff225eb915dee64eef5ecdbe9d7858b"
},
{
    "fields": {
        "graph": "g1",
        "cost_function": "1",
        "to_node": "065ecf71-14e1-404a-aa2a-e4ea37744b0b",
        "from_node": "0f0d49db-fe8f-4053-bc1f-8d596769cd86"
    },
    "model": "graph.edge",
    "pk": "290d55c063cb7ad107424c261e53ce9d"
},
{
    "fields": {
        "graph": "g1",
        "cost_function": "1",
        "to_node": "d735b057-0e0a-4449-9844-1f9f530dee57",
        "from_node": "065ecf71-14e1-404a-aa2a-e4ea37744b0b"
    },
    "model": "graph.edge",
    "pk": "4787b389ae8b331e5ae9d42ed8c68373"
},
{
    "fields": {
        "graph": "g1",
        "cost_function": "1",
        "to_node": "e59ac3b0-cde9-49d2-8a4c-33482ab95677",
        "from_node": "0f0d49db-fe8f-4053-bc1f-8d596769cd86"
    },
    "model": "graph.edge",
    "pk": "a40fbd2f51541e24e1d8231a6f4e312c"
},
{
    "fields": {
        "graph": "g1",
        "cost_function": "1",
        "to_node": "d735b057-0e0a-4449-9844-1f9f530dee57",
        "from_node": "0f0d49db-fe8f-4053-bc1f-8d596769cd86"
    },
    "model": "graph.edge",
    "pk": "a950a519f55202a71140ea3bcc1882c0"
},
{
    "fields": {
        "graph": "g1",
        "cost_function": "1",
        "to_node": "e59ac3b0-cde9-49d2-8a4c-33482ab95677",
        "from_node": "065ecf71-14e1-404a-aa2a-e4ea37744b0b"
    },
    "model": "graph.edge",
    "pk": "bf5036c2c7fe7234815d2361dd45fb61"
},
{
    "fields": {
        "graph": "g1",
        "cost_function": "1",
        "to_node": "2e266e4a-57e3-431b-96ad-4944f3627fa3",
        "from_node": "e59ac3b0-cde9-49d2-8a4c-33482ab95677"
    },
    "model": "graph.edge",
    "pk": "c68d23be8644530d6286106df7f17412"
},
{
    "fields": {
        "graph": "g1",
        "cost_function": "1",
        "to_node": "2e266e4a-57e3-431b-96ad-4944f3627fa3",
        "from_node": "d735b057-0e0a-4449-9844-1f9f530dee57"
    },
    "model": "graph.edge",
    "pk": "e6a6a34c321c5cf5fd0ff0047f567cfc"
},
{
    "fields": {
        "graph": "g1",
        "edges": [
            "4787b389ae8b331e5ae9d42ed8c68373",
            "290d55c063cb7ad107424c261e53ce9d",
            "c68d23be8644530d6286106df7f17412",
            "0ff225eb915dee64eef5ecdbe9d7858b"
        ],
        "player_model": "m1"
    },
    "model": "graph.path",
    "pk": 1
},
{
    "fields": {
        "graph": "g1",
        "edges": [
            "4787b389ae8b331e5ae9d42ed8c68373",
            "e6a6a34c321c5cf5fd0ff0047f567cfc",
            "290d55c063cb7ad107424c261e53ce9d"
        ],
        "player_model": "m1"
    },
    "model": "graph.path",
    "pk": 2
},
{
    "fields": {
        "graph": "g1",
        "edges": [
            "bf5036c2c7fe7234815d2361dd45fb61",
            "290d55c063cb7ad107424c261e53ce9d",
            "c68d23be8644530d6286106df7f17412"
        ],
        "player_model": "m1"
    },
    "model": "graph.path",
    "pk": 3
},
{
    "fields": {
        "graph": "g1",
        "edges": [
            "0ff225eb915dee64eef5ecdbe9d7858b",
            "c68d23be8644530d6286106df7f17412",
            "a950a519f55202a71140ea3bcc1882c0"
        ],
        "player_model": "m1"
    },
    "model": "graph.path",
    "pk": 4
},
{
    "fields": {
        "graph": "g1",
        "edges": [
            "e6a6a34c321c5cf5fd0ff0047f567cfc",
            "a950a519f55202a71140ea3bcc1882c0"
        ],
        "player_model": "m1"
    },
    "model": "graph.path",
    "pk": 5
},
{
    "fields": {
        "graph": "g1",
        "edges": [
            "a40fbd2f51541e24e1d8231a6f4e312c",
            "c68d23be8644530d6286106df7f17412"
        ],
        "player_model": "m1"
    },
    "model": "graph.path",
    "pk": 6
},
{
    "fields": {
        "graph": "g1",
        "edges": [
            "4787b389ae8b331e5ae9d42ed8c68373",
            "0ff225eb915dee64eef5ecdbe9d7858b",
            "c68d23be8644530d6286106df7f17412"
        ],
        "player_model": "m2"
    },
    "model": "graph.path",
    "pk": 7
},
{
    "fields": {
        "graph": "g1",
        "edges": [
            "4787b389ae8b331e5ae9d42ed8c68373",
            "e6a6a34c321c5cf5fd0ff0047f567cfc"
        ],
        "player_model": "m2"
    },
    "model": "graph.path",
    "pk": 8
},
{
    "fields": {
        "graph": "g1",
        "edges": [
            "bf5036c2c7fe7234815d2361dd45fb61",
            "c68d23be8644530d6286106df7f17412"
        ],
        "player_model": "m2"
    },
    "model": "graph.path",
    "pk": 9
},
{
    "fields": {
        "path": 1,
        "flow": 0.120111731843575
    },
    "model": "graph.pathflowassignment",
    "pk": 1
},
{
    "fields": {
        "path": 2,
        "flow": 0.217877094972067
    },
    "model": "graph.pathflowassignment",
    "pk": 2
},
{
    "fields": {
        "path": 3,
        "flow": 0.0782122905027933
    },
    "model": "graph.pathflowassignment",
    "pk": 3
},
{
    "fields": {
        "path": 4,
        "flow": 0.217877094972067
    },
    "model": "graph.pathflowassignment",
    "pk": 4
},
{
    "fields": {
        "path": 5,
        "flow": 0.187150837988827
    },
    "model": "graph.pathflowassignment",
    "pk": 5
},
{
    "fields": {
        "path": 6,
        "flow": 0.17877094972067
    },
    "model": "graph.pathflowassignment",
    "pk": 6
},
{
    "fields": {
        "path": 7,
        "flow": 0.347222222222222
    },
    "model": "graph.pathflowassignment",
    "pk": 7
},
{
    "fields": {
        "path": 8,
        "flow": 0.513888888888889
    },
    "model": "graph.pathflowassignment",
    "pk": 8
},
{
    "fields": {
        "path": 9,
        "flow": 0.138888888888889
    },
    "model": "graph.pathflowassignment",
    "pk": 9
},
{
    "fields": {
        "path": 1,
        "flow": 0.120111731843575
    },
    "model": "graph.pathflowassignment",
    "pk": 10
},
{
    "fields": {
        "path": 2,
        "flow": 0.217877094972067
    },
    "model": "graph.pathflowassignment",
    "pk": 11
},
{
    "fields": {
        "path": 3,
        "flow": 0.0782122905027933
    },
    "model": "graph.pathflowassignment",
    "pk": 12
},
{
    "fields": {
        "path": 4,
        "flow": 0.217877094972067
    },
    "model": "graph.pathflowassignment",
    "pk": 13
},
{
    "fields": {
        "path": 5,
        "flow": 0.187150837988827
    },
    "model": "graph.pathflowassignment",
    "pk": 14
},
{
    "fields": {
        "path": 6,
        "flow": 0.17877094972067
    },
    "model": "graph.pathflowassignment",
    "pk": 15
},
{
    "fields": {
        "path": 7,
        "flow": 0.347222222222222
    },
    "model": "graph.pathflowassignment",
    "pk": 16
},
{
    "fields": {
        "path": 8,
        "flow": 0.513888888888889
    },
    "model": "graph.pathflowassignment",
    "pk": 17
},
{
    "fields": {
        "path": 9,
        "flow": 0.138888888888889
    },
    "model": "graph.pathflowassignment",
    "pk": 18
},
{
    "fields": {
        "path": 1,
        "flow": 0.120111731843575
    },
    "model": "graph.pathflowassignment",
    "pk": 19
},
{
    "fields": {
        "path": 2,
        "flow": 0.217877094972067
    },
    "model": "graph.pathflowassignment",
    "pk": 20
},
{
    "fields": {
        "path": 3,
        "flow": 0.0782122905027933
    },
    "model": "graph.pathflowassignment",
    "pk": 21
},
{
    "fields": {
        "path": 4,
        "flow": 0.217877094972067
    },
    "model": "graph.pathflowassignment",
    "pk": 22
},
{
    "fields": {
        "path": 5,
        "flow": 0.187150837988827
    },
    "model": "graph.pathflowassignment",
    "pk": 23
},
{
    "fields": {
        "path": 6,
        "flow": 0.17877094972067
    },
    "model": "graph.pathflowassignment",
    "pk": 24
},
{
    "fields": {
        "path": 7,
        "flow": 0.347222222222222
    },
    "model": "graph.pathflowassignment",
    "pk": 25
},
{
    "fields": {
        "path": 8,
        "flow": 0.513888888888889
    },
    "model": "graph.pathflowassignment",
    "pk": 26
},
{
    "fields": {
        "path": 9,
        "flow": 0.138888888888889
    },
    "model": "graph.pathflowassignment",
    "pk": 27
},
{
    "fields": {
        "path": 1,
        "flow": 0.120111731843575
    },
    "model": "graph.pathflowassignment",
    "pk": 28
},
{
    "fields": {
        "path": 2,
        "flow": 0.217877094972067
    },
    "model": "graph.pathflowassignment",
    "pk": 29
},
{
    "fields": {
        "path": 3,
        "flow": 0.0782122905027933
    },
    "model": "graph.pathflowassignment",
    "pk": 30
},
{
    "fields": {
        "path": 4,
        "flow": 0.217877094972067
    },
    "model": "graph.pathflowassignment",
    "pk": 31
},
{
    "fields": {
        "path": 5,
        "flow": 0.187150837988827
    },
    "model": "graph.pathflowassignment",
    "pk": 32
},
{
    "fields": {
        "path": 6,
        "flow": 0.17877094972067
    },
    "model": "graph.pathflowassignment",
    "pk": 33
},
{
    "fields": {
        "path": 7,
        "flow": 0.347222222222222
    },
    "model": "graph.pathflowassignment",
    "pk": 34
},
{
    "fields": {
        "path": 8,
        "flow": 0.513888888888889
    },
    "model": "graph.pathflowassignment",
    "pk": 35
},
{
    "fields": {
        "path": 9,
        "flow": 0.138888888888889
    },
    "model": "graph.pathflowassignment",
    "pk": 36
},
{
    "fields": {
        "path": 1,
        "flow": 0.120111731843575
    },
    "model": "graph.pathflowassignment",
    "pk": 37
},
{
    "fields": {
        "path": 2,
        "flow": 0.217877094972067
    },
    "model": "graph.pathflowassignment",
    "pk": 38
},
{
    "fields": {
        "path": 3,
        "flow": 0.0782122905027933
    },
    "model": "graph.pathflowassignment",
    "pk": 39
},
{
    "fields": {
        "path": 4,
        "flow": 0.217877094972067
    },
    "model": "graph.pathflowassignment",
    "pk": 40
},
{
    "fields": {
        "path": 5,
        "flow": 0.187150837988827
    },
    "model": "graph.pathflowassignment",
    "pk": 41
},
{
    "fields": {
        "path": 6,
        "flow": 0.17877094972067
    },
    "model": "graph.pathflowassignment",
    "pk": 42
},
{
    "fields": {
        "path": 7,
        "flow": 0.347222222222222
    },
    "model": "graph.pathflowassignment",
    "pk": 43
},
{
    "fields": {
        "path": 8,
        "flow": 0.513888888888889
    },
    "model": "graph.pathflowassignment",
    "pk": 44
},
{
    "fields": {
        "path": 9,
        "flow": 0.138888888888889
    },
    "model": "graph.pathflowassignment",
    "pk": 45
},
{
    "fields": {
        "path": 1,
        "flow": 0.120111731843575
    },
    "model": "graph.pathflowassignment",
    "pk": 46
},
{
    "fields": {
        "path": 2,
        "flow": 0.217877094972067
    },
    "model": "graph.pathflowassignment",
    "pk": 47
},
{
    "fields": {
        "path": 3,
        "flow": 0.0782122905027933
    },
    "model": "graph.pathflowassignment",
    "pk": 48
},
{
    "fields": {
        "path": 4,
        "flow": 0.217877094972067
    },
    "model": "graph.pathflowassignment",
    "pk": 49
},
{
    "fields": {
        "path": 5,
        "flow": 0.187150837988827
    },
    "model": "graph.pathflowassignment",
    "pk": 50
},
{
    "fields": {
        "path": 6,
        "flow": 0.17877094972067
    },
    "model": "graph.pathflowassignment",
    "pk": 51
},
{
    "fields": {
        "path": 7,
        "flow": 0.347222222222222
    },
    "model": "graph.pathflowassignment",
    "pk": 52
},
{
    "fields": {
        "path": 8,
        "flow": 0.513888888888889
    },
    "model": "graph.pathflowassignment",
    "pk": 53
},
{
    "fields": {
        "path": 9,
        "flow": 0.138888888888889
    },
    "model": "graph.pathflowassignment",
    "pk": 54
},
{
    "fields": {
        "path": 1,
        "flow": 0.120111731843575
    },
    "model": "graph.pathflowassignment",
    "pk": 55
},
{
    "fields": {
        "path": 2,
        "flow": 0.217877094972067
    },
    "model": "graph.pathflowassignment",
    "pk": 56
},
{
    "fields": {
        "path": 3,
        "flow": 0.0782122905027933
    },
    "model": "graph.pathflowassignment",
    "pk": 57
},
{
    "fields": {
        "path": 4,
        "flow": 0.217877094972067
    },
    "model": "graph.pathflowassignment",
    "pk": 58
},
{
    "fields": {
        "path": 5,
        "flow": 0.187150837988827
    },
    "model": "graph.pathflowassignment",
    "pk": 59
},
{
    "fields": {
        "path": 6,
        "flow": 0.17877094972067
    },
    "model": "graph.pathflowassignment",
    "pk": 60
},
{
    "fields": {
        "path": 7,
        "flow": 0.347222222222222
    },
    "model": "graph.pathflowassignment",
    "pk": 61
},
{
    "fields": {
        "path": 8,
        "flow": 0.513888888888889
    },
    "model": "graph.pathflowassignment",
    "pk": 62
},
{
    "fields": {
        "path": 9,
        "flow": 0.138888888888889
    },
    "model": "graph.pathflowassignment",
    "pk": 63
},
{
    "fields": {
        "path": 1,
        "flow": 0.120111731843575
    },
    "model": "graph.pathflowassignment",
    "pk": 64
},
{
    "fields": {
        "path": 2,
        "flow": 0.217877094972067
    },
    "model": "graph.pathflowassignment",
    "pk": 65
},
{
    "fields": {
        "path": 3,
        "flow": 0.0782122905027933
    },
    "model": "graph.pathflowassignment",
    "pk": 66
},
{
    "fields": {
        "path": 4,
        "flow": 0.217877094972067
    },
    "model": "graph.pathflowassignment",
    "pk": 67
},
{
    "fields": {
        "path": 5,
        "flow": 0.187150837988827
    },
    "model": "graph.pathflowassignment",
    "pk": 68
},
{
    "fields": {
        "path": 6,
        "flow": 0.17877094972067
    },
    "model": "graph.pathflowassignment",
    "pk": 69
},
{
    "fields": {
        "path": 7,
        "flow": 0.347222222222222
    },
    "model": "graph.pathflowassignment",
    "pk": 70
},
{
    "fields": {
        "path": 8,
        "flow": 0.513888888888889
    },
    "model": "graph.pathflowassignment",
    "pk": 71
},
{
    "fields": {
        "path": 9,
        "flow": 0.138888888888889
    },
    "model": "graph.pathflowassignment",
    "pk": 72
},
{
    "fields": {
        "path": 1,
        "flow": 0.120111731843575
    },
    "model": "graph.pathflowassignment",
    "pk": 73
},
{
    "fields": {
        "path": 2,
        "flow": 0.217877094972067
    },
    "model": "graph.pathflowassignment",
    "pk": 74
},
{
    "fields": {
        "path": 3,
        "flow": 0.0782122905027933
    },
    "model": "graph.pathflowassignment",
    "pk": 75
},
{
    "fields": {
        "path": 4,
        "flow": 0.217877094972067
    },
    "model": "graph.pathflowassignment",
    "pk": 76
},
{
    "fields": {
        "path": 5,
        "flow": 0.187150837988827
    },
    "model": "graph.pathflowassignment",
    "pk": 77
},
{
    "fields": {
        "path": 6,
        "flow": 0.17877094972067
    },
    "model": "graph.pathflowassignment",
    "pk": 78
},
{
    "fields": {
        "path": 7,
        "flow": 0.347222222222222
    },
    "model": "graph.pathflowassignment",
    "pk": 79
},
{
    "fields": {
        "path": 8,
        "flow": 0.513888888888889
    },
    "model": "graph.pathflowassignment",
    "pk": 80
},
{
    "fields": {
        "path": 9,
        "flow": 0.138888888888889
    },
    "model": "graph.pathflowassignment",
    "pk": 81
},
{
    "fields": {
        "path": 1,
        "flow": 0.120111731843575
    },
    "model": "graph.pathflowassignment",
    "pk": 82
},
{
    "fields": {
        "path": 2,
        "flow": 0.217877094972067
    },
    "model": "graph.pathflowassignment",
    "pk": 83
},
{
    "fields": {
        "path": 3,
        "flow": 0.0782122905027933
    },
    "model": "graph.pathflowassignment",
    "pk": 84
},
{
    "fields": {
        "path": 4,
        "flow": 0.217877094972067
    },
    "model": "graph.pathflowassignment",
    "pk": 85
},
{
    "fields": {
        "path": 5,
        "flow": 0.187150837988827
    },
    "model": "graph.pathflowassignment",
    "pk": 86
},
{
    "fields": {
        "path": 6,
        "flow": 0.17877094972067
    },
    "model": "graph.pathflowassignment",
    "pk": 87
},
{
    "fields": {
        "path": 7,
        "flow": 0.347222222222222
    },
    "model": "graph.pathflowassignment",
    "pk": 88
},
{
    "fields": {
        "path": 8,
        "flow": 0.513888888888889
    },
    "model": "graph.pathflowassignment",
    "pk": 89
},
{
    "fields": {
        "path": 9,
        "flow": 0.138888888888889
    },
    "model": "graph.pathflowassignment",
    "pk": 90
},
{
    "fields": {
        "path": 1,
        "flow": 0.120111731843575
    },
    "model": "graph.pathflowassignment",
    "pk": 91
},
{
    "fields": {
        "path": 2,
        "flow": 0.217877094972067
    },
    "model": "graph.pathflowassignment",
    "pk": 92
},
{
    "fields": {
        "path": 3,
        "flow": 0.0782122905027933
    },
    "model": "graph.pathflowassignment",
    "pk": 93
},
{
    "fields": {
        "path": 4,
        "flow": 0.217877094972067
    },
    "model": "graph.pathflowassignment",
    "pk": 94
},
{
    "fields": {
        "path": 5,
        "flow": 0.187150837988827
    },
    "model": "graph.pathflowassignment",
    "pk": 95
},
{
    "fields": {
        "path": 6,
        "flow": 0.17877094972067
    },
    "model": "graph.pathflowassignment",
    "pk": 96
},
{
    "fields": {
        "path": 7,
        "flow": 0.347222222222222
    },
    "model": "graph.pathflowassignment",
    "pk": 97
},
{
    "fields": {
        "path": 8,
        "flow": 0.513888888888889
    },
    "model": "graph.pathflowassignment",
    "pk": 98
},
{
    "fields": {
        "path": 9,
        "flow": 0.138888888888889
    },
    "model": "graph.pathflowassignment",
    "pk": 99
},
{
    "fields": {
        "path": 1,
        "flow": 0.120111731843575
    },
    "model": "graph.pathflowassignment",
    "pk": 100
},
{
    "fields": {
        "path": 2,
        "flow": 0.217877094972067
    },
    "model": "graph.pathflowassignment",
    "pk": 101
},
{
    "fields": {
        "path": 3,
        "flow": 0.0782122905027933
    },
    "model": "graph.pathflowassignment",
    "pk": 102
},
{
    "fields": {
        "path": 4,
        "flow": 0.217877094972067
    },
    "model": "graph.pathflowassignment",
    "pk": 103
},
{
    "fields": {
        "path": 5,
        "flow": 0.187150837988827
    },
    "model": "graph.pathflowassignment",
    "pk": 104
},
{
    "fields": {
        "path": 6,
        "flow": 0.17877094972067
    },
    "model": "graph.pathflowassignment",
    "pk": 105
},
{
    "fields": {
        "path": 7,
        "flow": 0.347222222222222
    },
    "model": "graph.pathflowassignment",
    "pk": 106
},
{
    "fields": {
        "path": 8,
        "flow": 0.513888888888889
    },
    "model": "graph.pathflowassignment",
    "pk": 107
},
{
    "fields": {
        "path": 9,
        "flow": 0.138888888888889
    },
    "model": "graph.pathflowassignment",
    "pk": 108
},
{
    "fields": {
        "path": 1,
        "flow": 0.120111731843575
    },
    "model": "graph.pathflowassignment",
    "pk": 109
},
{
    "fields": {
        "path": 2,
        "flow": 0.217877094972067
    },
    "model": "graph.pathflowassignment",
    "pk": 110
},
{
    "fields": {
        "path": 3,
        "flow": 0.0782122905027933
    },
    "model": "graph.pathflowassignment",
    "pk": 111
},
{
    "fields": {
        "path": 4,
        "flow": 0.217877094972067
    },
    "model": "graph.pathflowassignment",
    "pk": 112
},
{
    "fields": {
        "path": 5,
        "flow": 0.187150837988827
    },
    "model": "graph.pathflowassignment",
    "pk": 113
},
{
    "fields": {
        "path": 6,
        "flow": 0.17877094972067
    },
    "model": "graph.pathflowassignment",
    "pk": 114
},
{
    "fields": {
        "path": 7,
        "flow": 0.347222222222222
    },
    "model": "graph.pathflowassignment",
    "pk": 115
},
{
    "fields": {
        "path": 8,
        "flow": 0.513888888888889
    },
    "model": "graph.pathflowassignment",
    "pk": 116
},
{
    "fields": {
        "path": 9,
        "flow": 0.138888888888889
    },
    "model": "graph.pathflowassignment",
    "pk": 117
},
{
    "fields": {
        "path": 1,
        "flow": 0.120111731843575
    },
    "model": "graph.pathflowassignment",
    "pk": 118
},
{
    "fields": {
        "path": 2,
        "flow": 0.217877094972067
    },
    "model": "graph.pathflowassignment",
    "pk": 119
},
{
    "fields": {
        "path": 3,
        "flow": 0.0782122905027933
    },
    "model": "graph.pathflowassignment",
    "pk": 120
},
{
    "fields": {
        "path": 4,
        "flow": 0.217877094972067
    },
    "model": "graph.pathflowassignment",
    "pk": 121
},
{
    "fields": {
        "path": 5,
        "flow": 0.187150837988827
    },
    "model": "graph.pathflowassignment",
    "pk": 122
},
{
    "fields": {
        "path": 6,
        "flow": 0.17877094972067
    },
    "model": "graph.pathflowassignment",
    "pk": 123
},
{
    "fields": {
        "path": 7,
        "flow": 0.347222222222222
    },
    "model": "graph.pathflowassignment",
    "pk": 124
},
{
    "fields": {
        "path": 8,
        "flow": 0.513888888888889
    },
    "model": "graph.pathflowassignment",
    "pk": 125
},
{
    "fields": {
        "path": 9,
        "flow": 0.138888888888889
    },
    "model": "graph.pathflowassignment",
    "pk": 126
},
{
    "fields": {
        "path": 1,
        "flow": 0.120111731843575
    },
    "model": "graph.pathflowassignment",
    "pk": 127
},
{
    "fields": {
        "path": 2,
        "flow": 0.217877094972067
    },
    "model": "graph.pathflowassignment",
    "pk": 128
},
{
    "fields": {
        "path": 3,
        "flow": 0.0782122905027933
    },
    "model": "graph.pathflowassignment",
    "pk": 129
},
{
    "fields": {
        "path": 4,
        "flow": 0.217877094972067
    },
    "model": "graph.pathflowassignment",
    "pk": 130
},
{
    "fields": {
        "path": 5,
        "flow": 0.187150837988827
    },
    "model": "graph.pathflowassignment",
    "pk": 131
},
{
    "fields": {
        "path": 6,
        "flow": 0.17877094972067
    },
    "model": "graph.pathflowassignment",
    "pk": 132
},
{
    "fields": {
        "path": 7,
        "flow": 0.347222222222222
    },
    "model": "graph.pathflowassignment",
    "pk": 133
},
{
    "fields": {
        "path": 8,
        "flow": 0.513888888888889
    },
    "model": "graph.pathflowassignment",
    "pk": 134
},
{
    "fields": {
        "path": 9,
        "flow": 0.138888888888889
    },
    "model": "graph.pathflowassignment",
    "pk": 135
},
{
    "fields": {
        "path": 1,
        "flow": 0.120111731843575
    },
    "model": "graph.pathflowassignment",
    "pk": 136
},
{
    "fields": {
        "path": 2,
        "flow": 0.217877094972067
    },
    "model": "graph.pathflowassignment",
    "pk": 137
},
{
    "fields": {
        "path": 3,
        "flow": 0.0782122905027933
    },
    "model": "graph.pathflowassignment",
    "pk": 138
},
{
    "fields": {
        "path": 4,
        "flow": 0.217877094972067
    },
    "model": "graph.pathflowassignment",
    "pk": 139
},
{
    "fields": {
        "path": 5,
        "flow": 0.187150837988827
    },
    "model": "graph.pathflowassignment",
    "pk": 140
},
{
    "fields": {
        "path": 6,
        "flow": 0.17877094972067
    },
    "model": "graph.pathflowassignment",
    "pk": 141
},
{
    "fields": {
        "path": 7,
        "flow": 0.347222222222222
    },
    "model": "graph.pathflowassignment",
    "pk": 142
},
{
    "fields": {
        "path": 8,
        "flow": 0.513888888888889
    },
    "model": "graph.pathflowassignment",
    "pk": 143
},
{
    "fields": {
        "path": 9,
        "flow": 0.138888888888889
    },
    "model": "graph.pathflowassignment",
    "pk": 144
},
{
    "fields": {
        "path": 1,
        "flow": 0.120111731843575
    },
    "model": "graph.pathflowassignment",
    "pk": 145
},
{
    "fields": {
        "path": 2,
        "flow": 0.217877094972067
    },
    "model": "graph.pathflowassignment",
    "pk": 146
},
{
    "fields": {
        "path": 3,
        "flow": 0.0782122905027933
    },
    "model": "graph.pathflowassignment",
    "pk": 147
},
{
    "fields": {
        "path": 4,
        "flow": 0.217877094972067
    },
    "model": "graph.pathflowassignment",
    "pk": 148
},
{
    "fields": {
        "path": 5,
        "flow": 0.187150837988827
    },
    "model": "graph.pathflowassignment",
    "pk": 149
},
{
    "fields": {
        "path": 6,
        "flow": 0.17877094972067
    },
    "model": "graph.pathflowassignment",
    "pk": 150
},
{
    "fields": {
        "path": 7,
        "flow": 0.347222222222222
    },
    "model": "graph.pathflowassignment",
    "pk": 151
},
{
    "fields": {
        "path": 8,
        "flow": 0.513888888888889
    },
    "model": "graph.pathflowassignment",
    "pk": 152
},
{
    "fields": {
        "path": 9,
        "flow": 0.138888888888889
    },
    "model": "graph.pathflowassignment",
    "pk": 153
},
{
    "fields": {
        "path": 1,
        "flow": 0.120111731843575
    },
    "model": "graph.pathflowassignment",
    "pk": 154
},
{
    "fields": {
        "path": 2,
        "flow": 0.217877094972067
    },
    "model": "graph.pathflowassignment",
    "pk": 155
},
{
    "fields": {
        "path": 3,
        "flow": 0.0782122905027933
    },
    "model": "graph.pathflowassignment",
    "pk": 156
},
{
    "fields": {
        "path": 4,
        "flow": 0.217877094972067
    },
    "model": "graph.pathflowassignment",
    "pk": 157
},
{
    "fields": {
        "path": 5,
        "flow": 0.187150837988827
    },
    "model": "graph.pathflowassignment",
    "pk": 158
},
{
    "fields": {
        "path": 6,
        "flow": 0.17877094972067
    },
    "model": "graph.pathflowassignment",
    "pk": 159
},
{
    "fields": {
        "path": 7,
        "flow": 0.347222222222222
    },
    "model": "graph.pathflowassignment",
    "pk": 160
},
{
    "fields": {
        "path": 8,
        "flow": 0.513888888888889
    },
    "model": "graph.pathflowassignment",
    "pk": 161
},
{
    "fields": {
        "path": 9,
        "flow": 0.138888888888889
    },
    "model": "graph.pathflowassignment",
    "pk": 162
},
{
    "fields": {
        "path": 1,
        "flow": 0.120111731843575
    },
    "model": "graph.pathflowassignment",
    "pk": 163
},
{
    "fields": {
        "path": 2,
        "flow": 0.217877094972067
    },
    "model": "graph.pathflowassignment",
    "pk": 164
},
{
    "fields": {
        "path": 3,
        "flow": 0.0782122905027933
    },
    "model": "graph.pathflowassignment",
    "pk": 165
},
{
    "fields": {
        "path": 4,
        "flow": 0.217877094972067
    },
    "model": "graph.pathflowassignment",
    "pk": 166
},
{
    "fields": {
        "path": 5,
        "flow": 0.187150837988827
    },
    "model": "graph.pathflowassignment",
    "pk": 167
},
{
    "fields": {
        "path": 6,
        "flow": 0.17877094972067
    },
    "model": "graph.pathflowassignment",
    "pk": 168
},
{
    "fields": {
        "path": 7,
        "flow": 0.347222222222222
    },
    "model": "graph.pathflowassignment",
    "pk": 169
},
{
    "fields": {
        "path": 8,
        "flow": 0.513888888888889
    },
    "model": "graph.pathflowassignment",
    "pk": 170
},
{
    "fields": {
        "path": 9,
        "flow": 0.138888888888889
    },
    "model": "graph.pathflowassignment",
    "pk": 171
},
{
    "fields": {
        "path": 1,
        "flow": 0.120111731843575
    },
    "model": "graph.pathflowassignment",
    "pk": 172
},
{
    "fields": {
        "path": 2,
        "flow": 0.217877094972067
    },
    "model": "graph.pathflowassignment",
    "pk": 173
},
{
    "fields": {
        "path": 3,
        "flow": 0.0782122905027933
    },
    "model": "graph.pathflowassignment",
    "pk": 174
},
{
    "fields": {
        "path": 4,
        "flow": 0.217877094972067
    },
    "model": "graph.pathflowassignment",
    "pk": 175
},
{
    "fields": {
        "path": 5,
        "flow": 0.187150837988827
    },
    "model": "graph.pathflowassignment",
    "pk": 176
},
{
    "fields": {
        "path": 6,
        "flow": 0.17877094972067
    },
    "model": "graph.pathflowassignment",
    "pk": 177
},
{
    "fields": {
        "path": 7,
        "flow": 0.347222222222222
    },
    "model": "graph.pathflowassignment",
    "pk": 178
},
{
    "fields": {
        "path": 8,
        "flow": 0.513888888888889
    },
    "model": "graph.pathflowassignment",
    "pk": 179
},
{
    "fields": {
        "path": 9,
        "flow": 0.138888888888889
    },
    "model": "graph.pathflowassignment",
    "pk": 180
},
{
    "fields": {
        "path": 1,
        "flow": 0.120111731843575
    },
    "model": "graph.pathflowassignment",
    "pk": 181
},
{
    "fields": {
        "path": 2,
        "flow": 0.217877094972067
    },
    "model": "graph.pathflowassignment",
    "pk": 182
},
{
    "fields": {
        "path": 3,
        "flow": 0.0782122905027933
    },
    "model": "graph.pathflowassignment",
    "pk": 183
},
{
    "fields": {
        "path": 4,
        "flow": 0.217877094972067
    },
    "model": "graph.pathflowassignment",
    "pk": 184
},
{
    "fields": {
        "path": 5,
        "flow": 0.187150837988827
    },
    "model": "graph.pathflowassignment",
    "pk": 185
},
{
    "fields": {
        "path": 6,
        "flow": 0.17877094972067
    },
    "model": "graph.pathflowassignment",
    "pk": 186
},
{
    "fields": {
        "path": 7,
        "flow": 0.347222222222222
    },
    "model": "graph.pathflowassignment",
    "pk": 187
},
{
    "fields": {
        "path": 8,
        "flow": 0.513888888888889
    },
    "model": "graph.pathflowassignment",
    "pk": 188
},
{
    "fields": {
        "path": 9,
        "flow": 0.138888888888889
    },
    "model": "graph.pathflowassignment",
    "pk": 189
},
{
    "fields": {
        "path": 1,
        "flow": 0.120111731843575
    },
    "model": "graph.pathflowassignment",
    "pk": 190
},
{
    "fields": {
        "path": 2,
        "flow": 0.217877094972067
    },
    "model": "graph.pathflowassignment",
    "pk": 191
},
{
    "fields": {
        "path": 3,
        "flow": 0.0782122905027933
    },
    "model": "graph.pathflowassignment",
    "pk": 192
},
{
    "fields": {
        "path": 4,
        "flow": 0.217877094972067
    },
    "model": "graph.pathflowassignment",
    "pk": 193
},
{
    "fields": {
        "path": 5,
        "flow": 0.187150837988827
    },
    "model": "graph.pathflowassignment",
    "pk": 194
},
{
    "fields": {
        "path": 6,
        "flow": 0.17877094972067
    },
    "model": "graph.pathflowassignment",
    "pk": 195
},
{
    "fields": {
        "path": 7,
        "flow": 0.347222222222222
    },
    "model": "graph.pathflowassignment",
    "pk": 196
},
{
    "fields": {
        "path": 8,
        "flow": 0.513888888888889
    },
    "model": "graph.pathflowassignment",
    "pk": 197
},
{
    "fields": {
        "path": 9,
        "flow": 0.138888888888889
    },
    "model": "graph.pathflowassignment",
    "pk": 198
},
{
    "fields": {
        "path": 1,
        "flow": 0.120111731843575
    },
    "model": "graph.pathflowassignment",
    "pk": 199
},
{
    "fields": {
        "path": 2,
        "flow": 0.217877094972067
    },
    "model": "graph.pathflowassignment",
    "pk": 200
},
{
    "fields": {
        "path": 3,
        "flow": 0.0782122905027933
    },
    "model": "graph.pathflowassignment",
    "pk": 201
},
{
    "fields": {
        "path": 4,
        "flow": 0.217877094972067
    },
    "model": "graph.pathflowassignment",
    "pk": 202
},
{
    "fields": {
        "path": 5,
        "flow": 0.187150837988827
    },
    "model": "graph.pathflowassignment",
    "pk": 203
},
{
    "fields": {
        "path": 6,
        "flow": 0.17877094972067
    },
    "model": "graph.pathflowassignment",
    "pk": 204
},
{
    "fields": {
        "path": 7,
        "flow": 0.347222222222222
    },
    "model": "graph.pathflowassignment",
    "pk": 205
},
{
    "fields": {
        "path": 8,
        "flow": 0.513888888888889
    },
    "model": "graph.pathflowassignment",
    "pk": 206
},
{
    "fields": {
        "path": 9,
        "flow": 0.138888888888889
    },
    "model": "graph.pathflowassignment",
    "pk": 207
},
{
    "fields": {
        "path": 1,
        "flow": 0.120111731843575
    },
    "model": "graph.pathflowassignment",
    "pk": 208
},
{
    "fields": {
        "path": 2,
        "flow": 0.217877094972067
    },
    "model": "graph.pathflowassignment",
    "pk": 209
},
{
    "fields": {
        "path": 3,
        "flow": 0.0782122905027933
    },
    "model": "graph.pathflowassignment",
    "pk": 210
},
{
    "fields": {
        "path": 4,
        "flow": 0.217877094972067
    },
    "model": "graph.pathflowassignment",
    "pk": 211
},
{
    "fields": {
        "path": 5,
        "flow": 0.187150837988827
    },
    "model": "graph.pathflowassignment",
    "pk": 212
},
{
    "fields": {
        "path": 6,
        "flow": 0.17877094972067
    },
    "model": "graph.pathflowassignment",
    "pk": 213
},
{
    "fields": {
        "path": 7,
        "flow": 0.347222222222222
    },
    "model": "graph.pathflowassignment",
    "pk": 214
},
{
    "fields": {
        "path": 8,
        "flow": 0.513888888888889
    },
    "model": "graph.pathflowassignment",
    "pk": 215
},
{
    "fields": {
        "path": 9,
        "flow": 0.138888888888889
    },
    "model": "graph.pathflowassignment",
    "pk": 216
},
{
    "fields": {
        "path": 1,
        "flow": 0.120111731843575
    },
    "model": "graph.pathflowassignment",
    "pk": 217
},
{
    "fields": {
        "path": 2,
        "flow": 0.217877094972067
    },
    "model": "graph.pathflowassignment",
    "pk": 218
},
{
    "fields": {
        "path": 3,
        "flow": 0.0782122905027933
    },
    "model": "graph.pathflowassignment",
    "pk": 219
},
{
    "fields": {
        "path": 4,
        "flow": 0.217877094972067
    },
    "model": "graph.pathflowassignment",
    "pk": 220
},
{
    "fields": {
        "path": 5,
        "flow": 0.187150837988827
    },
    "model": "graph.pathflowassignment",
    "pk": 221
},
{
    "fields": {
        "path": 6,
        "flow": 0.17877094972067
    },
    "model": "graph.pathflowassignment",
    "pk": 222
},
{
    "fields": {
        "path": 7,
        "flow": 0.347222222222222
    },
    "model": "graph.pathflowassignment",
    "pk": 223
},
{
    "fields": {
        "path": 8,
        "flow": 0.513888888888889
    },
    "model": "graph.pathflowassignment",
    "pk": 224
},
{
    "fields": {
        "path": 9,
        "flow": 0.138888888888889
    },
    "model": "graph.pathflowassignment",
    "pk": 225
},
{
    "fields": {
        "path": 1,
        "flow": 0.120111731843575
    },
    "model": "graph.pathflowassignment",
    "pk": 226
},
{
    "fields": {
        "path": 2,
        "flow": 0.217877094972067
    },
    "model": "graph.pathflowassignment",
    "pk": 227
},
{
    "fields": {
        "path": 3,
        "flow": 0.0782122905027933
    },
    "model": "graph.pathflowassignment",
    "pk": 228
},
{
    "fields": {
        "path": 4,
        "flow": 0.217877094972067
    },
    "model": "graph.pathflowassignment",
    "pk": 229
},
{
    "fields": {
        "path": 5,
        "flow": 0.187150837988827
    },
    "model": "graph.pathflowassignment",
    "pk": 230
},
{
    "fields": {
        "path": 6,
        "flow": 0.17877094972067
    },
    "model": "graph.pathflowassignment",
    "pk": 231
},
{
    "fields": {
        "path": 7,
        "flow": 0.347222222222222
    },
    "model": "graph.pathflowassignment",
    "pk": 232
},
{
    "fields": {
        "path": 8,
        "flow": 0.513888888888889
    },
    "model": "graph.pathflowassignment",
    "pk": 233
},
{
    "fields": {
        "path": 9,
        "flow": 0.138888888888889
    },
    "model": "graph.pathflowassignment",
    "pk": 234
},
{
    "fields": {
        "path": 1,
        "flow": 0.120111731843575
    },
    "model": "graph.pathflowassignment",
    "pk": 235
},
{
    "fields": {
        "path": 2,
        "flow": 0.217877094972067
    },
    "model": "graph.pathflowassignment",
    "pk": 236
},
{
    "fields": {
        "path": 3,
        "flow": 0.0782122905027933
    },
    "model": "graph.pathflowassignment",
    "pk": 237
},
{
    "fields": {
        "path": 4,
        "flow": 0.217877094972067
    },
    "model": "graph.pathflowassignment",
    "pk": 238
},
{
    "fields": {
        "path": 5,
        "flow": 0.187150837988827
    },
    "model": "graph.pathflowassignment",
    "pk": 239
},
{
    "fields": {
        "path": 6,
        "flow": 0.17877094972067
    },
    "model": "graph.pathflowassignment",
    "pk": 240
},
{
    "fields": {
        "path": 7,
        "flow": 0.347222222222222
    },
    "model": "graph.pathflowassignment",
    "pk": 241
},
{
    "fields": {
        "path": 8,
        "flow": 0.513888888888889
    },
    "model": "graph.pathflowassignment",
    "pk": 242
},
{
    "fields": {
        "path": 9,
        "flow": 0.138888888888889
    },
    "model": "graph.pathflowassignment",
    "pk": 243
},
{
    "fields": {
        "path": 1,
        "flow": 0.120111731843575
    },
    "model": "graph.pathflowassignment",
    "pk": 244
},
{
    "fields": {
        "path": 2,
        "flow": 0.217877094972067
    },
    "model": "graph.pathflowassignment",
    "pk": 245
},
{
    "fields": {
        "path": 3,
        "flow": 0.0782122905027933
    },
    "model": "graph.pathflowassignment",
    "pk": 246
},
{
    "fields": {
        "path": 4,
        "flow": 0.217877094972067
    },
    "model": "graph.pathflowassignment",
    "pk": 247
},
{
    "fields": {
        "path": 5,
        "flow": 0.187150837988827
    },
    "model": "graph.pathflowassignment",
    "pk": 248
},
{
    "fields": {
        "path": 6,
        "flow": 0.17877094972067
    },
    "model": "graph.pathflowassignment",
    "pk": 249
},
{
    "fields": {
        "path": 7,
        "flow": 0.347222222222222
    },
    "model": "graph.pathflowassignment",
    "pk": 250
},
{
    "fields": {
        "path": 8,
        "flow": 0.513888888888889
    },
    "model": "graph.pathflowassignment",
    "pk": 251
},
{
    "fields": {
        "path": 9,
        "flow": 0.138888888888889
    },
    "model": "graph.pathflowassignment",
    "pk": 252
},
{
    "fields": {
        "path": 1,
        "flow": 0.120111731843575
    },
    "model": "graph.pathflowassignment",
    "pk": 253
},
{
    "fields": {
        "path": 2,
        "flow": 0.217877094972067
    },
    "model": "graph.pathflowassignment",
    "pk": 254
},
{
    "fields": {
        "path": 3,
        "flow": 0.0782122905027933
    },
    "model": "graph.pathflowassignment",
    "pk": 255
},
{
    "fields": {
        "path": 4,
        "flow": 0.217877094972067
    },
    "model": "graph.pathflowassignment",
    "pk": 256
},
{
    "fields": {
        "path": 5,
        "flow": 0.187150837988827
    },
    "model": "graph.pathflowassignment",
    "pk": 257
},
{
    "fields": {
        "path": 6,
        "flow": 0.17877094972067
    },
    "model": "graph.pathflowassignment",
    "pk": 258
},
{
    "fields": {
        "path": 7,
        "flow": 0.347222222222222
    },
    "model": "graph.pathflowassignment",
    "pk": 259
},
{
    "fields": {
        "path": 8,
        "flow": 0.513888888888889
    },
    "model": "graph.pathflowassignment",
    "pk": 260
},
{
    "fields": {
        "path": 9,
        "flow": 0.138888888888889
    },
    "model": "graph.pathflowassignment",
    "pk": 261
},
{
    "fields": {
        "path": 1,
        "flow": 0.120111731843575
    },
    "model": "graph.pathflowassignment",
    "pk": 262
},
{
    "fields": {
        "path": 2,
        "flow": 0.217877094972067
    },
    "model": "graph.pathflowassignment",
    "pk": 263
},
{
    "fields": {
        "path": 3,
        "flow": 0.0782122905027933
    },
    "model": "graph.pathflowassignment",
    "pk": 264
},
{
    "fields": {
        "path": 4,
        "flow": 0.217877094972067
    },
    "model": "graph.pathflowassignment",
    "pk": 265
},
{
    "fields": {
        "path": 5,
        "flow": 0.187150837988827
    },
    "model": "graph.pathflowassignment",
    "pk": 266
},
{
    "fields": {
        "path": 6,
        "flow": 0.17877094972067
    },
    "model": "graph.pathflowassignment",
    "pk": 267
},
{
    "fields": {
        "path": 7,
        "flow": 0.347222222222222
    },
    "model": "graph.pathflowassignment",
    "pk": 268
},
{
    "fields": {
        "path": 8,
        "flow": 0.513888888888889
    },
    "model": "graph.pathflowassignment",
    "pk": 269
},
{
    "fields": {
        "path": 9,
        "flow": 0.138888888888889
    },
    "model": "graph.pathflowassignment",
    "pk": 270
},
{
    "fields": {
        "path": 1,
        "flow": 0.120111731843575
    },
    "model": "graph.pathflowassignment",
    "pk": 271
},
{
    "fields": {
        "path": 2,
        "flow": 0.217877094972067
    },
    "model": "graph.pathflowassignment",
    "pk": 272
},
{
    "fields": {
        "path": 3,
        "flow": 0.0782122905027933
    },
    "model": "graph.pathflowassignment",
    "pk": 273
},
{
    "fields": {
        "path": 4,
        "flow": 0.217877094972067
    },
    "model": "graph.pathflowassignment",
    "pk": 274
},
{
    "fields": {
        "path": 5,
        "flow": 0.187150837988827
    },
    "model": "graph.pathflowassignment",
    "pk": 275
},
{
    "fields": {
        "path": 6,
        "flow": 0.17877094972067
    },
    "model": "graph.pathflowassignment",
    "pk": 276
},
{
    "fields": {
        "path": 7,
        "flow": 0.347222222222222
    },
    "model": "graph.pathflowassignment",
    "pk": 277
},
{
    "fields": {
        "path": 8,
        "flow": 0.513888888888889
    },
    "model": "graph.pathflowassignment",
    "pk": 278
},
{
    "fields": {
        "path": 9,
        "flow": 0.138888888888889
    },
    "model": "graph.pathflowassignment",
    "pk": 279
},
{
    "fields": {
        "path": 1,
        "flow": 0.120111731843575
    },
    "model": "graph.pathflowassignment",
    "pk": 280
},
{
    "fields": {
        "path": 2,
        "flow": 0.217877094972067
    },
    "model": "graph.pathflowassignment",
    "pk": 281
},
{
    "fields": {
        "path": 3,
        "flow": 0.0782122905027933
    },
    "model": "graph.pathflowassignment",
    "pk": 282
},
{
    "fields": {
        "path": 4,
        "flow": 0.217877094972067
    },
    "model": "graph.pathflowassignment",
    "pk": 283
},
{
    "fields": {
        "path": 5,
        "flow": 0.187150837988827
    },
    "model": "graph.pathflowassignment",
    "pk": 284
},
{
    "fields": {
        "path": 6,
        "flow": 0.17877094972067
    },
    "model": "graph.pathflowassignment",
    "pk": 285
},
{
    "fields": {
        "path": 7,
        "flow": 0.347222222222222
    },
    "model": "graph.pathflowassignment",
    "pk": 286
},
{
    "fields": {
        "path": 8,
        "flow": 0.513888888888889
    },
    "model": "graph.pathflowassignment",
    "pk": 287
},
{
    "fields": {
        "path": 9,
        "flow": 0.138888888888889
    },
    "model": "graph.pathflowassignment",
    "pk": 288
},
{
    "fields": {
        "iteration": 0,
        "graph_cost": 1
    },
    "model": "graph.gameturn",
    "pk": 1
},
{
    "fields": {
        "iteration": 1,
        "graph_cost": 2
    },
    "model": "graph.gameturn",
    "pk": 2
},
{
    "fields": {
        "iteration": 2,
        "graph_cost": 3
    },
    "model": "graph.gameturn",
    "pk": 3
},
{
    "fields": {
        "iteration": 3,
        "graph_cost": 4
    },
    "model": "graph.gameturn",
    "pk": 4
},
{
    "fields": {
        "iteration": 4,
        "graph_cost": 5
    },
    "model": "graph.gameturn",
    "pk": 5
},
{
    "fields": {
        "iteration": 5,
        "graph_cost": 6
    },
    "model": "graph.gameturn",
    "pk": 6
},
{
    "fields": {
        "iteration": 6,
        "graph_cost": 7
    },
    "model": "graph.gameturn",
    "pk": 7
},
{
    "fields": {
        "iteration": 7,
        "graph_cost": 8
    },
    "model": "graph.gameturn",
    "pk": 8
},
{
    "fields": {
        "iteration": 8,
        "graph_cost": 9
    },
    "model": "graph.gameturn",
    "pk": 9
},
{
    "fields": {
        "iteration": 9,
        "graph_cost": 10
    },
    "model": "graph.gameturn",
    "pk": 10
},
{
    "fields": {
        "iteration": 10,
        "graph_cost": 11
    },
    "model": "graph.gameturn",
    "pk": 11
},
{
    "fields": {
        "iteration": 11,
        "graph_cost": 12
    },
    "model": "graph.gameturn",
    "pk": 12
},
{
    "fields": {
        "iteration": 12,
        "graph_cost": 13
    },
    "model": "graph.gameturn",
    "pk": 13
},
{
    "fields": {
        "iteration": 13,
        "graph_cost": 14
    },
    "model": "graph.gameturn",
    "pk": 14
},
{
    "fields": {
        "iteration": 14,
        "graph_cost": 15
    },
    "model": "graph.gameturn",
    "pk": 15
},
{
    "fields": {
        "iteration": 15,
        "graph_cost": 16
    },
    "model": "graph.gameturn",
    "pk": 16
},
{
    "fields": {
        "iteration": 16,
        "graph_cost": 17
    },
    "model": "graph.gameturn",
    "pk": 17
},
{
    "fields": {
        "iteration": 17,
        "graph_cost": 18
    },
    "model": "graph.gameturn",
    "pk": 18
},
{
    "fields": {
        "iteration": 18,
        "graph_cost": 19
    },
    "model": "graph.gameturn",
    "pk": 19
},
{
    "fields": {
        "iteration": 19,
        "graph_cost": 20
    },
    "model": "graph.gameturn",
    "pk": 20
},
{
    "fields": {
        "iteration": 20,
        "graph_cost": 21
    },
    "model": "graph.gameturn",
    "pk": 21
},
{
    "fields": {
        "iteration": 21,
        "graph_cost": 22
    },
    "model": "graph.gameturn",
    "pk": 22
},
{
    "fields": {
        "iteration": 22,
        "graph_cost": 23
    },
    "model": "graph.gameturn",
    "pk": 23
},
{
    "fields": {
        "iteration": 23,
        "graph_cost": 24
    },
    "model": "graph.gameturn",
    "pk": 24
},
{
    "fields": {
        "iteration": 24,
        "graph_cost": 25
    },
    "model": "graph.gameturn",
    "pk": 25
},
{
    "fields": {
        "iteration": 25,
        "graph_cost": 26
    },
    "model": "graph.gameturn",
    "pk": 26
},
{
    "fields": {
        "iteration": 26,
        "graph_cost": 27
    },
    "model": "graph.gameturn",
    "pk": 27
},
{
    "fields": {
        "iteration": 27,
        "graph_cost": 28
    },
    "model": "graph.gameturn",
    "pk": 28
},
{
    "fields": {
        "iteration": 28,
        "graph_cost": 29
    },
    "model": "graph.gameturn",
    "pk": 29
},
{
    "fields": {
        "iteration": 29,
        "graph_cost": 30
    },
    "model": "graph.gameturn",
    "pk": 30
},
{
    "fields": {
        "iteration": 30,
        "graph_cost": 31
    },
    "model": "graph.gameturn",
    "pk": 31
},
{
    "fields": {
        "iteration": 31,
        "graph_cost": 32
    },
    "model": "graph.gameturn",
    "pk": 32
},
{
    "fields": {
        "iteration": 32,
        "graph_cost": null
    },
    "model": "graph.gameturn",
    "pk": 33
},
{
    "fields": {
        "username": "u1",
        "turn": 1,
        "path_assignments": [
            1,
            2,
            3,
            4,
            5,
            6
        ]
    },
    "model": "graph.flowdistribution",
    "pk": 3
},
{
    "fields": {
        "username": "u2",
        "turn": 1,
        "path_assignments": [
            7,
            8,
            9
        ]
    },
    "model": "graph.flowdistribution",
    "pk": 4
},
{
    "fields": {
        "username": "u1",
        "turn": 2,
        "path_assignments": [
            10,
            11,
            12,
            13,
            14,
            15
        ]
    },
    "model": "graph.flowdistribution",
    "pk": 5
},
{
    "fields": {
        "username": "u2",
        "turn": 2,
        "path_assignments": [
            16,
            17,
            18
        ]
    },
    "model": "graph.flowdistribution",
    "pk": 6
},
{
    "fields": {
        "username": "u1",
        "turn": 3,
        "path_assignments": [
            19,
            20,
            21,
            22,
            23,
            24
        ]
    },
    "model": "graph.flowdistribution",
    "pk": 7
},
{
    "fields": {
        "username": "u2",
        "turn": 3,
        "path_assignments": [
            25,
            26,
            27
        ]
    },
    "model": "graph.flowdistribution",
    "pk": 8
},
{
    "fields": {
        "username": "u1",
        "turn": 4,
        "path_assignments": [
            28,
            29,
            30,
            31,
            32,
            33
        ]
    },
    "model": "graph.flowdistribution",
    "pk": 9
},
{
    "fields": {
        "username": "u2",
        "turn": 4,
        "path_assignments": [
            34,
            35,
            36
        ]
    },
    "model": "graph.flowdistribution",
    "pk": 10
},
{
    "fields": {
        "username": "u1",
        "turn": 5,
        "path_assignments": [
            37,
            38,
            39,
            40,
            41,
            42
        ]
    },
    "model": "graph.flowdistribution",
    "pk": 11
},
{
    "fields": {
        "username": "u2",
        "turn": 5,
        "path_assignments": [
            43,
            44,
            45
        ]
    },
    "model": "graph.flowdistribution",
    "pk": 12
},
{
    "fields": {
        "username": "u1",
        "turn": 6,
        "path_assignments": [
            46,
            47,
            48,
            49,
            50,
            51
        ]
    },
    "model": "graph.flowdistribution",
    "pk": 13
},
{
    "fields": {
        "username": "u2",
        "turn": 6,
        "path_assignments": [
            52,
            53,
            54
        ]
    },
    "model": "graph.flowdistribution",
    "pk": 14
},
{
    "fields": {
        "username": "u1",
        "turn": 7,
        "path_assignments": [
            55,
            56,
            57,
            58,
            59,
            60
        ]
    },
    "model": "graph.flowdistribution",
    "pk": 15
},
{
    "fields": {
        "username": "u2",
        "turn": 7,
        "path_assignments": [
            61,
            62,
            63
        ]
    },
    "model": "graph.flowdistribution",
    "pk": 16
},
{
    "fields": {
        "username": "u1",
        "turn": 8,
        "path_assignments": [
            64,
            65,
            66,
            67,
            68,
            69
        ]
    },
    "model": "graph.flowdistribution",
    "pk": 17
},
{
    "fields": {
        "username": "u2",
        "turn": 8,
        "path_assignments": [
            70,
            71,
            72
        ]
    },
    "model": "graph.flowdistribution",
    "pk": 18
},
{
    "fields": {
        "username": "u1",
        "turn": 9,
        "path_assignments": [
            73,
            74,
            75,
            76,
            77,
            78
        ]
    },
    "model": "graph.flowdistribution",
    "pk": 19
},
{
    "fields": {
        "username": "u2",
        "turn": 9,
        "path_assignments": [
            79,
            80,
            81
        ]
    },
    "model": "graph.flowdistribution",
    "pk": 20
},
{
    "fields": {
        "username": "u1",
        "turn": 10,
        "path_assignments": [
            82,
            83,
            84,
            85,
            86,
            87
        ]
    },
    "model": "graph.flowdistribution",
    "pk": 21
},
{
    "fields": {
        "username": "u2",
        "turn": 10,
        "path_assignments": [
            88,
            89,
            90
        ]
    },
    "model": "graph.flowdistribution",
    "pk": 22
},
{
    "fields": {
        "username": "u1",
        "turn": 11,
        "path_assignments": [
            91,
            92,
            93,
            94,
            95,
            96
        ]
    },
    "model": "graph.flowdistribution",
    "pk": 23
},
{
    "fields": {
        "username": "u2",
        "turn": 11,
        "path_assignments": [
            97,
            98,
            99
        ]
    },
    "model": "graph.flowdistribution",
    "pk": 24
},
{
    "fields": {
        "username": "u1",
        "turn": 12,
        "path_assignments": [
            100,
            101,
            102,
            103,
            104,
            105
        ]
    },
    "model": "graph.flowdistribution",
    "pk": 25
},
{
    "fields": {
        "username": "u2",
        "turn": 12,
        "path_assignments": [
            106,
            107,
            108
        ]
    },
    "model": "graph.flowdistribution",
    "pk": 26
},
{
    "fields": {
        "username": "u1",
        "turn": 13,
        "path_assignments": [
            109,
            110,
            111,
            112,
            113,
            114
        ]
    },
    "model": "graph.flowdistribution",
    "pk": 27
},
{
    "fields": {
        "username": "u2",
        "turn": 13,
        "path_assignments": [
            115,
            116,
            117
        ]
    },
    "model": "graph.flowdistribution",
    "pk": 28
},
{
    "fields": {
        "username": "u1",
        "turn": 14,
        "path_assignments": [
            118,
            119,
            120,
            121,
            122,
            123
        ]
    },
    "model": "graph.flowdistribution",
    "pk": 29
},
{
    "fields": {
        "username": "u2",
        "turn": 14,
        "path_assignments": [
            124,
            125,
            126
        ]
    },
    "model": "graph.flowdistribution",
    "pk": 30
},
{
    "fields": {
        "username": "u1",
        "turn": 15,
        "path_assignments": [
            127,
            128,
            129,
            130,
            131,
            132
        ]
    },
    "model": "graph.flowdistribution",
    "pk": 31
},
{
    "fields": {
        "username": "u2",
        "turn": 15,
        "path_assignments": [
            133,
            134,
            135
        ]
    },
    "model": "graph.flowdistribution",
    "pk": 32
},
{
    "fields": {
        "username": "u1",
        "turn": 16,
        "path_assignments": [
            136,
            137,
            138,
            139,
            140,
            141
        ]
    },
    "model": "graph.flowdistribution",
    "pk": 33
},
{
    "fields": {
        "username": "u2",
        "turn": 16,
        "path_assignments": [
            142,
            143,
            144
        ]
    },
    "model": "graph.flowdistribution",
    "pk": 34
},
{
    "fields": {
        "username": "u1",
        "turn": 17,
        "path_assignments": [
            145,
            146,
            147,
            148,
            149,
            150
        ]
    },
    "model": "graph.flowdistribution",
    "pk": 35
},
{
    "fields": {
        "username": "u2",
        "turn": 17,
        "path_assignments": [
            151,
            152,
            153
        ]
    },
    "model": "graph.flowdistribution",
    "pk": 36
},
{
    "fields": {
        "username": "u1",
        "turn": 18,
        "path_assignments": [
            154,
            155,
            156,
            157,
            158,
            159
        ]
    },
    "model": "graph.flowdistribution",
    "pk": 37
},
{
    "fields": {
        "username": "u2",
        "turn": 18,
        "path_assignments": [
            160,
            161,
            162
        ]
    },
    "model": "graph.flowdistribution",
    "pk": 38
},
{
    "fields": {
        "username": "u1",
        "turn": 19,
        "path_assignments": [
            163,
            164,
            165,
            166,
            167,
            168
        ]
    },
    "model": "graph.flowdistribution",
    "pk": 39
},
{
    "fields": {
        "username": "u2",
        "turn": 19,
        "path_assignments": [
            169,
            170,
            171
        ]
    },
    "model": "graph.flowdistribution",
    "pk": 40
},
{
    "fields": {
        "username": "u1",
        "turn": 20,
        "path_assignments": [
            172,
            173,
            174,
            175,
            176,
            177
        ]
    },
    "model": "graph.flowdistribution",
    "pk": 41
},
{
    "fields": {
        "username": "u2",
        "turn": 20,
        "path_assignments": [
            178,
            179,
            180
        ]
    },
    "model": "graph.flowdistribution",
    "pk": 42
},
{
    "fields": {
        "username": "u1",
        "turn": 21,
        "path_assignments": [
            181,
            182,
            183,
            184,
            185,
            186
        ]
    },
    "model": "graph.flowdistribution",
    "pk": 43
},
{
    "fields": {
        "username": "u2",
        "turn": 21,
        "path_assignments": [
            187,
            188,
            189
        ]
    },
    "model": "graph.flowdistribution",
    "pk": 44
},
{
    "fields": {
        "username": "u1",
        "turn": 22,
        "path_assignments": [
            190,
            191,
            192,
            193,
            194,
            195
        ]
    },
    "model": "graph.flowdistribution",
    "pk": 45
},
{
    "fields": {
        "username": "u2",
        "turn": 22,
        "path_assignments": [
            196,
            197,
            198
        ]
    },
    "model": "graph.flowdistribution",
    "pk": 46
},
{
    "fields": {
        "username": "u1",
        "turn": 23,
        "path_assignments": [
            199,
            200,
            201,
            202,
            203,
            204
        ]
    },
    "model": "graph.flowdistribution",
    "pk": 47
},
{
    "fields": {
        "username": "u2",
        "turn": 23,
        "path_assignments": [
            205,
            206,
            207
        ]
    },
    "model": "graph.flowdistribution",
    "pk": 48
},
{
    "fields": {
        "username": "u1",
        "turn": 24,
        "path_assignments": [
            208,
            209,
            210,
            211,
            212,
            213
        ]
    },
    "model": "graph.flowdistribution",
    "pk": 49
},
{
    "fields": {
        "username": "u2",
        "turn": 24,
        "path_assignments": [
            214,
            215,
            216
        ]
    },
    "model": "graph.flowdistribution",
    "pk": 50
},
{
    "fields": {
        "username": "u1",
        "turn": 25,
        "path_assignments": [
            217,
            218,
            219,
            220,
            221,
            222
        ]
    },
    "model": "graph.flowdistribution",
    "pk": 51
},
{
    "fields": {
        "username": "u2",
        "turn": 25,
        "path_assignments": [
            223,
            224,
            225
        ]
    },
    "model": "graph.flowdistribution",
    "pk": 52
},
{
    "fields": {
        "username": "u1",
        "turn": 26,
        "path_assignments": [
            226,
            227,
            228,
            229,
            230,
            231
        ]
    },
    "model": "graph.flowdistribution",
    "pk": 53
},
{
    "fields": {
        "username": "u2",
        "turn": 26,
        "path_assignments": [
            232,
            233,
            234
        ]
    },
    "model": "graph.flowdistribution",
    "pk": 54
},
{
    "fields": {
        "username": "u1",
        "turn": 27,
        "path_assignments": [
            235,
            236,
            237,
            238,
            239,
            240
        ]
    },
    "model": "graph.flowdistribution",
    "pk": 55
},
{
    "fields": {
        "username": "u2",
        "turn": 27,
        "path_assignments": [
            241,
            242,
            243
        ]
    },
    "model": "graph.flowdistribution",
    "pk": 56
},
{
    "fields": {
        "username": "u1",
        "turn": 28,
        "path_assignments": [
            244,
            245,
            246,
            247,
            248,
            249
        ]
    },
    "model": "graph.flowdistribution",
    "pk": 57
},
{
    "fields": {
        "username": "u2",
        "turn": 28,
        "path_assignments": [
            250,
            251,
            252
        ]
    },
    "model": "graph.flowdistribution",
    "pk": 58
},
{
    "fields": {
        "username": "u1",
        "turn": 29,
        "path_assignments": [
            253,
            254,
            255,
            256,
            257,
            258
        ]
    },
    "model": "graph.flowdistribution",
    "pk": 59
},
{
    "fields": {
        "username": "u2",
        "turn": 29,
        "path_assignments": [
            259,
            260,
            261
        ]
    },
    "model": "graph.flowdistribution",
    "pk": 60
},
{
    "fields": {
        "username": "u1",
        "turn": 30,
        "path_assignments": [
            262,
            263,
            264,
            265,
            266,
            267
        ]
    },
    "model": "graph.flowdistribution",
    "pk": 61
},
{
    "fields": {
        "username": "u2",
        "turn": 30,
        "path_assignments": [
            268,
            269,
            270
        ]
    },
    "model": "graph.flowdistribution",
    "pk": 62
},
{
    "fields": {
        "username": "u1",
        "turn": 31,
        "path_assignments": [
            271,
            272,
            273,
            274,
            275,
            276
        ]
    },
    "model": "graph.flowdistribution",
    "pk": 63
},
{
    "fields": {
        "username": "u2",
        "turn": 31,
        "path_assignments": [
            277,
            278,
            279
        ]
    },
    "model": "graph.flowdistribution",
    "pk": 64
},
{
    "fields": {
        "username": "u1",
        "turn": 32,
        "path_assignments": [
            280,
            281,
            282,
            283,
            284,
            285
        ]
    },
    "model": "graph.flowdistribution",
    "pk": 65
},
{
    "fields": {
        "username": "u2",
        "turn": 32,
        "path_assignments": [
            286,
            287,
            288
        ]
    },
    "model": "graph.flowdistribution",
    "pk": 66
},
{
    "fields": {
        "edge": "0ff225eb915dee64eef5ecdbe9d7858b",
        "cost": 1.0
    },
    "model": "graph.edgecost",
    "pk": 1
},
{
    "fields": {
        "edge": "290d55c063cb7ad107424c261e53ce9d",
        "cost": 1.0
    },
    "model": "graph.edgecost",
    "pk": 2
},
{
    "fields": {
        "edge": "4787b389ae8b331e5ae9d42ed8c68373",
        "cost": 1.0
    },
    "model": "graph.edgecost",
    "pk": 3
},
{
    "fields": {
        "edge": "a40fbd2f51541e24e1d8231a6f4e312c",
        "cost": 1.0
    },
    "model": "graph.edgecost",
    "pk": 4
},
{
    "fields": {
        "edge": "a950a519f55202a71140ea3bcc1882c0",
        "cost": 1.0
    },
    "model": "graph.edgecost",
    "pk": 5
},
{
    "fields": {
        "edge": "bf5036c2c7fe7234815d2361dd45fb61",
        "cost": 1.0
    },
    "model": "graph.edgecost",
    "pk": 6
},
{
    "fields": {
        "edge": "c68d23be8644530d6286106df7f17412",
        "cost": 1.0
    },
    "model": "graph.edgecost",
    "pk": 7
},
{
    "fields": {
        "edge": "e6a6a34c321c5cf5fd0ff0047f567cfc",
        "cost": 1.0
    },
    "model": "graph.edgecost",
    "pk": 8
},
{
    "fields": {
        "edge": "0ff225eb915dee64eef5ecdbe9d7858b",
        "cost": 1.0
    },
    "model": "graph.edgecost",
    "pk": 9
},
{
    "fields": {
        "edge": "290d55c063cb7ad107424c261e53ce9d",
        "cost": 1.0
    },
    "model": "graph.edgecost",
    "pk": 10
},
{
    "fields": {
        "edge": "4787b389ae8b331e5ae9d42ed8c68373",
        "cost": 1.0
    },
    "model": "graph.edgecost",
    "pk": 11
},
{
    "fields": {
        "edge": "a40fbd2f51541e24e1d8231a6f4e312c",
        "cost": 1.0
    },
    "model": "graph.edgecost",
    "pk": 12
},
{
    "fields": {
        "edge": "a950a519f55202a71140ea3bcc1882c0",
        "cost": 1.0
    },
    "model": "graph.edgecost",
    "pk": 13
},
{
    "fields": {
        "edge": "bf5036c2c7fe7234815d2361dd45fb61",
        "cost": 1.0
    },
    "model": "graph.edgecost",
    "pk": 14
},
{
    "fields": {
        "edge": "c68d23be8644530d6286106df7f17412",
        "cost": 1.0
    },
    "model": "graph.edgecost",
    "pk": 15
},
{
    "fields": {
        "edge": "e6a6a34c321c5cf5fd0ff0047f567cfc",
        "cost": 1.0
    },
    "model": "graph.edgecost",
    "pk": 16
},
{
    "fields": {
        "edge": "0ff225eb915dee64eef5ecdbe9d7858b",
        "cost": 1.0
    },
    "model": "graph.edgecost",
    "pk": 17
},
{
    "fields": {
        "edge": "290d55c063cb7ad107424c261e53ce9d",
        "cost": 1.0
    },
    "model": "graph.edgecost",
    "pk": 18
},
{
    "fields": {
        "edge": "4787b389ae8b331e5ae9d42ed8c68373",
        "cost": 1.0
    },
    "model": "graph.edgecost",
    "pk": 19
},
{
    "fields": {
        "edge": "a40fbd2f51541e24e1d8231a6f4e312c",
        "cost": 1.0
    },
    "model": "graph.edgecost",
    "pk": 20
},
{
    "fields": {
        "edge": "a950a519f55202a71140ea3bcc1882c0",
        "cost": 1.0
    },
    "model": "graph.edgecost",
    "pk": 21
},
{
    "fields": {
        "edge": "bf5036c2c7fe7234815d2361dd45fb61",
        "cost": 1.0
    },
    "model": "graph.edgecost",
    "pk": 22
},
{
    "fields": {
        "edge": "c68d23be8644530d6286106df7f17412",
        "cost": 1.0
    },
    "model": "graph.edgecost",
    "pk": 23
},
{
    "fields": {
        "edge": "e6a6a34c321c5cf5fd0ff0047f567cfc",
        "cost": 1.0
    },
    "model": "graph.edgecost",
    "pk": 24
},
{
    "fields": {
        "edge": "0ff225eb915dee64eef5ecdbe9d7858b",
        "cost": 1.0
    },
    "model": "graph.edgecost",
    "pk": 25
},
{
    "fields": {
        "edge": "290d55c063cb7ad107424c261e53ce9d",
        "cost": 1.0
    },
    "model": "graph.edgecost",
    "pk": 26
},
{
    "fields": {
        "edge": "4787b389ae8b331e5ae9d42ed8c68373",
        "cost": 1.0
    },
    "model": "graph.edgecost",
    "pk": 27
},
{
    "fields": {
        "edge": "a40fbd2f51541e24e1d8231a6f4e312c",
        "cost": 1.0
    },
    "model": "graph.edgecost",
    "pk": 28
},
{
    "fields": {
        "edge": "a950a519f55202a71140ea3bcc1882c0",
        "cost": 1.0
    },
    "model": "graph.edgecost",
    "pk": 29
},
{
    "fields": {
        "edge": "bf5036c2c7fe7234815d2361dd45fb61",
        "cost": 1.0
    },
    "model": "graph.edgecost",
    "pk": 30
},
{
    "fields": {
        "edge": "c68d23be8644530d6286106df7f17412",
        "cost": 1.0
    },
    "model": "graph.edgecost",
    "pk": 31
},
{
    "fields": {
        "edge": "e6a6a34c321c5cf5fd0ff0047f567cfc",
        "cost": 1.0
    },
    "model": "graph.edgecost",
    "pk": 32
},
{
    "fields": {
        "edge": "0ff225eb915dee64eef5ecdbe9d7858b",
        "cost": 1.0
    },
    "model": "graph.edgecost",
    "pk": 33
},
{
    "fields": {
        "edge": "290d55c063cb7ad107424c261e53ce9d",
        "cost": 1.0
    },
    "model": "graph.edgecost",
    "pk": 34
},
{
    "fields": {
        "edge": "4787b389ae8b331e5ae9d42ed8c68373",
        "cost": 1.0
    },
    "model": "graph.edgecost",
    "pk": 35
},
{
    "fields": {
        "edge": "a40fbd2f51541e24e1d8231a6f4e312c",
        "cost": 1.0
    },
    "model": "graph.edgecost",
    "pk": 36
},
{
    "fields": {
        "edge": "a950a519f55202a71140ea3bcc1882c0",
        "cost": 1.0
    },
    "model": "graph.edgecost",
    "pk": 37
},
{
    "fields": {
        "edge": "bf5036c2c7fe7234815d2361dd45fb61",
        "cost": 1.0
    },
    "model": "graph.edgecost",
    "pk": 38
},
{
    "fields": {
        "edge": "c68d23be8644530d6286106df7f17412",
        "cost": 1.0
    },
    "model": "graph.edgecost",
    "pk": 39
},
{
    "fields": {
        "edge": "e6a6a34c321c5cf5fd0ff0047f567cfc",
        "cost": 1.0
    },
    "model": "graph.edgecost",
    "pk": 40
},
{
    "fields": {
        "edge": "0ff225eb915dee64eef5ecdbe9d7858b",
        "cost": 1.0
    },
    "model": "graph.edgecost",
    "pk": 41
},
{
    "fields": {
        "edge": "290d55c063cb7ad107424c261e53ce9d",
        "cost": 1.0
    },
    "model": "graph.edgecost",
    "pk": 42
},
{
    "fields": {
        "edge": "4787b389ae8b331e5ae9d42ed8c68373",
        "cost": 1.0
    },
    "model": "graph.edgecost",
    "pk": 43
},
{
    "fields": {
        "edge": "a40fbd2f51541e24e1d8231a6f4e312c",
        "cost": 1.0
    },
    "model": "graph.edgecost",
    "pk": 44
},
{
    "fields": {
        "edge": "a950a519f55202a71140ea3bcc1882c0",
        "cost": 1.0
    },
    "model": "graph.edgecost",
    "pk": 45
},
{
    "fields": {
        "edge": "bf5036c2c7fe7234815d2361dd45fb61",
        "cost": 1.0
    },
    "model": "graph.edgecost",
    "pk": 46
},
{
    "fields": {
        "edge": "c68d23be8644530d6286106df7f17412",
        "cost": 1.0
    },
    "model": "graph.edgecost",
    "pk": 47
},
{
    "fields": {
        "edge": "e6a6a34c321c5cf5fd0ff0047f567cfc",
        "cost": 1.0
    },
    "model": "graph.edgecost",
    "pk": 48
},
{
    "fields": {
        "edge": "0ff225eb915dee64eef5ecdbe9d7858b",
        "cost": 1.0
    },
    "model": "graph.edgecost",
    "pk": 49
},
{
    "fields": {
        "edge": "290d55c063cb7ad107424c261e53ce9d",
        "cost": 1.0
    },
    "model": "graph.edgecost",
    "pk": 50
},
{
    "fields": {
        "edge": "4787b389ae8b331e5ae9d42ed8c68373",
        "cost": 1.0
    },
    "model": "graph.edgecost",
    "pk": 51
},
{
    "fields": {
        "edge": "a40fbd2f51541e24e1d8231a6f4e312c",
        "cost": 1.0
    },
    "model": "graph.edgecost",
    "pk": 52
},
{
    "fields": {
        "edge": "a950a519f55202a71140ea3bcc1882c0",
        "cost": 1.0
    },
    "model": "graph.edgecost",
    "pk": 53
},
{
    "fields": {
        "edge": "bf5036c2c7fe7234815d2361dd45fb61",
        "cost": 1.0
    },
    "model": "graph.edgecost",
    "pk": 54
},
{
    "fields": {
        "edge": "c68d23be8644530d6286106df7f17412",
        "cost": 1.0
    },
    "model": "graph.edgecost",
    "pk": 55
},
{
    "fields": {
        "edge": "e6a6a34c321c5cf5fd0ff0047f567cfc",
        "cost": 1.0
    },
    "model": "graph.edgecost",
    "pk": 56
},
{
    "fields": {
        "edge": "0ff225eb915dee64eef5ecdbe9d7858b",
        "cost": 1.0
    },
    "model": "graph.edgecost",
    "pk": 57
},
{
    "fields": {
        "edge": "290d55c063cb7ad107424c261e53ce9d",
        "cost": 1.0
    },
    "model": "graph.edgecost",
    "pk": 58
},
{
    "fields": {
        "edge": "4787b389ae8b331e5ae9d42ed8c68373",
        "cost": 1.0
    },
    "model": "graph.edgecost",
    "pk": 59
},
{
    "fields": {
        "edge": "a40fbd2f51541e24e1d8231a6f4e312c",
        "cost": 1.0
    },
    "model": "graph.edgecost",
    "pk": 60
},
{
    "fields": {
        "edge": "a950a519f55202a71140ea3bcc1882c0",
        "cost": 1.0
    },
    "model": "graph.edgecost",
    "pk": 61
},
{
    "fields": {
        "edge": "bf5036c2c7fe7234815d2361dd45fb61",
        "cost": 1.0
    },
    "model": "graph.edgecost",
    "pk": 62
},
{
    "fields": {
        "edge": "c68d23be8644530d6286106df7f17412",
        "cost": 1.0
    },
    "model": "graph.edgecost",
    "pk": 63
},
{
    "fields": {
        "edge": "e6a6a34c321c5cf5fd0ff0047f567cfc",
        "cost": 1.0
    },
    "model": "graph.edgecost",
    "pk": 64
},
{
    "fields": {
        "edge": "0ff225eb915dee64eef5ecdbe9d7858b",
        "cost": 1.0
    },
    "model": "graph.edgecost",
    "pk": 65
},
{
    "fields": {
        "edge": "290d55c063cb7ad107424c261e53ce9d",
        "cost": 1.0
    },
    "model": "graph.edgecost",
    "pk": 66
},
{
    "fields": {
        "edge": "4787b389ae8b331e5ae9d42ed8c68373",
        "cost": 1.0
    },
    "model": "graph.edgecost",
    "pk": 67
},
{
    "fields": {
        "edge": "a40fbd2f51541e24e1d8231a6f4e312c",
        "cost": 1.0
    },
    "model": "graph.edgecost",
    "pk": 68
},
{
    "fields": {
        "edge": "a950a519f55202a71140ea3bcc1882c0",
        "cost": 1.0
    },
    "model": "graph.edgecost",
    "pk": 69
},
{
    "fields": {
        "edge": "bf5036c2c7fe7234815d2361dd45fb61",
        "cost": 1.0
    },
    "model": "graph.edgecost",
    "pk": 70
},
{
    "fields": {
        "edge": "c68d23be8644530d6286106df7f17412",
        "cost": 1.0
    },
    "model": "graph.edgecost",
    "pk": 71
},
{
    "fields": {
        "edge": "e6a6a34c321c5cf5fd0ff0047f567cfc",
        "cost": 1.0
    },
    "model": "graph.edgecost",
    "pk": 72
},
{
    "fields": {
        "edge": "0ff225eb915dee64eef5ecdbe9d7858b",
        "cost": 1.0
    },
    "model": "graph.edgecost",
    "pk": 73
},
{
    "fields": {
        "edge": "290d55c063cb7ad107424c261e53ce9d",
        "cost": 1.0
    },
    "model": "graph.edgecost",
    "pk": 74
},
{
    "fields": {
        "edge": "4787b389ae8b331e5ae9d42ed8c68373",
        "cost": 1.0
    },
    "model": "graph.edgecost",
    "pk": 75
},
{
    "fields": {
        "edge": "a40fbd2f51541e24e1d8231a6f4e312c",
        "cost": 1.0
    },
    "model": "graph.edgecost",
    "pk": 76
},
{
    "fields": {
        "edge": "a950a519f55202a71140ea3bcc1882c0",
        "cost": 1.0
    },
    "model": "graph.edgecost",
    "pk": 77
},
{
    "fields": {
        "edge": "bf5036c2c7fe7234815d2361dd45fb61",
        "cost": 1.0
    },
    "model": "graph.edgecost",
    "pk": 78
},
{
    "fields": {
        "edge": "c68d23be8644530d6286106df7f17412",
        "cost": 1.0
    },
    "model": "graph.edgecost",
    "pk": 79
},
{
    "fields": {
        "edge": "e6a6a34c321c5cf5fd0ff0047f567cfc",
        "cost": 1.0
    },
    "model": "graph.edgecost",
    "pk": 80
},
{
    "fields": {
        "edge": "0ff225eb915dee64eef5ecdbe9d7858b",
        "cost": 1.0
    },
    "model": "graph.edgecost",
    "pk": 81
},
{
    "fields": {
        "edge": "290d55c063cb7ad107424c261e53ce9d",
        "cost": 1.0
    },
    "model": "graph.edgecost",
    "pk": 82
},
{
    "fields": {
        "edge": "4787b389ae8b331e5ae9d42ed8c68373",
        "cost": 1.0
    },
    "model": "graph.edgecost",
    "pk": 83
},
{
    "fields": {
        "edge": "a40fbd2f51541e24e1d8231a6f4e312c",
        "cost": 1.0
    },
    "model": "graph.edgecost",
    "pk": 84
},
{
    "fields": {
        "edge": "a950a519f55202a71140ea3bcc1882c0",
        "cost": 1.0
    },
    "model": "graph.edgecost",
    "pk": 85
},
{
    "fields": {
        "edge": "bf5036c2c7fe7234815d2361dd45fb61",
        "cost": 1.0
    },
    "model": "graph.edgecost",
    "pk": 86
},
{
    "fields": {
        "edge": "c68d23be8644530d6286106df7f17412",
        "cost": 1.0
    },
    "model": "graph.edgecost",
    "pk": 87
},
{
    "fields": {
        "edge": "e6a6a34c321c5cf5fd0ff0047f567cfc",
        "cost": 1.0
    },
    "model": "graph.edgecost",
    "pk": 88
},
{
    "fields": {
        "edge": "0ff225eb915dee64eef5ecdbe9d7858b",
        "cost": 1.0
    },
    "model": "graph.edgecost",
    "pk": 89
},
{
    "fields": {
        "edge": "290d55c063cb7ad107424c261e53ce9d",
        "cost": 1.0
    },
    "model": "graph.edgecost",
    "pk": 90
},
{
    "fields": {
        "edge": "4787b389ae8b331e5ae9d42ed8c68373",
        "cost": 1.0
    },
    "model": "graph.edgecost",
    "pk": 91
},
{
    "fields": {
        "edge": "a40fbd2f51541e24e1d8231a6f4e312c",
        "cost": 1.0
    },
    "model": "graph.edgecost",
    "pk": 92
},
{
    "fields": {
        "edge": "a950a519f55202a71140ea3bcc1882c0",
        "cost": 1.0
    },
    "model": "graph.edgecost",
    "pk": 93
},
{
    "fields": {
        "edge": "bf5036c2c7fe7234815d2361dd45fb61",
        "cost": 1.0
    },
    "model": "graph.edgecost",
    "pk": 94
},
{
    "fields": {
        "edge": "c68d23be8644530d6286106df7f17412",
        "cost": 1.0
    },
    "model": "graph.edgecost",
    "pk": 95
},
{
    "fields": {
        "edge": "e6a6a34c321c5cf5fd0ff0047f567cfc",
        "cost": 1.0
    },
    "model": "graph.edgecost",
    "pk": 96
},
{
    "fields": {
        "edge": "0ff225eb915dee64eef5ecdbe9d7858b",
        "cost": 1.0
    },
    "model": "graph.edgecost",
    "pk": 97
},
{
    "fields": {
        "edge": "290d55c063cb7ad107424c261e53ce9d",
        "cost": 1.0
    },
    "model": "graph.edgecost",
    "pk": 98
},
{
    "fields": {
        "edge": "4787b389ae8b331e5ae9d42ed8c68373",
        "cost": 1.0
    },
    "model": "graph.edgecost",
    "pk": 99
},
{
    "fields": {
        "edge": "a40fbd2f51541e24e1d8231a6f4e312c",
        "cost": 1.0
    },
    "model": "graph.edgecost",
    "pk": 100
},
{
    "fields": {
        "edge": "a950a519f55202a71140ea3bcc1882c0",
        "cost": 1.0
    },
    "model": "graph.edgecost",
    "pk": 101
},
{
    "fields": {
        "edge": "bf5036c2c7fe7234815d2361dd45fb61",
        "cost": 1.0
    },
    "model": "graph.edgecost",
    "pk": 102
},
{
    "fields": {
        "edge": "c68d23be8644530d6286106df7f17412",
        "cost": 1.0
    },
    "model": "graph.edgecost",
    "pk": 103
},
{
    "fields": {
        "edge": "e6a6a34c321c5cf5fd0ff0047f567cfc",
        "cost": 1.0
    },
    "model": "graph.edgecost",
    "pk": 104
},
{
    "fields": {
        "edge": "0ff225eb915dee64eef5ecdbe9d7858b",
        "cost": 1.0
    },
    "model": "graph.edgecost",
    "pk": 105
},
{
    "fields": {
        "edge": "290d55c063cb7ad107424c261e53ce9d",
        "cost": 1.0
    },
    "model": "graph.edgecost",
    "pk": 106
},
{
    "fields": {
        "edge": "4787b389ae8b331e5ae9d42ed8c68373",
        "cost": 1.0
    },
    "model": "graph.edgecost",
    "pk": 107
},
{
    "fields": {
        "edge": "a40fbd2f51541e24e1d8231a6f4e312c",
        "cost": 1.0
    },
    "model": "graph.edgecost",
    "pk": 108
},
{
    "fields": {
        "edge": "a950a519f55202a71140ea3bcc1882c0",
        "cost": 1.0
    },
    "model": "graph.edgecost",
    "pk": 109
},
{
    "fields": {
        "edge": "bf5036c2c7fe7234815d2361dd45fb61",
        "cost": 1.0
    },
    "model": "graph.edgecost",
    "pk": 110
},
{
    "fields": {
        "edge": "c68d23be8644530d6286106df7f17412",
        "cost": 1.0
    },
    "model": "graph.edgecost",
    "pk": 111
},
{
    "fields": {
        "edge": "e6a6a34c321c5cf5fd0ff0047f567cfc",
        "cost": 1.0
    },
    "model": "graph.edgecost",
    "pk": 112
},
{
    "fields": {
        "edge": "0ff225eb915dee64eef5ecdbe9d7858b",
        "cost": 1.0
    },
    "model": "graph.edgecost",
    "pk": 113
},
{
    "fields": {
        "edge": "290d55c063cb7ad107424c261e53ce9d",
        "cost": 1.0
    },
    "model": "graph.edgecost",
    "pk": 114
},
{
    "fields": {
        "edge": "4787b389ae8b331e5ae9d42ed8c68373",
        "cost": 1.0
    },
    "model": "graph.edgecost",
    "pk": 115
},
{
    "fields": {
        "edge": "a40fbd2f51541e24e1d8231a6f4e312c",
        "cost": 1.0
    },
    "model": "graph.edgecost",
    "pk": 116
},
{
    "fields": {
        "edge": "a950a519f55202a71140ea3bcc1882c0",
        "cost": 1.0
    },
    "model": "graph.edgecost",
    "pk": 117
},
{
    "fields": {
        "edge": "bf5036c2c7fe7234815d2361dd45fb61",
        "cost": 1.0
    },
    "model": "graph.edgecost",
    "pk": 118
},
{
    "fields": {
        "edge": "c68d23be8644530d6286106df7f17412",
        "cost": 1.0
    },
    "model": "graph.edgecost",
    "pk": 119
},
{
    "fields": {
        "edge": "e6a6a34c321c5cf5fd0ff0047f567cfc",
        "cost": 1.0
    },
    "model": "graph.edgecost",
    "pk": 120
},
{
    "fields": {
        "edge": "0ff225eb915dee64eef5ecdbe9d7858b",
        "cost": 1.0
    },
    "model": "graph.edgecost",
    "pk": 121
},
{
    "fields": {
        "edge": "290d55c063cb7ad107424c261e53ce9d",
        "cost": 1.0
    },
    "model": "graph.edgecost",
    "pk": 122
},
{
    "fields": {
        "edge": "4787b389ae8b331e5ae9d42ed8c68373",
        "cost": 1.0
    },
    "model": "graph.edgecost",
    "pk": 123
},
{
    "fields": {
        "edge": "a40fbd2f51541e24e1d8231a6f4e312c",
        "cost": 1.0
    },
    "model": "graph.edgecost",
    "pk": 124
},
{
    "fields": {
        "edge": "a950a519f55202a71140ea3bcc1882c0",
        "cost": 1.0
    },
    "model": "graph.edgecost",
    "pk": 125
},
{
    "fields": {
        "edge": "bf5036c2c7fe7234815d2361dd45fb61",
        "cost": 1.0
    },
    "model": "graph.edgecost",
    "pk": 126
},
{
    "fields": {
        "edge": "c68d23be8644530d6286106df7f17412",
        "cost": 1.0
    },
    "model": "graph.edgecost",
    "pk": 127
},
{
    "fields": {
        "edge": "e6a6a34c321c5cf5fd0ff0047f567cfc",
        "cost": 1.0
    },
    "model": "graph.edgecost",
    "pk": 128
},
{
    "fields": {
        "edge": "0ff225eb915dee64eef5ecdbe9d7858b",
        "cost": 1.0
    },
    "model": "graph.edgecost",
    "pk": 129
},
{
    "fields": {
        "edge": "290d55c063cb7ad107424c261e53ce9d",
        "cost": 1.0
    },
    "model": "graph.edgecost",
    "pk": 130
},
{
    "fields": {
        "edge": "4787b389ae8b331e5ae9d42ed8c68373",
        "cost": 1.0
    },
    "model": "graph.edgecost",
    "pk": 131
},
{
    "fields": {
        "edge": "a40fbd2f51541e24e1d8231a6f4e312c",
        "cost": 1.0
    },
    "model": "graph.edgecost",
    "pk": 132
},
{
    "fields": {
        "edge": "a950a519f55202a71140ea3bcc1882c0",
        "cost": 1.0
    },
    "model": "graph.edgecost",
    "pk": 133
},
{
    "fields": {
        "edge": "bf5036c2c7fe7234815d2361dd45fb61",
        "cost": 1.0
    },
    "model": "graph.edgecost",
    "pk": 134
},
{
    "fields": {
        "edge": "c68d23be8644530d6286106df7f17412",
        "cost": 1.0
    },
    "model": "graph.edgecost",
    "pk": 135
},
{
    "fields": {
        "edge": "e6a6a34c321c5cf5fd0ff0047f567cfc",
        "cost": 1.0
    },
    "model": "graph.edgecost",
    "pk": 136
},
{
    "fields": {
        "edge": "0ff225eb915dee64eef5ecdbe9d7858b",
        "cost": 1.0
    },
    "model": "graph.edgecost",
    "pk": 137
},
{
    "fields": {
        "edge": "290d55c063cb7ad107424c261e53ce9d",
        "cost": 1.0
    },
    "model": "graph.edgecost",
    "pk": 138
},
{
    "fields": {
        "edge": "4787b389ae8b331e5ae9d42ed8c68373",
        "cost": 1.0
    },
    "model": "graph.edgecost",
    "pk": 139
},
{
    "fields": {
        "edge": "a40fbd2f51541e24e1d8231a6f4e312c",
        "cost": 1.0
    },
    "model": "graph.edgecost",
    "pk": 140
},
{
    "fields": {
        "edge": "a950a519f55202a71140ea3bcc1882c0",
        "cost": 1.0
    },
    "model": "graph.edgecost",
    "pk": 141
},
{
    "fields": {
        "edge": "bf5036c2c7fe7234815d2361dd45fb61",
        "cost": 1.0
    },
    "model": "graph.edgecost",
    "pk": 142
},
{
    "fields": {
        "edge": "c68d23be8644530d6286106df7f17412",
        "cost": 1.0
    },
    "model": "graph.edgecost",
    "pk": 143
},
{
    "fields": {
        "edge": "e6a6a34c321c5cf5fd0ff0047f567cfc",
        "cost": 1.0
    },
    "model": "graph.edgecost",
    "pk": 144
},
{
    "fields": {
        "edge": "0ff225eb915dee64eef5ecdbe9d7858b",
        "cost": 1.0
    },
    "model": "graph.edgecost",
    "pk": 145
},
{
    "fields": {
        "edge": "290d55c063cb7ad107424c261e53ce9d",
        "cost": 1.0
    },
    "model": "graph.edgecost",
    "pk": 146
},
{
    "fields": {
        "edge": "4787b389ae8b331e5ae9d42ed8c68373",
        "cost": 1.0
    },
    "model": "graph.edgecost",
    "pk": 147
},
{
    "fields": {
        "edge": "a40fbd2f51541e24e1d8231a6f4e312c",
        "cost": 1.0
    },
    "model": "graph.edgecost",
    "pk": 148
},
{
    "fields": {
        "edge": "a950a519f55202a71140ea3bcc1882c0",
        "cost": 1.0
    },
    "model": "graph.edgecost",
    "pk": 149
},
{
    "fields": {
        "edge": "bf5036c2c7fe7234815d2361dd45fb61",
        "cost": 1.0
    },
    "model": "graph.edgecost",
    "pk": 150
},
{
    "fields": {
        "edge": "c68d23be8644530d6286106df7f17412",
        "cost": 1.0
    },
    "model": "graph.edgecost",
    "pk": 151
},
{
    "fields": {
        "edge": "e6a6a34c321c5cf5fd0ff0047f567cfc",
        "cost": 1.0
    },
    "model": "graph.edgecost",
    "pk": 152
},
{
    "fields": {
        "edge": "0ff225eb915dee64eef5ecdbe9d7858b",
        "cost": 1.0
    },
    "model": "graph.edgecost",
    "pk": 153
},
{
    "fields": {
        "edge": "290d55c063cb7ad107424c261e53ce9d",
        "cost": 1.0
    },
    "model": "graph.edgecost",
    "pk": 154
},
{
    "fields": {
        "edge": "4787b389ae8b331e5ae9d42ed8c68373",
        "cost": 1.0
    },
    "model": "graph.edgecost",
    "pk": 155
},
{
    "fields": {
        "edge": "a40fbd2f51541e24e1d8231a6f4e312c",
        "cost": 1.0
    },
    "model": "graph.edgecost",
    "pk": 156
},
{
    "fields": {
        "edge": "a950a519f55202a71140ea3bcc1882c0",
        "cost": 1.0
    },
    "model": "graph.edgecost",
    "pk": 157
},
{
    "fields": {
        "edge": "bf5036c2c7fe7234815d2361dd45fb61",
        "cost": 1.0
    },
    "model": "graph.edgecost",
    "pk": 158
},
{
    "fields": {
        "edge": "c68d23be8644530d6286106df7f17412",
        "cost": 1.0
    },
    "model": "graph.edgecost",
    "pk": 159
},
{
    "fields": {
        "edge": "e6a6a34c321c5cf5fd0ff0047f567cfc",
        "cost": 1.0
    },
    "model": "graph.edgecost",
    "pk": 160
},
{
    "fields": {
        "edge": "0ff225eb915dee64eef5ecdbe9d7858b",
        "cost": 1.0
    },
    "model": "graph.edgecost",
    "pk": 161
},
{
    "fields": {
        "edge": "290d55c063cb7ad107424c261e53ce9d",
        "cost": 1.0
    },
    "model": "graph.edgecost",
    "pk": 162
},
{
    "fields": {
        "edge": "4787b389ae8b331e5ae9d42ed8c68373",
        "cost": 1.0
    },
    "model": "graph.edgecost",
    "pk": 163
},
{
    "fields": {
        "edge": "a40fbd2f51541e24e1d8231a6f4e312c",
        "cost": 1.0
    },
    "model": "graph.edgecost",
    "pk": 164
},
{
    "fields": {
        "edge": "a950a519f55202a71140ea3bcc1882c0",
        "cost": 1.0
    },
    "model": "graph.edgecost",
    "pk": 165
},
{
    "fields": {
        "edge": "bf5036c2c7fe7234815d2361dd45fb61",
        "cost": 1.0
    },
    "model": "graph.edgecost",
    "pk": 166
},
{
    "fields": {
        "edge": "c68d23be8644530d6286106df7f17412",
        "cost": 1.0
    },
    "model": "graph.edgecost",
    "pk": 167
},
{
    "fields": {
        "edge": "e6a6a34c321c5cf5fd0ff0047f567cfc",
        "cost": 1.0
    },
    "model": "graph.edgecost",
    "pk": 168
},
{
    "fields": {
        "edge": "0ff225eb915dee64eef5ecdbe9d7858b",
        "cost": 1.0
    },
    "model": "graph.edgecost",
    "pk": 169
},
{
    "fields": {
        "edge": "290d55c063cb7ad107424c261e53ce9d",
        "cost": 1.0
    },
    "model": "graph.edgecost",
    "pk": 170
},
{
    "fields": {
        "edge": "4787b389ae8b331e5ae9d42ed8c68373",
        "cost": 1.0
    },
    "model": "graph.edgecost",
    "pk": 171
},
{
    "fields": {
        "edge": "a40fbd2f51541e24e1d8231a6f4e312c",
        "cost": 1.0
    },
    "model": "graph.edgecost",
    "pk": 172
},
{
    "fields": {
        "edge": "a950a519f55202a71140ea3bcc1882c0",
        "cost": 1.0
    },
    "model": "graph.edgecost",
    "pk": 173
},
{
    "fields": {
        "edge": "bf5036c2c7fe7234815d2361dd45fb61",
        "cost": 1.0
    },
    "model": "graph.edgecost",
    "pk": 174
},
{
    "fields": {
        "edge": "c68d23be8644530d6286106df7f17412",
        "cost": 1.0
    },
    "model": "graph.edgecost",
    "pk": 175
},
{
    "fields": {
        "edge": "e6a6a34c321c5cf5fd0ff0047f567cfc",
        "cost": 1.0
    },
    "model": "graph.edgecost",
    "pk": 176
},
{
    "fields": {
        "edge": "0ff225eb915dee64eef5ecdbe9d7858b",
        "cost": 1.0
    },
    "model": "graph.edgecost",
    "pk": 177
},
{
    "fields": {
        "edge": "290d55c063cb7ad107424c261e53ce9d",
        "cost": 1.0
    },
    "model": "graph.edgecost",
    "pk": 178
},
{
    "fields": {
        "edge": "4787b389ae8b331e5ae9d42ed8c68373",
        "cost": 1.0
    },
    "model": "graph.edgecost",
    "pk": 179
},
{
    "fields": {
        "edge": "a40fbd2f51541e24e1d8231a6f4e312c",
        "cost": 1.0
    },
    "model": "graph.edgecost",
    "pk": 180
},
{
    "fields": {
        "edge": "a950a519f55202a71140ea3bcc1882c0",
        "cost": 1.0
    },
    "model": "graph.edgecost",
    "pk": 181
},
{
    "fields": {
        "edge": "bf5036c2c7fe7234815d2361dd45fb61",
        "cost": 1.0
    },
    "model": "graph.edgecost",
    "pk": 182
},
{
    "fields": {
        "edge": "c68d23be8644530d6286106df7f17412",
        "cost": 1.0
    },
    "model": "graph.edgecost",
    "pk": 183
},
{
    "fields": {
        "edge": "e6a6a34c321c5cf5fd0ff0047f567cfc",
        "cost": 1.0
    },
    "model": "graph.edgecost",
    "pk": 184
},
{
    "fields": {
        "edge": "0ff225eb915dee64eef5ecdbe9d7858b",
        "cost": 1.0
    },
    "model": "graph.edgecost",
    "pk": 185
},
{
    "fields": {
        "edge": "290d55c063cb7ad107424c261e53ce9d",
        "cost": 1.0
    },
    "model": "graph.edgecost",
    "pk": 186
},
{
    "fields": {
        "edge": "4787b389ae8b331e5ae9d42ed8c68373",
        "cost": 1.0
    },
    "model": "graph.edgecost",
    "pk": 187
},
{
    "fields": {
        "edge": "a40fbd2f51541e24e1d8231a6f4e312c",
        "cost": 1.0
    },
    "model": "graph.edgecost",
    "pk": 188
},
{
    "fields": {
        "edge": "a950a519f55202a71140ea3bcc1882c0",
        "cost": 1.0
    },
    "model": "graph.edgecost",
    "pk": 189
},
{
    "fields": {
        "edge": "bf5036c2c7fe7234815d2361dd45fb61",
        "cost": 1.0
    },
    "model": "graph.edgecost",
    "pk": 190
},
{
    "fields": {
        "edge": "c68d23be8644530d6286106df7f17412",
        "cost": 1.0
    },
    "model": "graph.edgecost",
    "pk": 191
},
{
    "fields": {
        "edge": "e6a6a34c321c5cf5fd0ff0047f567cfc",
        "cost": 1.0
    },
    "model": "graph.edgecost",
    "pk": 192
},
{
    "fields": {
        "edge": "0ff225eb915dee64eef5ecdbe9d7858b",
        "cost": 1.0
    },
    "model": "graph.edgecost",
    "pk": 193
},
{
    "fields": {
        "edge": "290d55c063cb7ad107424c261e53ce9d",
        "cost": 1.0
    },
    "model": "graph.edgecost",
    "pk": 194
},
{
    "fields": {
        "edge": "4787b389ae8b331e5ae9d42ed8c68373",
        "cost": 1.0
    },
    "model": "graph.edgecost",
    "pk": 195
},
{
    "fields": {
        "edge": "a40fbd2f51541e24e1d8231a6f4e312c",
        "cost": 1.0
    },
    "model": "graph.edgecost",
    "pk": 196
},
{
    "fields": {
        "edge": "a950a519f55202a71140ea3bcc1882c0",
        "cost": 1.0
    },
    "model": "graph.edgecost",
    "pk": 197
},
{
    "fields": {
        "edge": "bf5036c2c7fe7234815d2361dd45fb61",
        "cost": 1.0
    },
    "model": "graph.edgecost",
    "pk": 198
},
{
    "fields": {
        "edge": "c68d23be8644530d6286106df7f17412",
        "cost": 1.0
    },
    "model": "graph.edgecost",
    "pk": 199
},
{
    "fields": {
        "edge": "e6a6a34c321c5cf5fd0ff0047f567cfc",
        "cost": 1.0
    },
    "model": "graph.edgecost",
    "pk": 200
},
{
    "fields": {
        "edge": "0ff225eb915dee64eef5ecdbe9d7858b",
        "cost": 1.0
    },
    "model": "graph.edgecost",
    "pk": 201
},
{
    "fields": {
        "edge": "290d55c063cb7ad107424c261e53ce9d",
        "cost": 1.0
    },
    "model": "graph.edgecost",
    "pk": 202
},
{
    "fields": {
        "edge": "4787b389ae8b331e5ae9d42ed8c68373",
        "cost": 1.0
    },
    "model": "graph.edgecost",
    "pk": 203
},
{
    "fields": {
        "edge": "a40fbd2f51541e24e1d8231a6f4e312c",
        "cost": 1.0
    },
    "model": "graph.edgecost",
    "pk": 204
},
{
    "fields": {
        "edge": "a950a519f55202a71140ea3bcc1882c0",
        "cost": 1.0
    },
    "model": "graph.edgecost",
    "pk": 205
},
{
    "fields": {
        "edge": "bf5036c2c7fe7234815d2361dd45fb61",
        "cost": 1.0
    },
    "model": "graph.edgecost",
    "pk": 206
},
{
    "fields": {
        "edge": "c68d23be8644530d6286106df7f17412",
        "cost": 1.0
    },
    "model": "graph.edgecost",
    "pk": 207
},
{
    "fields": {
        "edge": "e6a6a34c321c5cf5fd0ff0047f567cfc",
        "cost": 1.0
    },
    "model": "graph.edgecost",
    "pk": 208
},
{
    "fields": {
        "edge": "0ff225eb915dee64eef5ecdbe9d7858b",
        "cost": 1.0
    },
    "model": "graph.edgecost",
    "pk": 209
},
{
    "fields": {
        "edge": "290d55c063cb7ad107424c261e53ce9d",
        "cost": 1.0
    },
    "model": "graph.edgecost",
    "pk": 210
},
{
    "fields": {
        "edge": "4787b389ae8b331e5ae9d42ed8c68373",
        "cost": 1.0
    },
    "model": "graph.edgecost",
    "pk": 211
},
{
    "fields": {
        "edge": "a40fbd2f51541e24e1d8231a6f4e312c",
        "cost": 1.0
    },
    "model": "graph.edgecost",
    "pk": 212
},
{
    "fields": {
        "edge": "a950a519f55202a71140ea3bcc1882c0",
        "cost": 1.0
    },
    "model": "graph.edgecost",
    "pk": 213
},
{
    "fields": {
        "edge": "bf5036c2c7fe7234815d2361dd45fb61",
        "cost": 1.0
    },
    "model": "graph.edgecost",
    "pk": 214
},
{
    "fields": {
        "edge": "c68d23be8644530d6286106df7f17412",
        "cost": 1.0
    },
    "model": "graph.edgecost",
    "pk": 215
},
{
    "fields": {
        "edge": "e6a6a34c321c5cf5fd0ff0047f567cfc",
        "cost": 1.0
    },
    "model": "graph.edgecost",
    "pk": 216
},
{
    "fields": {
        "edge": "0ff225eb915dee64eef5ecdbe9d7858b",
        "cost": 1.0
    },
    "model": "graph.edgecost",
    "pk": 217
},
{
    "fields": {
        "edge": "290d55c063cb7ad107424c261e53ce9d",
        "cost": 1.0
    },
    "model": "graph.edgecost",
    "pk": 218
},
{
    "fields": {
        "edge": "4787b389ae8b331e5ae9d42ed8c68373",
        "cost": 1.0
    },
    "model": "graph.edgecost",
    "pk": 219
},
{
    "fields": {
        "edge": "a40fbd2f51541e24e1d8231a6f4e312c",
        "cost": 1.0
    },
    "model": "graph.edgecost",
    "pk": 220
},
{
    "fields": {
        "edge": "a950a519f55202a71140ea3bcc1882c0",
        "cost": 1.0
    },
    "model": "graph.edgecost",
    "pk": 221
},
{
    "fields": {
        "edge": "bf5036c2c7fe7234815d2361dd45fb61",
        "cost": 1.0
    },
    "model": "graph.edgecost",
    "pk": 222
},
{
    "fields": {
        "edge": "c68d23be8644530d6286106df7f17412",
        "cost": 1.0
    },
    "model": "graph.edgecost",
    "pk": 223
},
{
    "fields": {
        "edge": "e6a6a34c321c5cf5fd0ff0047f567cfc",
        "cost": 1.0
    },
    "model": "graph.edgecost",
    "pk": 224
},
{
    "fields": {
        "edge": "0ff225eb915dee64eef5ecdbe9d7858b",
        "cost": 1.0
    },
    "model": "graph.edgecost",
    "pk": 225
},
{
    "fields": {
        "edge": "290d55c063cb7ad107424c261e53ce9d",
        "cost": 1.0
    },
    "model": "graph.edgecost",
    "pk": 226
},
{
    "fields": {
        "edge": "4787b389ae8b331e5ae9d42ed8c68373",
        "cost": 1.0
    },
    "model": "graph.edgecost",
    "pk": 227
},
{
    "fields": {
        "edge": "a40fbd2f51541e24e1d8231a6f4e312c",
        "cost": 1.0
    },
    "model": "graph.edgecost",
    "pk": 228
},
{
    "fields": {
        "edge": "a950a519f55202a71140ea3bcc1882c0",
        "cost": 1.0
    },
    "model": "graph.edgecost",
    "pk": 229
},
{
    "fields": {
        "edge": "bf5036c2c7fe7234815d2361dd45fb61",
        "cost": 1.0
    },
    "model": "graph.edgecost",
    "pk": 230
},
{
    "fields": {
        "edge": "c68d23be8644530d6286106df7f17412",
        "cost": 1.0
    },
    "model": "graph.edgecost",
    "pk": 231
},
{
    "fields": {
        "edge": "e6a6a34c321c5cf5fd0ff0047f567cfc",
        "cost": 1.0
    },
    "model": "graph.edgecost",
    "pk": 232
},
{
    "fields": {
        "edge": "0ff225eb915dee64eef5ecdbe9d7858b",
        "cost": 1.0
    },
    "model": "graph.edgecost",
    "pk": 233
},
{
    "fields": {
        "edge": "290d55c063cb7ad107424c261e53ce9d",
        "cost": 1.0
    },
    "model": "graph.edgecost",
    "pk": 234
},
{
    "fields": {
        "edge": "4787b389ae8b331e5ae9d42ed8c68373",
        "cost": 1.0
    },
    "model": "graph.edgecost",
    "pk": 235
},
{
    "fields": {
        "edge": "a40fbd2f51541e24e1d8231a6f4e312c",
        "cost": 1.0
    },
    "model": "graph.edgecost",
    "pk": 236
},
{
    "fields": {
        "edge": "a950a519f55202a71140ea3bcc1882c0",
        "cost": 1.0
    },
    "model": "graph.edgecost",
    "pk": 237
},
{
    "fields": {
        "edge": "bf5036c2c7fe7234815d2361dd45fb61",
        "cost": 1.0
    },
    "model": "graph.edgecost",
    "pk": 238
},
{
    "fields": {
        "edge": "c68d23be8644530d6286106df7f17412",
        "cost": 1.0
    },
    "model": "graph.edgecost",
    "pk": 239
},
{
    "fields": {
        "edge": "e6a6a34c321c5cf5fd0ff0047f567cfc",
        "cost": 1.0
    },
    "model": "graph.edgecost",
    "pk": 240
},
{
    "fields": {
        "edge": "0ff225eb915dee64eef5ecdbe9d7858b",
        "cost": 1.0
    },
    "model": "graph.edgecost",
    "pk": 241
},
{
    "fields": {
        "edge": "290d55c063cb7ad107424c261e53ce9d",
        "cost": 1.0
    },
    "model": "graph.edgecost",
    "pk": 242
},
{
    "fields": {
        "edge": "4787b389ae8b331e5ae9d42ed8c68373",
        "cost": 1.0
    },
    "model": "graph.edgecost",
    "pk": 243
},
{
    "fields": {
        "edge": "a40fbd2f51541e24e1d8231a6f4e312c",
        "cost": 1.0
    },
    "model": "graph.edgecost",
    "pk": 244
},
{
    "fields": {
        "edge": "a950a519f55202a71140ea3bcc1882c0",
        "cost": 1.0
    },
    "model": "graph.edgecost",
    "pk": 245
},
{
    "fields": {
        "edge": "bf5036c2c7fe7234815d2361dd45fb61",
        "cost": 1.0
    },
    "model": "graph.edgecost",
    "pk": 246
},
{
    "fields": {
        "edge": "c68d23be8644530d6286106df7f17412",
        "cost": 1.0
    },
    "model": "graph.edgecost",
    "pk": 247
},
{
    "fields": {
        "edge": "e6a6a34c321c5cf5fd0ff0047f567cfc",
        "cost": 1.0
    },
    "model": "graph.edgecost",
    "pk": 248
},
{
    "fields": {
        "edge": "0ff225eb915dee64eef5ecdbe9d7858b",
        "cost": 1.0
    },
    "model": "graph.edgecost",
    "pk": 249
},
{
    "fields": {
        "edge": "290d55c063cb7ad107424c261e53ce9d",
        "cost": 1.0
    },
    "model": "graph.edgecost",
    "pk": 250
},
{
    "fields": {
        "edge": "4787b389ae8b331e5ae9d42ed8c68373",
        "cost": 1.0
    },
    "model": "graph.edgecost",
    "pk": 251
},
{
    "fields": {
        "edge": "a40fbd2f51541e24e1d8231a6f4e312c",
        "cost": 1.0
    },
    "model": "graph.edgecost",
    "pk": 252
},
{
    "fields": {
        "edge": "a950a519f55202a71140ea3bcc1882c0",
        "cost": 1.0
    },
    "model": "graph.edgecost",
    "pk": 253
},
{
    "fields": {
        "edge": "bf5036c2c7fe7234815d2361dd45fb61",
        "cost": 1.0
    },
    "model": "graph.edgecost",
    "pk": 254
},
{
    "fields": {
        "edge": "c68d23be8644530d6286106df7f17412",
        "cost": 1.0
    },
    "model": "graph.edgecost",
    "pk": 255
},
{
    "fields": {
        "edge": "e6a6a34c321c5cf5fd0ff0047f567cfc",
        "cost": 1.0
    },
    "model": "graph.edgecost",
    "pk": 256
},
{
    "fields": {
        "graph": "g1",
        "edge_costs": [
            1,
            2,
            3,
            4,
            5,
            6,
            7,
            8
        ]
    },
    "model": "graph.graphcost",
    "pk": 1
},
{
    "fields": {
        "graph": "g1",
        "edge_costs": [
            9,
            10,
            11,
            12,
            13,
            14,
            15,
            16
        ]
    },
    "model": "graph.graphcost",
    "pk": 2
},
{
    "fields": {
        "graph": "g1",
        "edge_costs": [
            17,
            18,
            19,
            20,
            21,
            22,
            23,
            24
        ]
    },
    "model": "graph.graphcost",
    "pk": 3
},
{
    "fields": {
        "graph": "g1",
        "edge_costs": [
            25,
            26,
            27,
            28,
            29,
            30,
            31,
            32
        ]
    },
    "model": "graph.graphcost",
    "pk": 4
},
{
    "fields": {
        "graph": "g1",
        "edge_costs": [
            33,
            34,
            35,
            36,
            37,
            38,
            39,
            40
        ]
    },
    "model": "graph.graphcost",
    "pk": 5
},
{
    "fields": {
        "graph": "g1",
        "edge_costs": [
            41,
            42,
            43,
            44,
            45,
            46,
            47,
            48
        ]
    },
    "model": "graph.graphcost",
    "pk": 6
},
{
    "fields": {
        "graph": "g1",
        "edge_costs": [
            49,
            50,
            51,
            52,
            53,
            54,
            55,
            56
        ]
    },
    "model": "graph.graphcost",
    "pk": 7
},
{
    "fields": {
        "graph": "g1",
        "edge_costs": [
            57,
            58,
            59,
            60,
            61,
            62,
            63,
            64
        ]
    },
    "model": "graph.graphcost",
    "pk": 8
},
{
    "fields": {
        "graph": "g1",
        "edge_costs": [
            65,
            66,
            67,
            68,
            69,
            70,
            71,
            72
        ]
    },
    "model": "graph.graphcost",
    "pk": 9
},
{
    "fields": {
        "graph": "g1",
        "edge_costs": [
            73,
            74,
            75,
            76,
            77,
            78,
            79,
            80
        ]
    },
    "model": "graph.graphcost",
    "pk": 10
},
{
    "fields": {
        "graph": "g1",
        "edge_costs": [
            81,
            82,
            83,
            84,
            85,
            86,
            87,
            88
        ]
    },
    "model": "graph.graphcost",
    "pk": 11
},
{
    "fields": {
        "graph": "g1",
        "edge_costs": [
            89,
            90,
            91,
            92,
            93,
            94,
            95,
            96
        ]
    },
    "model": "graph.graphcost",
    "pk": 12
},
{
    "fields": {
        "graph": "g1",
        "edge_costs": [
            97,
            98,
            99,
            100,
            101,
            102,
            103,
            104
        ]
    },
    "model": "graph.graphcost",
    "pk": 13
},
{
    "fields": {
        "graph": "g1",
        "edge_costs": [
            105,
            106,
            107,
            108,
            109,
            110,
            111,
            112
        ]
    },
    "model": "graph.graphcost",
    "pk": 14
},
{
    "fields": {
        "graph": "g1",
        "edge_costs": [
            113,
            114,
            115,
            116,
            117,
            118,
            119,
            120
        ]
    },
    "model": "graph.graphcost",
    "pk": 15
},
{
    "fields": {
        "graph": "g1",
        "edge_costs": [
            121,
            122,
            123,
            124,
            125,
            126,
            127,
            128
        ]
    },
    "model": "graph.graphcost",
    "pk": 16
},
{
    "fields": {
        "graph": "g1",
        "edge_costs": [
            129,
            130,
            131,
            132,
            133,
            134,
            135,
            136
        ]
    },
    "model": "graph.graphcost",
    "pk": 17
},
{
    "fields": {
        "graph": "g1",
        "edge_costs": [
            137,
            138,
            139,
            140,
            141,
            142,
            143,
            144
        ]
    },
    "model": "graph.graphcost",
    "pk": 18
},
{
    "fields": {
        "graph": "g1",
        "edge_costs": [
            145,
            146,
            147,
            148,
            149,
            150,
            151,
            152
        ]
    },
    "model": "graph.graphcost",
    "pk": 19
},
{
    "fields": {
        "graph": "g1",
        "edge_costs": [
            153,
            154,
            155,
            156,
            157,
            158,
            159,
            160
        ]
    },
    "model": "graph.graphcost",
    "pk": 20
},
{
    "fields": {
        "graph": "g1",
        "edge_costs": [
            161,
            162,
            163,
            164,
            165,
            166,
            167,
            168
        ]
    },
    "model": "graph.graphcost",
    "pk": 21
},
{
    "fields": {
        "graph": "g1",
        "edge_costs": [
            169,
            170,
            171,
            172,
            173,
            174,
            175,
            176
        ]
    },
    "model": "graph.graphcost",
    "pk": 22
},
{
    "fields": {
        "graph": "g1",
        "edge_costs": [
            177,
            178,
            179,
            180,
            181,
            182,
            183,
            184
        ]
    },
    "model": "graph.graphcost",
    "pk": 23
},
{
    "fields": {
        "graph": "g1",
        "edge_costs": [
            185,
            186,
            187,
            188,
            189,
            190,
            191,
            192
        ]
    },
    "model": "graph.graphcost",
    "pk": 24
},
{
    "fields": {
        "graph": "g1",
        "edge_costs": [
            193,
            194,
            195,
            196,
            197,
            198,
            199,
            200
        ]
    },
    "model": "graph.graphcost",
    "pk": 25
},
{
    "fields": {
        "graph": "g1",
        "edge_costs": [
            201,
            202,
            203,
            204,
            205,
            206,
            207,
            208
        ]
    },
    "model": "graph.graphcost",
    "pk": 26
},
{
    "fields": {
        "graph": "g1",
        "edge_costs": [
            209,
            210,
            211,
            212,
            213,
            214,
            215,
            216
        ]
    },
    "model": "graph.graphcost",
    "pk": 27
},
{
    "fields": {
        "graph": "g1",
        "edge_costs": [
            217,
            218,
            219,
            220,
            221,
            222,
            223,
            224
        ]
    },
    "model": "graph.graphcost",
    "pk": 28
},
{
    "fields": {
        "graph": "g1",
        "edge_costs": [
            225,
            226,
            227,
            228,
            229,
            230,
            231,
            232
        ]
    },
    "model": "graph.graphcost",
    "pk": 29
},
{
    "fields": {
        "graph": "g1",
        "edge_costs": [
            233,
            234,
            235,
            236,
            237,
            238,
            239,
            240
        ]
    },
    "model": "graph.graphcost",
    "pk": 30
},
{
    "fields": {
        "graph": "g1",
        "edge_costs": [
            241,
            242,
            243,
            244,
            245,
            246,
            247,
            248
        ]
    },
    "model": "graph.graphcost",
    "pk": 31
},
{
    "fields": {
        "graph": "g1",
        "edge_costs": [
            249,
            250,
            251,
            252,
            253,
            254,
            255,
            256
        ]
    },
    "model": "graph.graphcost",
    "pk": 32
},
{
    "fields": {
        "current_turn": 33,
        "started": true,
        "graph": "g1",
        "game_loop_time": "2015-08-18T23:13:04.405Z",
        "edge_highlight": true,
        "stopped": true,
        "turns": [
            1,
            2,
            3,
            4,
            5,
            6,
            7,
            8,
            9,
            10,
            11,
            12,
            13,
            14,
            15,
            16,
            17,
            18,
            19,
            20,
            21,
            22,
            23,
            24,
            25,
            26,
            27,
            28,
            29,
            30,
            31,
            32
        ]
    },
    "model": "graph.game",
    "pk": "game"
},
{
    "fields": {
        "codename": "add_permission",
        "name": "Can add permission",
        "content_type": 1
    },
    "model": "auth.permission",
    "pk": 1
},
{
    "fields": {
        "codename": "change_permission",
        "name": "Can change permission",
        "content_type": 1
    },
    "model": "auth.permission",
    "pk": 2
},
{
    "fields": {
        "codename": "delete_permission",
        "name": "Can delete permission",
        "content_type": 1
    },
    "model": "auth.permission",
    "pk": 3
},
{
    "fields": {
        "codename": "add_group",
        "name": "Can add group",
        "content_type": 2
    },
    "model": "auth.permission",
    "pk": 4
},
{
    "fields": {
        "codename": "change_group",
        "name": "Can change group",
        "content_type": 2
    },
    "model": "auth.permission",
    "pk": 5
},
{
    "fields": {
        "codename": "delete_group",
        "name": "Can delete group",
        "content_type": 2
    },
    "model": "auth.permission",
    "pk": 6
},
{
    "fields": {
        "codename": "add_user",
        "name": "Can add user",
        "content_type": 3
    },
    "model": "auth.permission",
    "pk": 7
},
{
    "fields": {
        "codename": "change_user",
        "name": "Can change user",
        "content_type": 3
    },
    "model": "auth.permission",
    "pk": 8
},
{
    "fields": {
        "codename": "delete_user",
        "name": "Can delete user",
        "content_type": 3
    },
    "model": "auth.permission",
    "pk": 9
},
{
    "fields": {
        "codename": "add_contenttype",
        "name": "Can add content type",
        "content_type": 4
    },
    "model": "auth.permission",
    "pk": 10
},
{
    "fields": {
        "codename": "change_contenttype",
        "name": "Can change content type",
        "content_type": 4
    },
    "model": "auth.permission",
    "pk": 11
},
{
    "fields": {
        "codename": "delete_contenttype",
        "name": "Can delete content type",
        "content_type": 4
    },
    "model": "auth.permission",
    "pk": 12
},
{
    "fields": {
        "codename": "add_session",
        "name": "Can add session",
        "content_type": 5
    },
    "model": "auth.permission",
    "pk": 13
},
{
    "fields": {
        "codename": "change_session",
        "name": "Can change session",
        "content_type": 5
    },
    "model": "auth.permission",
    "pk": 14
},
{
    "fields": {
        "codename": "delete_session",
        "name": "Can delete session",
        "content_type": 5
    },
    "model": "auth.permission",
    "pk": 15
},
{
    "fields": {
        "codename": "add_taskmeta",
        "name": "Can add task state",
        "content_type": 6
    },
    "model": "auth.permission",
    "pk": 16
},
{
    "fields": {
        "codename": "change_taskmeta",
        "name": "Can change task state",
        "content_type": 6
    },
    "model": "auth.permission",
    "pk": 17
},
{
    "fields": {
        "codename": "delete_taskmeta",
        "name": "Can delete task state",
        "content_type": 6
    },
    "model": "auth.permission",
    "pk": 18
},
{
    "fields": {
        "codename": "add_tasksetmeta",
        "name": "Can add saved group result",
        "content_type": 7
    },
    "model": "auth.permission",
    "pk": 19
},
{
    "fields": {
        "codename": "change_tasksetmeta",
        "name": "Can change saved group result",
        "content_type": 7
    },
    "model": "auth.permission",
    "pk": 20
},
{
    "fields": {
        "codename": "delete_tasksetmeta",
        "name": "Can delete saved group result",
        "content_type": 7
    },
    "model": "auth.permission",
    "pk": 21
},
{
    "fields": {
        "codename": "add_intervalschedule",
        "name": "Can add interval",
        "content_type": 8
    },
    "model": "auth.permission",
    "pk": 22
},
{
    "fields": {
        "codename": "change_intervalschedule",
        "name": "Can change interval",
        "content_type": 8
    },
    "model": "auth.permission",
    "pk": 23
},
{
    "fields": {
        "codename": "delete_intervalschedule",
        "name": "Can delete interval",
        "content_type": 8
    },
    "model": "auth.permission",
    "pk": 24
},
{
    "fields": {
        "codename": "add_crontabschedule",
        "name": "Can add crontab",
        "content_type": 9
    },
    "model": "auth.permission",
    "pk": 25
},
{
    "fields": {
        "codename": "change_crontabschedule",
        "name": "Can change crontab",
        "content_type": 9
    },
    "model": "auth.permission",
    "pk": 26
},
{
    "fields": {
        "codename": "delete_crontabschedule",
        "name": "Can delete crontab",
        "content_type": 9
    },
    "model": "auth.permission",
    "pk": 27
},
{
    "fields": {
        "codename": "add_periodictasks",
        "name": "Can add periodic tasks",
        "content_type": 10
    },
    "model": "auth.permission",
    "pk": 28
},
{
    "fields": {
        "codename": "change_periodictasks",
        "name": "Can change periodic tasks",
        "content_type": 10
    },
    "model": "auth.permission",
    "pk": 29
},
{
    "fields": {
        "codename": "delete_periodictasks",
        "name": "Can delete periodic tasks",
        "content_type": 10
    },
    "model": "auth.permission",
    "pk": 30
},
{
    "fields": {
        "codename": "add_periodictask",
        "name": "Can add periodic task",
        "content_type": 11
    },
    "model": "auth.permission",
    "pk": 31
},
{
    "fields": {
        "codename": "change_periodictask",
        "name": "Can change periodic task",
        "content_type": 11
    },
    "model": "auth.permission",
    "pk": 32
},
{
    "fields": {
        "codename": "delete_periodictask",
        "name": "Can delete periodic task",
        "content_type": 11
    },
    "model": "auth.permission",
    "pk": 33
},
{
    "fields": {
        "codename": "add_workerstate",
        "name": "Can add worker",
        "content_type": 12
    },
    "model": "auth.permission",
    "pk": 34
},
{
    "fields": {
        "codename": "change_workerstate",
        "name": "Can change worker",
        "content_type": 12
    },
    "model": "auth.permission",
    "pk": 35
},
{
    "fields": {
        "codename": "delete_workerstate",
        "name": "Can delete worker",
        "content_type": 12
    },
    "model": "auth.permission",
    "pk": 36
},
{
    "fields": {
        "codename": "add_taskstate",
        "name": "Can add task",
        "content_type": 13
    },
    "model": "auth.permission",
    "pk": 37
},
{
    "fields": {
        "codename": "change_taskstate",
        "name": "Can change task",
        "content_type": 13
    },
    "model": "auth.permission",
    "pk": 38
},
{
    "fields": {
        "codename": "delete_taskstate",
        "name": "Can delete task",
        "content_type": 13
    },
    "model": "auth.permission",
    "pk": 39
},
{
    "fields": {
        "codename": "add_user",
        "name": "Can add user",
        "content_type": 14
    },
    "model": "auth.permission",
    "pk": 40
},
{
    "fields": {
        "codename": "change_user",
        "name": "Can change user",
        "content_type": 14
    },
    "model": "auth.permission",
    "pk": 41
},
{
    "fields": {
        "codename": "delete_user",
        "name": "Can delete user",
        "content_type": 14
    },
    "model": "auth.permission",
    "pk": 42
},
{
    "fields": {
        "codename": "add_graph",
        "name": "Can add graph",
        "content_type": 15
    },
    "model": "auth.permission",
    "pk": 43
},
{
    "fields": {
        "codename": "change_graph",
        "name": "Can change graph",
        "content_type": 15
    },
    "model": "auth.permission",
    "pk": 44
},
{
    "fields": {
        "codename": "delete_graph",
        "name": "Can delete graph",
        "content_type": 15
    },
    "model": "auth.permission",
    "pk": 45
},
{
    "fields": {
        "codename": "add_node",
        "name": "Can add node",
        "content_type": 16
    },
    "model": "auth.permission",
    "pk": 46
},
{
    "fields": {
        "codename": "change_node",
        "name": "Can change node",
        "content_type": 16
    },
    "model": "auth.permission",
    "pk": 47
},
{
    "fields": {
        "codename": "delete_node",
        "name": "Can delete node",
        "content_type": 16
    },
    "model": "auth.permission",
    "pk": 48
},
{
    "fields": {
        "codename": "add_playermodel",
        "name": "Can add player model",
        "content_type": 17
    },
    "model": "auth.permission",
    "pk": 49
},
{
    "fields": {
        "codename": "change_playermodel",
        "name": "Can change player model",
        "content_type": 17
    },
    "model": "auth.permission",
    "pk": 50
},
{
    "fields": {
        "codename": "delete_playermodel",
        "name": "Can delete player model",
        "content_type": 17
    },
    "model": "auth.permission",
    "pk": 51
},
{
    "fields": {
        "codename": "add_player",
        "name": "Can add player",
        "content_type": 18
    },
    "model": "auth.permission",
    "pk": 52
},
{
    "fields": {
        "codename": "change_player",
        "name": "Can change player",
        "content_type": 18
    },
    "model": "auth.permission",
    "pk": 53
},
{
    "fields": {
        "codename": "delete_player",
        "name": "Can delete player",
        "content_type": 18
    },
    "model": "auth.permission",
    "pk": 54
},
{
    "fields": {
        "codename": "add_edge",
        "name": "Can add edge",
        "content_type": 19
    },
    "model": "auth.permission",
    "pk": 55
},
{
    "fields": {
        "codename": "change_edge",
        "name": "Can change edge",
        "content_type": 19
    },
    "model": "auth.permission",
    "pk": 56
},
{
    "fields": {
        "codename": "delete_edge",
        "name": "Can delete edge",
        "content_type": 19
    },
    "model": "auth.permission",
    "pk": 57
},
{
    "fields": {
        "codename": "add_path",
        "name": "Can add path",
        "content_type": 20
    },
    "model": "auth.permission",
    "pk": 58
},
{
    "fields": {
        "codename": "change_path",
        "name": "Can change path",
        "content_type": 20
    },
    "model": "auth.permission",
    "pk": 59
},
{
    "fields": {
        "codename": "delete_path",
        "name": "Can delete path",
        "content_type": 20
    },
    "model": "auth.permission",
    "pk": 60
},
{
    "fields": {
        "codename": "add_pathflowassignment",
        "name": "Can add path flow assignment",
        "content_type": 21
    },
    "model": "auth.permission",
    "pk": 61
},
{
    "fields": {
        "codename": "change_pathflowassignment",
        "name": "Can change path flow assignment",
        "content_type": 21
    },
    "model": "auth.permission",
    "pk": 62
},
{
    "fields": {
        "codename": "delete_pathflowassignment",
        "name": "Can delete path flow assignment",
        "content_type": 21
    },
    "model": "auth.permission",
    "pk": 63
},
{
    "fields": {
        "codename": "add_gameturn",
        "name": "Can add game turn",
        "content_type": 22
    },
    "model": "auth.permission",
    "pk": 64
},
{
    "fields": {
        "codename": "change_gameturn",
        "name": "Can change game turn",
        "content_type": 22
    },
    "model": "auth.permission",
    "pk": 65
},
{
    "fields": {
        "codename": "delete_gameturn",
        "name": "Can delete game turn",
        "content_type": 22
    },
    "model": "auth.permission",
    "pk": 66
},
{
    "fields": {
        "codename": "add_flowdistribution",
        "name": "Can add flow distribution",
        "content_type": 23
    },
    "model": "auth.permission",
    "pk": 67
},
{
    "fields": {
        "codename": "change_flowdistribution",
        "name": "Can change flow distribution",
        "content_type": 23
    },
    "model": "auth.permission",
    "pk": 68
},
{
    "fields": {
        "codename": "delete_flowdistribution",
        "name": "Can delete flow distribution",
        "content_type": 23
    },
    "model": "auth.permission",
    "pk": 69
},
{
    "fields": {
        "codename": "add_edgecost",
        "name": "Can add edge cost",
        "content_type": 24
    },
    "model": "auth.permission",
    "pk": 70
},
{
    "fields": {
        "codename": "change_edgecost",
        "name": "Can change edge cost",
        "content_type": 24
    },
    "model": "auth.permission",
    "pk": 71
},
{
    "fields": {
        "codename": "delete_edgecost",
        "name": "Can delete edge cost",
        "content_type": 24
    },
    "model": "auth.permission",
    "pk": 72
},
{
    "fields": {
        "codename": "add_graphcost",
        "name": "Can add graph cost",
        "content_type": 25
    },
    "model": "auth.permission",
    "pk": 73
},
{
    "fields": {
        "codename": "change_graphcost",
        "name": "Can change graph cost",
        "content_type": 25
    },
    "model": "auth.permission",
    "pk": 74
},
{
    "fields": {
        "codename": "delete_graphcost",
        "name": "Can delete graph cost",
        "content_type": 25
    },
    "model": "auth.permission",
    "pk": 75
},
{
    "fields": {
        "codename": "add_game",
        "name": "Can add game",
        "content_type": 26
    },
    "model": "auth.permission",
    "pk": 76
},
{
    "fields": {
        "codename": "change_game",
        "name": "Can change game",
        "content_type": 26
    },
    "model": "auth.permission",
    "pk": 77
},
{
    "fields": {
        "codename": "delete_game",
        "name": "Can delete game",
        "content_type": 26
    },
    "model": "auth.permission",
    "pk": 78
},
{
    "fields": {
        "username": "root",
        "first_name": "",
        "last_name": "",
        "is_active": true,
        "is_superuser": false,
        "is_staff": false,
        "last_login": "2015-08-18T23:10:26.100Z",
        "groups": [],
        "user_permissions": [],
        "password": "pbkdf2_sha256$15000$VZR5xDSzDdOy$vjtAWII3icwk4hEF1n5PuTnZ18wAafajNGJL8oeJ0To=",
        "email": "",
        "date_joined": "2015-08-18T22:11:36.399Z"
    },
    "model": "auth.user",
    "pk": 1
},
{
    "fields": {
        "username": "u1",
        "first_name": "",
        "last_name": "",
        "is_active": true,
        "is_superuser": false,
        "is_staff": false,
        "last_login": "2015-08-18T23:10:27.959Z",
        "groups": [],
        "user_permissions": [],
        "password": "pbkdf2_sha256$15000$YsBkpu8sWc8G$Jzbt+dBhqjczr43AfbFjPZsAPk6wTHua8cKYGMmROiM=",
        "email": "",
        "date_joined": "2015-08-18T22:25:23.570Z"
    },
    "model": "auth.user",
    "pk": 2
},
{
    "fields": {
        "username": "u2",
        "first_name": "",
        "last_name": "",
        "is_active": true,
        "is_superuser": false,
        "is_staff": false,
        "last_login": "2015-08-18T23:10:29.766Z",
        "groups": [],
        "user_permissions": [],
        "password": "pbkdf2_sha256$15000$2VW7gTEunexs$cban9MQ+FZ0ZvqbovjS1eCzAUGBGLGzaqdwopJgbKco=",
        "email": "",
        "date_joined": "2015-08-18T22:25:27.658Z"
    },
    "model": "auth.user",
    "pk": 3
},
{
    "fields": {
        "flow_distribution": 65,
        "game": "game",
        "user": 2,
        "player_model": "m1"
    },
    "model": "graph.player",
    "pk": 1
},
{
    "fields": {
        "flow_distribution": 66,
        "game": "game",
        "user": 3,
        "player_model": "m2"
    },
    "model": "graph.player",
    "pk": 2
}
]
